{"meta": {"format": 3, "version": "7.10.7", "timestamp": "2025-10-05T22:53:56.744920", "branch_coverage": false, "show_contexts": false}, "files": {"ai_engine/__main__.py": {"executed_lines": [1, 7, 8, 9, 10, 13, 15, 16, 19, 21, 23, 28, 29, 30, 31, 34, 37, 42, 51, 54, 55, 57, 60, 63, 64, 66, 72, 74, 75, 76, 77, 78, 81, 84, 85, 86, 87, 88, 89, 90, 91, 92, 93, 94, 95, 98, 99, 100, 109, 110, 112, 113, 114, 115, 116, 117, 120], "summary": {"covered_lines": 56, "num_statements": 57, "percent_covered": 98.24561403508773, "percent_covered_display": "98", "missing_lines": 1, "excluded_lines": 0}, "missing_lines": [121], "excluded_lines": [], "functions": {"main": {"executed_lines": [21, 23, 28, 29, 30, 31, 34, 37, 42, 51, 54, 55, 57, 60, 63, 64, 66, 72, 74, 75, 76, 77, 78, 81, 84, 85, 86, 87, 88, 89, 90, 91, 92, 93, 94, 95, 98, 99, 100, 109, 110, 112, 113, 114, 115, 116, 117], "summary": {"covered_lines": 47, "num_statements": 47, "percent_covered": 100.0, "percent_covered_display": "100", "missing_lines": 0, "excluded_lines": 0}, "missing_lines": [], "excluded_lines": []}, "": {"executed_lines": [1, 7, 8, 9, 10, 13, 15, 16, 19, 120], "summary": {"covered_lines": 9, "num_statements": 10, "percent_covered": 90.0, "percent_covered_display": "90", "missing_lines": 1, "excluded_lines": 0}, "missing_lines": [121], "excluded_lines": []}}, "classes": {"": {"executed_lines": [1, 7, 8, 9, 10, 13, 15, 16, 19, 21, 23, 28, 29, 30, 31, 34, 37, 42, 51, 54, 55, 57, 60, 63, 64, 66, 72, 74, 75, 76, 77, 78, 81, 84, 85, 86, 87, 88, 89, 90, 91, 92, 93, 94, 95, 98, 99, 100, 109, 110, 112, 113, 114, 115, 116, 117, 120], "summary": {"covered_lines": 56, "num_statements": 57, "percent_covered": 98.24561403508773, "percent_covered_display": "98", "missing_lines": 1, "excluded_lines": 0}, "missing_lines": [121], "excluded_lines": []}}}}, "totals": {"covered_lines": 56, "num_statements": 57, "percent_covered": 98.24561403508773, "percent_covered_display": "98", "missing_lines": 1, "excluded_lines": 0}}