{"id": "anomalous_000601", "series": [45.59, 45.64, 46.73, 48.81, 48.7, 47.79, 50.93, 51.2, 49.22, 47.94, 46.76, 46.69, 49.03, 45.68, 41.43, 37.89, 42.17, 41.78, 38.03, 40.03, 40.27, 40.23, 39.31, 43.69, 46.58, 47.39, 49.07, 48.13, 49.74, 48.9, 49.09, 51.79, 46.91, 46.96, 45.12, 49.69, 41.65, 45.06, 42.37, 39.55, 37.03, 38.87, 37.54, 36.72, 38.57, 42.2, 41.44, 40.81, 43.17, 44.39, 45.32, 44.29, 46.38, 50.14, 47.27, 49.73, 46.24, 45.59, 46.23, 45.4, 42.57, 42.17, 41.41, 39.61, 38.21, 38.23, 40.95, 37.78460900619625, 40.255649494644416, 41.491508958303946, 41.5457758674958, 45.27474003935333, 47.18271507101484, 52.10422641520633, 47.851591633849196, 51.60894670145576, 60.15555569213255, 52.652604233135506, 56.84489047205317, 62.66909084882925, 58.22159162319982, 64.49621949426404, 56.70791966753815, 58.01213499063176, 58.94754738355528, 56.319030074838274, 58.93631401110739, 59.45769772377935, 60.61057034755254, 57.17092386401931, 52.917656521091345, 60.797457592510625, 59.28684482267256, 69.53539486691214, 67.38184791141174, 58.142317506592306, 82.18708201335727, 69.80547352800167, 87.91645917035873, 77.22066593275537], "labels": [0, 0, 0, 0, 0, 0, 0, 0, 0, 0, 0, 0, 0, 0, 0, 0, 0, 0, 0, 0, 0, 0, 0, 0, 0, 0, 0, 0, 0, 0, 0, 0, 0, 0, 0, 0, 0, 0, 0, 0, 0, 0, 0, 0, 0, 0, 0, 0, 0, 0, 0, 0, 0, 0, 0, 0, 0, 0, 0, 0, 0, 0, 0, 0, 0, 0, 1, 1, 1, 1, 1, 1, 1, 1, 1, 1, 1, 1, 1, 1, 1, 1, 1, 1, 1, 1, 1, 1, 1, 1, 1, 1, 1, 1, 1, 1, 1, 1, 1, 1], "is_anomalous": true, "anomaly_type": "trend_change", "anomaly_positions": [66, 67, 68, 69, 70, 71, 72, 73, 74, 75, 76, 77, 78, 79, 80, 81, 82, 83, 84, 85, 86, 87, 88, 89, 90, 91, 92, 93, 94, 95, 96, 97, 98, 99], "length": 100}