{"id": "anomalous_000410", "series": [45.63, 45.64, 49.11, 51.83, 49.36, 49.3, 46.69, 52.12, 49.32, 48.57, 45.83, 48.16, 45.53, 39.85, 43.2, 45.29, 41.47, 41.73, 43.06, 39.34, 41.14, 39.94, 41.47, 45.28, 49.98, 48.61, 48.06, 47.77, 45.6, 49.2, 51.4, 49.09, 46.29, 50.63, 51.04, 36.599785945642914, 70.69053621058832, 65.81480686983349, 36.60535783715885, 28.50784149526333, 50.66532343036353, 48.48830745490865, 15.997761836221944, 50.02823588593768, 49.935101276649846, 49.187587008236406, 27.301116172605088, 47.598953280736076, 53.14487890950895, 49.586640915967166, 50.78805557105383, 41.47836227165814, 30.541637294658724, 82.01829223463511, 40.118666570649616, 47.65, 51.04, 49.27, 46.26, 46.37, 41.87, 45.47, 41.9, 45.31, 39.37, 35.92, 37.59, 39.11, 42.77, 42.23, 41.6, 39.94, 43.91, 44.32, 43.59, 47.93, 47.45, 45.28, 46.31, 47.4, 47.81, 47.14, 46.44, 45.33, 44.21, 41.96, 44.69, 43.1, 41.9, 41.03, 42.78, 35.43, 40.85, 36.52, 40.07, 41.36, 47.15, 46.86, 43.63, 49.29], "labels": [0, 0, 0, 0, 0, 0, 0, 0, 0, 0, 0, 0, 0, 0, 0, 0, 0, 0, 0, 0, 0, 0, 0, 0, 0, 0, 0, 0, 0, 0, 0, 0, 0, 0, 0, 1, 1, 1, 1, 1, 1, 1, 1, 1, 1, 1, 1, 1, 1, 1, 1, 1, 1, 1, 1, 0, 0, 0, 0, 0, 0, 0, 0, 0, 0, 0, 0, 0, 0, 0, 0, 0, 0, 0, 0, 0, 0, 0, 0, 0, 0, 0, 0, 0, 0, 0, 0, 0, 0, 0, 0, 0, 0, 0, 0, 0, 0, 0, 0, 0], "is_anomalous": true, "anomaly_type": "variance_change", "anomaly_positions": [35, 36, 37, 38, 39, 40, 41, 42, 43, 44, 45, 46, 47, 48, 49, 50, 51, 52, 53, 54], "length": 100}