{"id": "anomalous_000238", "series": [54.63, 54.7, 53.48, 61.97, 58.57, 58.26, 56.55, 60.02, 57.95, 56.93, 55.65, 57.14, 54.56, 50.84, 52.14, 50.12, 46.72, 49.88, 50.13, 53.2, 44.58, 52.62, 53.06, 53.89, 55.39, 55.22, 60.73, 57.16, 58.36, 58.72, 59.23, 58.54, 57.85, 57.92, 56.457518282646504, 57.22395557697404, 56.52433917874628, 57.03491907939417, 50.59394216308224, 60.130147198461586, 55.589835735887355, 55.90711018138639, 57.27815964916152, 58.93016974987361, 58.00296235397245, 69.27140528324614, 66.4108315543439, 66.336042777284, 70.578818760405, 70.09208524927358, 69.84245089214647, 72.32364940177449, 73.86545071707768, 79.13726207806744, 92.52558094657104, 71.67532926162451, 75.40384950170278, 80.54874383668422, 86.48187788212545, 71.74679209385815, 81.06367775964492, 86.37188492466927, 88.10954835567662, 65.63340509610975, 72.37833337549085, 74.66617911365893, 90.14643632899066, 69.72943598268739, 95.45035960145123, 99.16822599511278, 83.89187451578928, 93.59749347941323, 90.01071870737161, 107.54442015113537, 81.9149959364252, 96.80891096472001, 87.16636451457292, 98.10258215714366, 103.27086881849269, 123.51721486282077, 105.92315625137724, 89.65207664506681, 118.33233054703197, 129.6475185241422, 125.9391436988426, 129.41062948632762, 123.39821332555393, 118.97041353786075, 124.80480427993223, 123.78356101487876, 86.5383049200056, 120.68363744095109, 128.1274075042543, 135.35088959309695, 110.97538899954421, 129.1585842368734, 123.23827538506524, 99.06517908192288, 105.69907743497558, 139.49152763134674], "labels": [0, 0, 0, 0, 0, 0, 0, 0, 0, 0, 0, 0, 0, 0, 0, 0, 0, 0, 0, 0, 0, 0, 0, 0, 0, 0, 0, 0, 0, 0, 0, 0, 0, 1, 1, 1, 1, 1, 1, 1, 1, 1, 1, 1, 1, 1, 1, 1, 1, 1, 1, 1, 1, 1, 1, 1, 1, 1, 1, 1, 1, 1, 1, 1, 1, 1, 1, 1, 1, 1, 1, 1, 1, 1, 1, 1, 1, 1, 1, 1, 1, 1, 1, 1, 1, 1, 1, 1, 1, 1, 1, 1, 1, 1, 1, 1, 1, 1, 1, 1], "is_anomalous": true, "anomaly_type": "trend_change", "anomaly_positions": [33, 34, 35, 36, 37, 38, 39, 40, 41, 42, 43, 44, 45, 46, 47, 48, 49, 50, 51, 52, 53, 54, 55, 56, 57, 58, 59, 60, 61, 62, 63, 64, 65, 66, 67, 68, 69, 70, 71, 72, 73, 74, 75, 76, 77, 78, 79, 80, 81, 82, 83, 84, 85, 86, 87, 88, 89, 90, 91, 92, 93, 94, 95, 96, 97, 98, 99], "length": 100}