{"id": "anomalous_000331", "series": [47.12, 45.21, 46.61, 49.81, 50.48, 49.22, 50.28, 52.02, 47.67, 48.36, 46.64, 44.49, 46.07, 43.93, 43.81, 39.52, 40.4, 41.5, 41.72, 39.93, 42.01, 40.54, 42.67, 42.75, 46.19, 43.85, 48.16, 48.99, 48.94, 50.66, 49.04, 48.47, 20.24497149297431, 20.50497149297431, 20.17497149297431, 18.094971492974313, 18.274971492974313, 17.17497149297431, 17.304971492974314, 15.264971492974315, 13.344971492974313, 11.78497149297431, 39.42, 39.99, 40.89, 40.09, 41.31, 44.99, 44.36, 47.35, 47.76, 47.01, 48.59, 50.18, 50.86, 50.16, 49.69, 48.56, 47.83, 46.06, 44.06, 42.63, 41.68, 40.97, 38.82, 39.38, 39.53, 40.77, 39.38, 40.8, 43.76, 42.95, 46.89, 47.1, 48.06, 48.55, 49.82, 48.83, 51.04, 52.01, 48.41, 48.28, 47.01, 45.16, 45.57, 43.17, 42.81, 41.49, 38.81, 39.38, 38.47, 40.3, 40.84, 40.23, 42.55, 43.93, 44.42, 43.63, 46.58, 48.32], "labels": [0, 0, 0, 0, 0, 0, 0, 0, 0, 0, 0, 0, 0, 0, 0, 0, 0, 0, 0, 0, 0, 0, 0, 0, 0, 0, 0, 0, 0, 0, 0, 0, 1, 1, 1, 1, 1, 1, 1, 1, 1, 1, 0, 0, 0, 0, 0, 0, 0, 0, 0, 0, 0, 0, 0, 0, 0, 0, 0, 0, 0, 0, 0, 0, 0, 0, 0, 0, 0, 0, 0, 0, 0, 0, 0, 0, 0, 0, 0, 0, 0, 0, 0, 0, 0, 0, 0, 0, 0, 0, 0, 0, 0, 0, 0, 0, 0, 0, 0, 0], "is_anomalous": true, "anomaly_type": "shift", "anomaly_positions": [32, 33, 34, 35, 36, 37, 38, 39, 40, 41], "length": 100}