{"id": "anomalous_000112", "series": [51.86, 54.25, 55.12, 54.44, 55.17, 56.26, 55.99, 57.08, 51.66, 56.34, 53.22, 50.2, 51.58, 52.62, 51.54, 46.59, 53.53, 45.66, 46.37, 50.37, 49.81, 44.74, 50.66, 51.89, 54.72, 54.44, 51.76, 61.26, 54.46, 52.82, 59.0, 56.57, 58.22, 96.1194893045926, 92.2594893045926, 89.4094893045926, 90.0994893045926, 88.0294893045926, 84.4394893045926, 85.73948930459261, 78.82948930459261, 87.1994893045926, 82.1194893045926, 48.61, 45.63, 47.08, 47.9, 52.01, 52.22, 54.59, 55.33, 51.49, 55.01, 56.01, 54.55, 54.62, 56.3, 56.07, 55.01, 52.57, 52.6, 50.73, 52.31, 50.39, 46.66, 49.46, 49.16, 42.76, 50.37, 45.9, 49.03, 52.4, 50.5, 56.44, 53.33, 56.09, 55.56, 57.47, 54.61, 53.19, 51.51, 58.67, 55.48, 50.65, 49.55, 50.15, 52.46, 51.09, 48.73, 46.72, 45.81, 46.11, 47.21, 47.97, 51.16, 51.6, 49.34, 52.98, 54.88, 52.48], "labels": [0, 0, 0, 0, 0, 0, 0, 0, 0, 0, 0, 0, 0, 0, 0, 0, 0, 0, 0, 0, 0, 0, 0, 0, 0, 0, 0, 0, 0, 0, 0, 0, 0, 1, 1, 1, 1, 1, 1, 1, 1, 1, 1, 0, 0, 0, 0, 0, 0, 0, 0, 0, 0, 0, 0, 0, 0, 0, 0, 0, 0, 0, 0, 0, 0, 0, 0, 0, 0, 0, 0, 0, 0, 0, 0, 0, 0, 0, 0, 0, 0, 0, 0, 0, 0, 0, 0, 0, 0, 0, 0, 0, 0, 0, 0, 0, 0, 0, 0, 0], "is_anomalous": true, "anomaly_type": "shift", "anomaly_positions": [33, 34, 35, 36, 37, 38, 39, 40, 41, 42], "length": 100}