{"id": "anomalous_000089", "series": [45.94, 47.03, 49.27, 50.38, 48.56, 52.46, 50.2, 52.12, 50.47, 49.78, 51.28, 49.79, 47.98, 46.28, 44.77, 42.16, 44.54, 42.11, 42.22, 44.34, 43.91, 44.15, 45.73, 44.09, 47.21, 47.15, 48.06, 50.36, 50.01, 52.11, 54.47, 52.8, 49.15, 50.68, 49.52, 47.22, 46.24, 46.19, 43.68, 44.37, 42.96, 43.67, 41.76, 40.72, 41.53, 44.26, 42.37, 47.29, 47.5, 47.09, 48.79, 51.13, 50.9, 49.27, 52.52, 49.3, 49.04, 48.8, 48.8, 46.23, 49.3, 44.7, 44.33, 41.49, 43.04, 41.31, 40.4090008273391, 46.03936345449357, 49.33708602575928, 48.42822730097515, 50.330347077476794, 50.07604606431429, 51.602137594059435, 55.28308711490568, 62.66648757296871, 64.4693316936289, 65.19724443372466, 57.83236411543541, 61.89225505683089, 61.62438696800622, 72.95583207034568, 64.31367969595102, 72.26087674102469, 56.81647336156894, 67.18496408024377, 65.20178338704946, 64.95685029855849, 55.05038351532863, 65.81893475384662, 77.53385242941056, 60.50996611353277, 62.092984875728106, 84.61860875104031, 75.5427210975258, 81.32417134148511, 66.29746901868886, 65.91592058527957, 80.95026952440463, 96.26554019987317, 85.53203725891717], "labels": [0, 0, 0, 0, 0, 0, 0, 0, 0, 0, 0, 0, 0, 0, 0, 0, 0, 0, 0, 0, 0, 0, 0, 0, 0, 0, 0, 0, 0, 0, 0, 0, 0, 0, 0, 0, 0, 0, 0, 0, 0, 0, 0, 0, 0, 0, 0, 0, 0, 0, 0, 0, 0, 0, 0, 0, 0, 0, 0, 0, 0, 0, 0, 0, 0, 1, 1, 1, 1, 1, 1, 1, 1, 1, 1, 1, 1, 1, 1, 1, 1, 1, 1, 1, 1, 1, 1, 1, 1, 1, 1, 1, 1, 1, 1, 1, 1, 1, 1, 1], "is_anomalous": true, "anomaly_type": "trend_change", "anomaly_positions": [65, 66, 67, 68, 69, 70, 71, 72, 73, 74, 75, 76, 77, 78, 79, 80, 81, 82, 83, 84, 85, 86, 87, 88, 89, 90, 91, 92, 93, 94, 95, 96, 97, 98, 99], "length": 100}