{"id": "anomalous_000018", "series": [52.09, 50.27, 52.97, 51.91, 52.18, 61.29, 55.41, 52.81, 51.9, 58.22, 50.32, 50.67, 50.4, 50.67, 51.46, 45.32, 44.03, 38.76, 46.85, 43.76, 46.3, 46.04, 48.22, 44.89, 50.33, 52.45, 55.86, 55.74, 48.39, 53.88, 57.77, 55.03, 50.41, 50.53, 51.28, 48.53, 48.69, 45.77, 46.88, 46.85, 45.35, 45.59, 47.02, 48.42, 48.47, 41.02, 46.24, 49.2, 47.03, 70.26199997434205, 73.28199997434206, 72.06199997434206, 81.11199997434205, 75.39199997434206, 75.39199997434206, 74.39199997434206, 78.35199997434205, 80.74199997434206, 74.21199997434206, 51.98, 47.45, 48.17, 44.68, 45.94, 40.22, 42.42, 41.81, 44.79, 43.17, 40.32, 45.48, 47.32, 48.64, 47.15, 48.5, 51.39, 51.24, 55.62, 53.72, 54.95, 52.48, 50.88, 49.19, 52.24, 47.84, 53.76, 45.79, 43.47, 41.97, 38.97, 45.03, 45.71, 40.83, 40.02, 45.94, 46.97, 46.56, 50.41, 46.61, 51.55], "labels": [0, 0, 0, 0, 0, 0, 0, 0, 0, 0, 0, 0, 0, 0, 0, 0, 0, 0, 0, 0, 0, 0, 0, 0, 0, 0, 0, 0, 0, 0, 0, 0, 0, 0, 0, 0, 0, 0, 0, 0, 0, 0, 0, 0, 0, 0, 0, 0, 0, 1, 1, 1, 1, 1, 1, 1, 1, 1, 1, 0, 0, 0, 0, 0, 0, 0, 0, 0, 0, 0, 0, 0, 0, 0, 0, 0, 0, 0, 0, 0, 0, 0, 0, 0, 0, 0, 0, 0, 0, 0, 0, 0, 0, 0, 0, 0, 0, 0, 0, 0], "is_anomalous": true, "anomaly_type": "shift", "anomaly_positions": [49, 50, 51, 52, 53, 54, 55, 56, 57, 58], "length": 100}