{"id": "anomalous_000443", "series": [47.57, 49.09, 48.93, 50.52, 50.31, 51.56, 54.28, 54.84, 53.83, 50.28, 51.09, 50.28, 48.96, 46.57, 44.25, 46.15, 42.91, 45.77, 45.82, 43.16, 41.24, 44.32, 46.61, 47.8, 49.42, 49.41, 50.78, 54.09, 53.96, 54.05, 54.84, 55.21, 53.12, 51.31, 52.36, 50.24, 50.53, 47.73, 47.83, 47.76, 45.75, 44.79, 44.54, 43.76, 43.67, 46.07, 47.92, 49.8, 50.29, 52.95, 54.15, 54.15, 54.06, 53.57, 56.53, 56.81939737128705, 56.16499895198739, 55.862288804678215, 54.55904863154086, 60.03500008892897, 60.47939979064726, 53.48057930392242, 54.39487382629496, 51.29979001383646, 59.79487845240804, 61.237600601829456, 52.90546154318196, 58.69421604241701, 63.952015897786275, 63.76775244637577, 68.35193828970932, 59.511629395850235, 69.51494866144078, 77.64421793903459, 76.31711390165057, 69.12243981659682, 78.86133989094307, 86.9331794138611, 71.92433204039334, 78.78375572120912, 71.413447462705, 74.35667818862157, 91.71605856129464, 95.71914758479355, 95.31274148308734, 88.11726277120682, 72.67050707483106, 75.48272504080364, 89.93884171858117, 85.96411955266127, 67.68108180712845, 78.66476753199774, 80.55988358269158, 98.54490226399803, 72.97582227525044, 77.69186753206448, 79.21434271489314, 107.47329584913558, 111.25258008686569, 93.05387859303345], "labels": [0, 0, 0, 0, 0, 0, 0, 0, 0, 0, 0, 0, 0, 0, 0, 0, 0, 0, 0, 0, 0, 0, 0, 0, 0, 0, 0, 0, 0, 0, 0, 0, 0, 0, 0, 0, 0, 0, 0, 0, 0, 0, 0, 0, 0, 0, 0, 0, 0, 0, 0, 0, 0, 0, 1, 1, 1, 1, 1, 1, 1, 1, 1, 1, 1, 1, 1, 1, 1, 1, 1, 1, 1, 1, 1, 1, 1, 1, 1, 1, 1, 1, 1, 1, 1, 1, 1, 1, 1, 1, 1, 1, 1, 1, 1, 1, 1, 1, 1, 1], "is_anomalous": true, "anomaly_type": "trend_change", "anomaly_positions": [54, 55, 56, 57, 58, 59, 60, 61, 62, 63, 64, 65, 66, 67, 68, 69, 70, 71, 72, 73, 74, 75, 76, 77, 78, 79, 80, 81, 82, 83, 84, 85, 86, 87, 88, 89, 90, 91, 92, 93, 94, 95, 96, 97, 98, 99], "length": 100}