{"id": "anomalous_000715", "series": [46.86, 49.9, 50.17, 50.53, 51.73, 54.02, 52.1, 52.62, 51.19, 50.94, 51.03, 48.43, 47.79, 47.15, 44.29, 44.21, 43.63, 42.44, 43.73, 44.95, 45.95, 42.98, 50.09, 45.4, 44.63, 49.34, 52.3, 50.79, 52.33, 52.29, 51.09, 51.03, 52.18, 49.81, 49.3, 47.13, 46.56, 47.3037309259154, 45.49210956591095, 47.759188024532584, 47.09965543332393, 48.47633756677101, 47.70788463784371, 50.88210958090485, 51.13017021378781, 55.69947123667079, 57.99849610682315, 58.03115751094003, 63.12484573175662, 66.5959531597341, 55.039730439493304, 64.95768335191369, 64.21823615601569, 73.47572676541418, 66.2534517512067, 74.4871685032146, 71.00698689847597, 61.478019923032846, 76.91285553628073, 80.39300251512006, 65.87862664878432, 63.748106457376096, 79.12120028922891, 72.73177883915046, 77.98317828490346, 67.2326080047815, 71.57075787561435, 69.65561529165683, 68.66027723023564, 75.24788636741786, 70.06948745452348, 83.89575810528473, 90.73190850227508, 72.2562298463865, 82.25602371449476, 96.16558626342774, 85.40799350661112, 91.923625101077, 94.956746366294, 79.41020216232764, 103.06368170861023, 89.92925698397315, 95.0377374449215, 89.54883186694997, 108.8973525190122, 82.26424678277402, 70.91025963988352, 117.50651651107543, 88.66482569403973, 88.24513938254327, 116.89414668152813, 101.3755956559873, 87.2741953765666, 77.84250206483384, 101.91425971756618, 90.84126370257796, 83.22016710636245, 112.98006854704752, 111.47684401447452, 135.62751505573158], "labels": [0, 0, 0, 0, 0, 0, 0, 0, 0, 0, 0, 0, 0, 0, 0, 0, 0, 0, 0, 0, 0, 0, 0, 0, 0, 0, 0, 0, 0, 0, 0, 0, 0, 0, 0, 0, 1, 1, 1, 1, 1, 1, 1, 1, 1, 1, 1, 1, 1, 1, 1, 1, 1, 1, 1, 1, 1, 1, 1, 1, 1, 1, 1, 1, 1, 1, 1, 1, 1, 1, 1, 1, 1, 1, 1, 1, 1, 1, 1, 1, 1, 1, 1, 1, 1, 1, 1, 1, 1, 1, 1, 1, 1, 1, 1, 1, 1, 1, 1, 1], "is_anomalous": true, "anomaly_type": "trend_change", "anomaly_positions": [36, 37, 38, 39, 40, 41, 42, 43, 44, 45, 46, 47, 48, 49, 50, 51, 52, 53, 54, 55, 56, 57, 58, 59, 60, 61, 62, 63, 64, 65, 66, 67, 68, 69, 70, 71, 72, 73, 74, 75, 76, 77, 78, 79, 80, 81, 82, 83, 84, 85, 86, 87, 88, 89, 90, 91, 92, 93, 94, 95, 96, 97, 98, 99], "length": 100}