{"id": "anomalous_000130", "series": [49.12, 48.83, 48.69, 50.94, 57.3, 46.55, 50.91, 50.28, 51.93, 48.32, 53.09, 42.18, 48.41, 46.84, 46.12, 44.06, 44.76, 45.04, 41.53, 47.29, 45.64, 45.98, 44.27, 49.74, 51.29, 42.28, 49.88, 50.7, 49.25, 49.73, 49.02, 50.08, 51.25, 52.52, 47.54, 48.95, 50.49, 46.32, 43.46, 45.84, 41.68, 41.46, 40.3, 41.71, 43.65, 41.12, 43.36, 48.5, 48.0, 52.4, 51.27, 47.9, 51.69, 52.27, 55.89, 54.42, 45.12, 50.94, 46.67, 50.62, 49.97, 50.47, 40.9, 44.32, 40.4, 42.82, 51.053843946938755, 26.10423955558333, 65.22213958859132, 23.287633737338005, 74.63858096969552, 46.470921967884074, 47.425777110310165, 27.285472661424667, 46.62466352957149, 60.58500458982413, 62.447500884129376, 12.636106803230703, 53.596476027101836, 45.13761579652158, 26.785926207492402, 51.75951711527342, 64.6590242897888, 23.016836144479164, 65.59020376620077, 63.34918442569235, 47.79, 44.8, 39.68, 41.51, 41.65, 42.46, 41.5, 37.25, 42.23, 41.53, 45.09, 46.75, 47.92, 46.47], "labels": [0, 0, 0, 0, 0, 0, 0, 0, 0, 0, 0, 0, 0, 0, 0, 0, 0, 0, 0, 0, 0, 0, 0, 0, 0, 0, 0, 0, 0, 0, 0, 0, 0, 0, 0, 0, 0, 0, 0, 0, 0, 0, 0, 0, 0, 0, 0, 0, 0, 0, 0, 0, 0, 0, 0, 0, 0, 0, 0, 0, 0, 0, 0, 0, 0, 0, 1, 1, 1, 1, 1, 1, 1, 1, 1, 1, 1, 1, 1, 1, 1, 1, 1, 1, 1, 1, 0, 0, 0, 0, 0, 0, 0, 0, 0, 0, 0, 0, 0, 0], "is_anomalous": true, "anomaly_type": "variance_change", "anomaly_positions": [66, 67, 68, 69, 70, 71, 72, 73, 74, 75, 76, 77, 78, 79, 80, 81, 82, 83, 84, 85], "length": 100}