{"id": "anomalous_000393", "series": [54.21, 51.73, 56.05, 52.57, 57.98, 57.17, 63.94, 52.85, 56.51, 54.66, 53.05, 51.81, 56.01, 50.42, 52.54, 48.22, 50.28, 49.33, 41.99, 47.97, 48.21, 52.43, 52.99, 49.07, 55.43, 57.11, 52.65, 59.71, 59.19, 57.56, 57.07, 56.78, 56.72, 52.14, 55.09, 53.24, 51.63, 52.29, 47.86, 45.37, 44.48, 42.57, 48.44, 45.82, 46.29, 51.81, 50.01, 50.95, 48.9, 51.13, 54.64, 54.59, 54.73, 56.21, 55.91, 53.76, 52.51, 52.32, 27.459462620967958, 28.44946262096796, 25.109462620967964, 22.649462620967963, 23.09946262096796, 22.52946262096796, 21.509462620967962, 19.73946262096796, 18.869462620967962, 18.23946262096796, 43.36, 48.78, 48.27, 51.59, 47.95, 49.58, 53.9, 54.16, 53.32, 55.92, 53.34, 57.29, 55.66, 54.16, 54.61, 52.24, 50.91, 49.24, 45.78, 48.63, 46.44, 50.22, 43.41, 46.98, 44.55, 44.5, 47.77, 48.69, 45.56, 51.64, 54.9, 52.64], "labels": [0, 0, 0, 0, 0, 0, 0, 0, 0, 0, 0, 0, 0, 0, 0, 0, 0, 0, 0, 0, 0, 0, 0, 0, 0, 0, 0, 0, 0, 0, 0, 0, 0, 0, 0, 0, 0, 0, 0, 0, 0, 0, 0, 0, 0, 0, 0, 0, 0, 0, 0, 0, 0, 0, 0, 0, 0, 0, 1, 1, 1, 1, 1, 1, 1, 1, 1, 1, 0, 0, 0, 0, 0, 0, 0, 0, 0, 0, 0, 0, 0, 0, 0, 0, 0, 0, 0, 0, 0, 0, 0, 0, 0, 0, 0, 0, 0, 0, 0, 0], "is_anomalous": true, "anomaly_type": "shift", "anomaly_positions": [58, 59, 60, 61, 62, 63, 64, 65, 66, 67], "length": 100}