{"id": "anomalous_000217", "series": [47.45, 49.37, 51.51, 51.76, 50.97, 53.79, 52.25, 52.04, 51.41, 51.85, 53.26, 49.93, 47.7, 46.83, 48.23, 43.78, 42.51, 42.74, 43.12, 43.0, 44.0, 46.32, 50.19, 47.37, 50.47, 49.39, 51.23, 53.25, 51.3, 53.74, 53.08, 52.08, 52.89, 52.43, 52.57, 49.6, 48.57, 49.64, 47.32, 71.17937641440912, 68.80937641440912, 69.24937641440913, 67.88937641440913, 69.57937641440913, 72.69937641440913, 74.83937641440912, 74.67937641440912, 71.49937641440913, 74.46937641440913, 50.58, 54.86, 53.32, 53.11, 56.09, 57.36, 53.73, 52.56, 53.58, 51.93, 51.05, 50.38, 49.36, 49.48, 47.15, 44.88, 46.61, 42.03, 47.26, 44.25, 43.91, 46.04, 49.45, 49.96, 48.48, 51.54, 52.25, 54.48, 56.5, 54.89, 53.62, 53.21, 53.93, 52.99, 48.23, 49.74, 47.03, 48.86, 47.08, 50.21, 45.6, 40.45, 44.1, 46.29, 46.93, 47.73, 49.74, 51.18, 55.29, 54.36, 51.71], "labels": [0, 0, 0, 0, 0, 0, 0, 0, 0, 0, 0, 0, 0, 0, 0, 0, 0, 0, 0, 0, 0, 0, 0, 0, 0, 0, 0, 0, 0, 0, 0, 0, 0, 0, 0, 0, 0, 0, 0, 1, 1, 1, 1, 1, 1, 1, 1, 1, 1, 0, 0, 0, 0, 0, 0, 0, 0, 0, 0, 0, 0, 0, 0, 0, 0, 0, 0, 0, 0, 0, 0, 0, 0, 0, 0, 0, 0, 0, 0, 0, 0, 0, 0, 0, 0, 0, 0, 0, 0, 0, 0, 0, 0, 0, 0, 0, 0, 0, 0, 0], "is_anomalous": true, "anomaly_type": "shift", "anomaly_positions": [39, 40, 41, 42, 43, 44, 45, 46, 47, 48], "length": 100}