{"id": "anomalous_000017", "series": [48.6, 52.14, 51.94, 53.55, 52.51, 55.16, 54.66, 56.21, 53.85, 49.14, 53.86, 51.89, 52.36, 49.7, 47.64, 43.35, 46.13, 46.53, 46.43, 41.82, 44.62, 47.88, 43.13, 49.32, 48.52, 52.21, 53.8, 50.97, 54.98, 56.16, 52.98, 57.47, 11.526059288028279, 16.19605928802828, 15.926059288028284, 10.936059288028282, 11.176059288028284, 12.146059288028283, 9.276059288028279, 6.506059288028283, 3.826059288028283, 5.526059288028279, 42.87, 46.53, 43.32, 44.76, 46.19, 51.63, 50.59, 52.47, 49.61, 52.38, 53.37, 52.84, 55.0, 53.2, 52.93, 51.12, 50.61, 48.87, 48.66, 48.61, 46.94, 45.07, 44.2, 44.41, 42.03, 41.75, 45.59, 44.66, 43.89, 46.81, 50.77, 46.71, 53.8, 52.44, 52.27, 52.92, 52.35, 51.88, 52.46, 54.3, 52.4, 50.56, 47.65, 45.78, 48.81, 45.6, 41.88, 44.32, 43.8, 41.99, 43.17, 43.46, 42.55, 43.12, 46.8, 46.37, 47.66, 49.3], "labels": [0, 0, 0, 0, 0, 0, 0, 0, 0, 0, 0, 0, 0, 0, 0, 0, 0, 0, 0, 0, 0, 0, 0, 0, 0, 0, 0, 0, 0, 0, 0, 0, 1, 1, 1, 1, 1, 1, 1, 1, 1, 1, 0, 0, 0, 0, 0, 0, 0, 0, 0, 0, 0, 0, 0, 0, 0, 0, 0, 0, 0, 0, 0, 0, 0, 0, 0, 0, 0, 0, 0, 0, 0, 0, 0, 0, 0, 0, 0, 0, 0, 0, 0, 0, 0, 0, 0, 0, 0, 0, 0, 0, 0, 0, 0, 0, 0, 0, 0, 0], "is_anomalous": true, "anomaly_type": "shift", "anomaly_positions": [32, 33, 34, 35, 36, 37, 38, 39, 40, 41], "length": 100}