{"id": "anomalous_000551", "series": [50.55, 53.55, 55.44, 54.6, 56.71, 54.29, 55.23, 55.46, 55.53, 57.33, 53.5, 53.65, 49.98, 50.32, 48.41, 48.25, 45.77, 46.89, 47.16, 50.36, 47.17, 49.99, 49.36, 47.58, 52.09, 53.81, 55.09, 55.28, 56.22, 55.71, 56.69, 55.92, 57.56, 58.01, 53.8, 56.55, 52.33, 50.65, 51.08, 50.43, 48.33, 47.43, 48.21, 49.89, 48.59, 50.15, 53.95, 51.6, 56.5, 55.02, 57.52, 55.78, 59.5, 59.22, 57.97, 61.76, 56.66, 57.948439681295646, 58.58117403887452, 55.13720681390033, 57.664491035085916, 59.359202840740245, 63.09617152323602, 54.23305059431274, 55.23633216840715, 58.504591436697886, 59.467419100839415, 56.89521642825768, 63.482697732538384, 70.68351920814611, 68.45131853341272, 73.02794141683877, 72.45502172492999, 77.28220389436854, 67.42378645093984, 79.23712589838664, 76.94903421749322, 79.9089868404012, 88.72884180016514, 72.65097917122512, 73.05952903274598, 78.48760204746895, 82.670396167974, 74.35205521375315, 87.701221168691, 83.03345608565708, 93.60733596185909, 69.2263018228526, 75.91773307931759, 84.1199838054452, 78.00073507769834, 83.05458588977214, 84.61444906400698, 103.87785557547235, 103.11725554385168, 109.76623719148533, 109.0756957904839, 101.99006917928735, 93.48953725930734, 97.69299553028048], "labels": [0, 0, 0, 0, 0, 0, 0, 0, 0, 0, 0, 0, 0, 0, 0, 0, 0, 0, 0, 0, 0, 0, 0, 0, 0, 0, 0, 0, 0, 0, 0, 0, 0, 0, 0, 0, 0, 0, 0, 0, 0, 0, 0, 0, 0, 0, 0, 0, 0, 0, 0, 0, 0, 0, 0, 0, 1, 1, 1, 1, 1, 1, 1, 1, 1, 1, 1, 1, 1, 1, 1, 1, 1, 1, 1, 1, 1, 1, 1, 1, 1, 1, 1, 1, 1, 1, 1, 1, 1, 1, 1, 1, 1, 1, 1, 1, 1, 1, 1, 1], "is_anomalous": true, "anomaly_type": "trend_change", "anomaly_positions": [56, 57, 58, 59, 60, 61, 62, 63, 64, 65, 66, 67, 68, 69, 70, 71, 72, 73, 74, 75, 76, 77, 78, 79, 80, 81, 82, 83, 84, 85, 86, 87, 88, 89, 90, 91, 92, 93, 94, 95, 96, 97, 98, 99], "length": 100}