{"id": "anomalous_000468", "series": [54.21, 53.88, 53.62, 54.76, 54.49, 57.76, 56.84, 55.28, 54.99, 51.24, 54.38, 52.83, 52.63, 52.02, 50.38, 45.67, 45.85, 47.26, 46.38, 46.47, 48.23, 47.18, 48.44, 51.9, 52.65, 52.9, 54.75, 57.63, 57.77, 57.32, 56.25, 56.24, 54.84, 56.73, 56.07, 52.8, 48.61, 51.39, 50.21, 48.36, 47.7, 46.45, 46.24, 47.3, 45.45, 46.82, 49.18, 50.58, 51.27, 56.02, 51.81, 56.53, 58.31, 58.77, 57.69, 58.58, 56.29, 52.38, 56.35157193672723, 57.3866971542176, 38.805255186209365, 45.131700888245916, 54.64073772465094, 36.13860286920134, 35.625111758244955, 58.46151652812212, 34.35410680743126, 38.87435464416575, 39.0156733830419, 36.22739195703261, 18.58495065140098, 58.3828040283485, 32.1578558107511, 48.91022795215137, 73.87692227867015, 49.88464605590081, 42.22983151780324, 61.695282743557456, 56.27, 56.33, 56.26, 54.87, 54.34, 52.36, 51.01, 49.63, 49.49, 47.7, 49.27, 48.11, 46.57, 48.18, 47.18, 50.55, 49.53, 50.94, 53.65, 52.97, 54.74, 55.68], "labels": [0, 0, 0, 0, 0, 0, 0, 0, 0, 0, 0, 0, 0, 0, 0, 0, 0, 0, 0, 0, 0, 0, 0, 0, 0, 0, 0, 0, 0, 0, 0, 0, 0, 0, 0, 0, 0, 0, 0, 0, 0, 0, 0, 0, 0, 0, 0, 0, 0, 0, 0, 0, 0, 0, 0, 0, 0, 0, 1, 1, 1, 1, 1, 1, 1, 1, 1, 1, 1, 1, 1, 1, 1, 1, 1, 1, 1, 1, 0, 0, 0, 0, 0, 0, 0, 0, 0, 0, 0, 0, 0, 0, 0, 0, 0, 0, 0, 0, 0, 0], "is_anomalous": true, "anomaly_type": "variance_change", "anomaly_positions": [58, 59, 60, 61, 62, 63, 64, 65, 66, 67, 68, 69, 70, 71, 72, 73, 74, 75, 76, 77], "length": 100}