{"id": "anomalous_000793", "series": [46.22, 54.25, 50.15, 51.67, 50.77, 51.74, 49.04, 52.47, 52.18, 54.21, 53.02, 51.15, 48.62, 47.11, 49.05, 43.67, 47.32, 44.16, 41.77, 48.46, 47.3, 48.8, 51.77, 49.23, 49.43, 55.25, 49.06, 52.08, 54.37, 55.27, 54.18, 54.24, 59.35, 57.15, 53.07, 52.35, 52.61, 53.7, 50.68, 47.41, 50.5, 41.75, 40.25, 43.28, 44.38, 47.54, 47.76, 25.201206518774505, 21.75120651877451, 28.36120651877451, 30.591206518774506, 27.04120651877451, 28.281206518774503, 30.201206518774505, 32.68120651877451, 28.561206518774505, 27.50120651877451, 53.24, 48.92, 53.08, 50.64, 46.09, 45.61, 45.11, 48.22, 47.56, 49.04, 38.27, 47.58, 50.33, 48.13, 49.8, 48.98, 53.28, 52.38, 50.02, 54.69, 52.54, 58.31, 58.79, 52.9, 48.63, 51.36, 47.06, 50.61, 48.45, 45.92, 46.67, 46.85, 46.54, 48.36, 43.62, 44.26, 49.85, 47.5, 47.49, 50.17, 52.06, 51.56, 49.53], "labels": [0, 0, 0, 0, 0, 0, 0, 0, 0, 0, 0, 0, 0, 0, 0, 0, 0, 0, 0, 0, 0, 0, 0, 0, 0, 0, 0, 0, 0, 0, 0, 0, 0, 0, 0, 0, 0, 0, 0, 0, 0, 0, 0, 0, 0, 0, 0, 1, 1, 1, 1, 1, 1, 1, 1, 1, 1, 0, 0, 0, 0, 0, 0, 0, 0, 0, 0, 0, 0, 0, 0, 0, 0, 0, 0, 0, 0, 0, 0, 0, 0, 0, 0, 0, 0, 0, 0, 0, 0, 0, 0, 0, 0, 0, 0, 0, 0, 0, 0, 0], "is_anomalous": true, "anomaly_type": "shift", "anomaly_positions": [47, 48, 49, 50, 51, 52, 53, 54, 55, 56], "length": 100}