{"id": "anomalous_000220", "series": [51.82, 49.37, 48.0, 47.69, 47.72, 53.33, 49.75, 54.87, 47.36, 53.01, 46.36, 48.24, 45.39, 44.58, 43.27, 47.96, 48.09, 42.03, 39.66, 42.42, 38.26, 45.64, 44.48, 43.38, 48.19, 41.34, 52.89, 49.68, 46.48, 54.47, 46.66, 44.82, 47.42, 46.89, 50.74, 48.48, 44.07, 42.26, 41.99, 42.13, 37.6, 17.549505065645445, 65.79344150114986, 50.43366136007411, 23.758249207633384, 32.668692161563605, 69.1923394755776, 38.097676779422386, 60.20879514296875, 59.19300687350061, 61.18878436272922, 55.50319886663386, 43.92690455541796, 74.53807209855634, 43.74040590195163, 59.30124480546055, 46.9976787147741, 30.461948860242174, 20.040100370203206, 50.85102354603766, 45.096238437080835, 40.77, 40.63, 40.98, 39.99, 40.42, 37.63, 37.55, 36.32, 38.45, 40.17, 40.33, 45.42, 40.07, 47.25, 45.14, 43.81, 51.96, 47.17, 45.7, 44.34, 46.7, 39.15, 43.18, 43.93, 42.03, 36.51, 42.37, 35.22, 36.96, 39.51, 38.42, 37.09, 43.7, 33.03, 39.94, 47.67, 47.18, 49.15, 48.29], "labels": [0, 0, 0, 0, 0, 0, 0, 0, 0, 0, 0, 0, 0, 0, 0, 0, 0, 0, 0, 0, 0, 0, 0, 0, 0, 0, 0, 0, 0, 0, 0, 0, 0, 0, 0, 0, 0, 0, 0, 0, 0, 1, 1, 1, 1, 1, 1, 1, 1, 1, 1, 1, 1, 1, 1, 1, 1, 1, 1, 1, 1, 0, 0, 0, 0, 0, 0, 0, 0, 0, 0, 0, 0, 0, 0, 0, 0, 0, 0, 0, 0, 0, 0, 0, 0, 0, 0, 0, 0, 0, 0, 0, 0, 0, 0, 0, 0, 0, 0, 0], "is_anomalous": true, "anomaly_type": "variance_change", "anomaly_positions": [41, 42, 43, 44, 45, 46, 47, 48, 49, 50, 51, 52, 53, 54, 55, 56, 57, 58, 59, 60], "length": 100}