{"id": "anomalous_000503", "series": [56.2, 53.29, 55.61, 56.94, 57.37, 54.92, 54.48, 58.69, 55.62, 55.69, 52.87, 51.82, 48.87, 49.98, 52.38, 49.7, 50.88, 47.67, 47.29, 44.83, 43.51, 46.28, 46.41, 50.04, 54.99, 55.06, 55.46, 55.83, 55.56, 54.45, 54.84, 55.28, 61.64, 56.89, 53.78, 50.74, 55.85, 52.73, 45.26, 48.16, 51.312537149938485, 50.324804961001156, 52.82437171365574, 49.989973448455416, 57.13507073340639, 57.44935833165218, 57.21156301767256, 58.61476825452867, 59.60301888622257, 63.660251303842955, 68.9867797353748, 67.45304968011526, 70.0272701652931, 80.73765405445333, 82.31867982598348, 78.08414557278641, 78.83408354179122, 74.61210986486986, 73.95144912110952, 72.42722478252107, 78.7996881075409, 70.83279301464039, 64.41472124473273, 79.68728286062903, 73.89705325495942, 83.8302689604198, 63.78705806876098, 66.32295950055456, 66.20025810567051, 94.14696782932127, 95.81064385836751, 91.83657667458917, 83.80331209472837, 91.9888404232139, 97.9404309125391, 76.87228190974902, 85.06458561369658, 90.23011649516039, 99.72155978932616, 109.42725715031685, 80.46583207742108, 117.83666436235153, 94.81482066786239, 95.78409142699738, 87.4434454123787, 99.04419949003719, 100.37548806537053, 79.93769671471998, 114.14061134303583, 121.21889901846188, 110.72226914968606, 119.26759686114107, 97.53745727855537, 93.18257977712517, 82.40811793487086, 125.7422017797914, 87.38764990185254, 134.86336749082776, 142.5559416427707, 102.4891313496621], "labels": [0, 0, 0, 0, 0, 0, 0, 0, 0, 0, 0, 0, 0, 0, 0, 0, 0, 0, 0, 0, 0, 0, 0, 0, 0, 0, 0, 0, 0, 0, 0, 0, 0, 0, 0, 0, 0, 0, 0, 1, 1, 1, 1, 1, 1, 1, 1, 1, 1, 1, 1, 1, 1, 1, 1, 1, 1, 1, 1, 1, 1, 1, 1, 1, 1, 1, 1, 1, 1, 1, 1, 1, 1, 1, 1, 1, 1, 1, 1, 1, 1, 1, 1, 1, 1, 1, 1, 1, 1, 1, 1, 1, 1, 1, 1, 1, 1, 1, 1, 1], "is_anomalous": true, "anomaly_type": "trend_change", "anomaly_positions": [39, 40, 41, 42, 43, 44, 45, 46, 47, 48, 49, 50, 51, 52, 53, 54, 55, 56, 57, 58, 59, 60, 61, 62, 63, 64, 65, 66, 67, 68, 69, 70, 71, 72, 73, 74, 75, 76, 77, 78, 79, 80, 81, 82, 83, 84, 85, 86, 87, 88, 89, 90, 91, 92, 93, 94, 95, 96, 97, 98, 99], "length": 100}