{"id": "anomalous_000665", "series": [52.41, 54.24, 53.83, 57.6, 55.29, 56.11, 56.47, 56.3, 59.15, 55.33, 51.84, 52.7, 52.09, 52.96, 51.62, 51.0, 47.13, 46.32, 48.15, 45.68, 48.08, 47.33, 46.98, 51.91, 51.77, 52.71, 53.61, 56.72, 55.75, 60.16, 58.27, 56.48, 57.97, 56.11, 57.25, 55.72, 51.48, 50.17, 48.83, 48.38, 45.37, 45.46, 47.21, 47.47, 48.84, 48.82, 48.29, 49.83261981619566, 52.578738928753, 56.43865093834975, 54.86831003622045, 63.47828244039232, 67.69545457229756, 66.13096006479064, 65.8139568859608, 67.020873367496, 67.18305900051524, 65.13158218950399, 64.99496049546715, 62.424178653564375, 67.56165805322645, 70.86911519006874, 57.5878595587661, 66.72068851372988, 61.77054522441094, 69.02944535081343, 55.03095314554359, 68.36783778778353, 71.76322434694985, 60.73787776147068, 66.62323355972644, 68.3907857231519, 66.83348938114244, 66.62973415825402, 82.51349379173423, 81.90061198908373, 90.96867776172748, 81.74044272139469, 99.6483903876579, 83.22142925696492, 82.40498985011484, 85.30219746076784, 101.89929373861384, 89.59170301706826, 78.93237894904857, 78.72724333394336, 70.01601570153676, 76.56769262777863, 92.87191695293097, 73.5028950301184, 107.02181312315446, 112.52446659385296, 75.23424679043322, 103.935150494742, 98.96753354175314, 81.01414678952432, 102.54166122448262, 106.27599322417232, 103.26089541610108, 97.62725194294026], "labels": [0, 0, 0, 0, 0, 0, 0, 0, 0, 0, 0, 0, 0, 0, 0, 0, 0, 0, 0, 0, 0, 0, 0, 0, 0, 0, 0, 0, 0, 0, 0, 0, 0, 0, 0, 0, 0, 0, 0, 0, 0, 0, 0, 0, 0, 0, 1, 1, 1, 1, 1, 1, 1, 1, 1, 1, 1, 1, 1, 1, 1, 1, 1, 1, 1, 1, 1, 1, 1, 1, 1, 1, 1, 1, 1, 1, 1, 1, 1, 1, 1, 1, 1, 1, 1, 1, 1, 1, 1, 1, 1, 1, 1, 1, 1, 1, 1, 1, 1, 1], "is_anomalous": true, "anomaly_type": "trend_change", "anomaly_positions": [46, 47, 48, 49, 50, 51, 52, 53, 54, 55, 56, 57, 58, 59, 60, 61, 62, 63, 64, 65, 66, 67, 68, 69, 70, 71, 72, 73, 74, 75, 76, 77, 78, 79, 80, 81, 82, 83, 84, 85, 86, 87, 88, 89, 90, 91, 92, 93, 94, 95, 96, 97, 98, 99], "length": 100}