{"id": "anomalous_000558", "series": [59.62, 55.06, 53.25, 55.92, 61.44, 57.69, 61.46, 58.62, 61.14, 61.67, 55.53, 62.46, 53.09, 54.82, 50.44, 47.77, 49.87, 47.5, 45.12, 47.31, 53.7, 48.4, 48.31, 49.84, 53.26, 57.21, 56.02, 55.68, 54.91, 57.59, 61.2, 59.13, 56.93, 56.73, 53.89, 57.37, 52.74, 50.67, 53.28, 49.02, 47.56, 45.78, 50.32, 49.31, 49.37, 49.05, 49.87, 49.7, 55.01, 54.01, 52.44, 59.19, 60.93, 55.91, 59.59, 58.08, 59.57, 54.51, 54.11, 54.2, 74.15493102234117, 73.38493102234119, 72.6649310223412, 66.73493102234119, 72.23493102234119, 68.54493102234119, 72.79493102234119, 66.12493102234117, 69.60493102234119, 69.17493102234118, 47.78, 47.99, 50.6, 53.42, 56.54, 55.22, 56.04, 58.66, 57.84, 50.88, 55.48, 54.88, 53.64, 50.46, 52.07, 48.71, 48.47, 44.71, 46.51, 45.23, 46.51, 45.47, 44.7, 44.93, 47.42, 47.23, 51.4, 50.05, 51.52, 55.19], "labels": [0, 0, 0, 0, 0, 0, 0, 0, 0, 0, 0, 0, 0, 0, 0, 0, 0, 0, 0, 0, 0, 0, 0, 0, 0, 0, 0, 0, 0, 0, 0, 0, 0, 0, 0, 0, 0, 0, 0, 0, 0, 0, 0, 0, 0, 0, 0, 0, 0, 0, 0, 0, 0, 0, 0, 0, 0, 0, 0, 0, 1, 1, 1, 1, 1, 1, 1, 1, 1, 1, 0, 0, 0, 0, 0, 0, 0, 0, 0, 0, 0, 0, 0, 0, 0, 0, 0, 0, 0, 0, 0, 0, 0, 0, 0, 0, 0, 0, 0, 0], "is_anomalous": true, "anomaly_type": "shift", "anomaly_positions": [60, 61, 62, 63, 64, 65, 66, 67, 68, 69], "length": 100}