{"id": "anomalous_000386", "series": [56.46, 56.93, 57.58, 57.31, 57.55, 57.76, 59.28, 55.37, 58.24, 58.63, 57.36, 55.28, 52.07, 51.46, 50.57, 51.01, 48.43, 50.69, 51.36, 51.1, 48.59, 52.15, 53.37, 50.56, 54.49, 56.96, 59.25, 55.23, 59.72, 58.27, 77.89675093035864, 50.881072920886226, 71.74856727062077, 49.8424951187788, 54.21473465268681, 39.85276949904964, 57.18717490884821, 38.37074452777955, 46.34905257897769, 60.46994015505652, 34.70670860781266, 61.62544815709384, 46.79484677195281, 62.2077689755525, 36.373574661117054, 48.49395690161281, 59.7093765253136, 59.235593234342126, 66.26786736856336, 53.79179529971908, 60.9, 58.49, 59.29, 60.26, 57.69, 59.31, 60.6, 56.75, 58.03, 59.36, 58.72, 55.26, 53.22, 53.97, 51.48, 51.27, 51.37, 54.53, 51.94, 51.85, 54.57, 57.33, 57.96, 58.39, 62.3, 61.64, 60.4, 60.83, 61.69, 60.23, 59.1, 62.5, 61.01, 57.46, 57.79, 57.25, 54.8, 53.34, 52.46, 54.56, 51.01, 53.58, 53.23, 54.19, 58.7, 55.61, 55.63, 59.32, 59.38, 64.32], "labels": [0, 0, 0, 0, 0, 0, 0, 0, 0, 0, 0, 0, 0, 0, 0, 0, 0, 0, 0, 0, 0, 0, 0, 0, 0, 0, 0, 0, 0, 0, 1, 1, 1, 1, 1, 1, 1, 1, 1, 1, 1, 1, 1, 1, 1, 1, 1, 1, 1, 1, 0, 0, 0, 0, 0, 0, 0, 0, 0, 0, 0, 0, 0, 0, 0, 0, 0, 0, 0, 0, 0, 0, 0, 0, 0, 0, 0, 0, 0, 0, 0, 0, 0, 0, 0, 0, 0, 0, 0, 0, 0, 0, 0, 0, 0, 0, 0, 0, 0, 0], "is_anomalous": true, "anomaly_type": "variance_change", "anomaly_positions": [30, 31, 32, 33, 34, 35, 36, 37, 38, 39, 40, 41, 42, 43, 44, 45, 46, 47, 48, 49], "length": 100}