{"id": "anomalous_000631", "series": [51.91, 54.97, 56.83, 53.93, 55.24, 57.94, 57.44, 55.35, 55.63, 59.07, 59.13, 57.7, 47.59, 47.49, 46.04, 44.24, 46.48, 48.81, 52.5, 47.13, 49.81, 50.39, 56.11, 50.11, 49.28, 48.97, 50.41, 52.42, 60.25, 61.31, 58.94, 58.5, 58.42, 58.89, 53.33, 54.39, 55.69, 48.76, 47.34, 54.04, 48.91, 48.423778580186486, 54.65138365527613, 49.79681921096924, 54.861733596142194, 55.50920986387031, 55.99456511492729, 59.856882924016176, 65.12780851932536, 66.20247961089632, 69.86562449652162, 64.77969524733722, 69.02606096935325, 77.92690541165491, 75.58269152936158, 68.92774938551382, 68.52125596156668, 64.59186902050209, 78.98883055810572, 78.15940728240761, 77.3313532468745, 64.8912810487486, 78.49570311880169, 63.244928008149, 71.2276737341419, 79.72649037038343, 89.5625304549913, 85.79806162410853, 70.18183395720632, 66.98337675585904, 85.12890734439148, 88.82118089595619, 88.44126837848518, 74.21910990696945, 74.10409959621816, 107.35700481225487, 97.72321407231618, 94.501203878715, 104.16108976953446, 98.8952981180054, 109.37151016574227, 94.26496619684032, 112.51029013644805, 101.5444639297618, 78.52603166065552, 116.13711650159874, 96.7571393868817, 96.9676264526021, 119.38332210733918, 73.34403743037501, 92.74887596482388, 112.70052511028469, 105.13369422295456, 85.55821273789411, 130.38738078812264, 123.25093206497772, 124.14010241891228, 113.16521612561047, 96.75543563678238, 114.82386775919426], "labels": [0, 0, 0, 0, 0, 0, 0, 0, 0, 0, 0, 0, 0, 0, 0, 0, 0, 0, 0, 0, 0, 0, 0, 0, 0, 0, 0, 0, 0, 0, 0, 0, 0, 0, 0, 0, 0, 0, 0, 0, 1, 1, 1, 1, 1, 1, 1, 1, 1, 1, 1, 1, 1, 1, 1, 1, 1, 1, 1, 1, 1, 1, 1, 1, 1, 1, 1, 1, 1, 1, 1, 1, 1, 1, 1, 1, 1, 1, 1, 1, 1, 1, 1, 1, 1, 1, 1, 1, 1, 1, 1, 1, 1, 1, 1, 1, 1, 1, 1, 1], "is_anomalous": true, "anomaly_type": "trend_change", "anomaly_positions": [40, 41, 42, 43, 44, 45, 46, 47, 48, 49, 50, 51, 52, 53, 54, 55, 56, 57, 58, 59, 60, 61, 62, 63, 64, 65, 66, 67, 68, 69, 70, 71, 72, 73, 74, 75, 76, 77, 78, 79, 80, 81, 82, 83, 84, 85, 86, 87, 88, 89, 90, 91, 92, 93, 94, 95, 96, 97, 98, 99], "length": 100}