{"id": "anomalous_000610", "series": [46.01, 53.29, 52.82, 53.62, 53.6, 54.41, 54.47, 53.84, 54.98, 55.88, 54.4, 49.02, 51.36, 47.52, 47.69, 45.59, 46.15, 42.43, 45.84, 44.78, 44.81, 46.47, 47.86, 48.04, 49.75, 51.31, 50.42, 52.95, 54.43, 50.79, 52.42, 57.21, 54.17, 51.94, 53.82, 52.88, 48.96, 49.78, 48.68, 48.87, 46.5, 45.2, 45.84, 49.02, 77.39570779927196, 74.08570779927196, 80.72570779927196, 82.07570779927195, 81.73570779927196, 83.02570779927196, 86.92570779927196, 87.70570779927196, 88.21570779927195, 87.66570779927196, 55.29, 55.39, 54.05, 55.19, 53.09, 52.85, 51.92, 49.52, 50.51, 48.99, 47.24, 47.63, 46.09, 47.76, 51.89, 49.56, 48.64, 52.72, 52.99, 53.53, 51.65, 55.83, 58.54, 57.77, 57.96, 59.87, 55.22, 57.3, 54.9, 57.02, 53.37, 51.88, 49.26, 49.49, 48.79, 51.22, 47.18, 48.5, 49.93, 50.24, 49.35, 53.02, 52.91, 52.34, 57.89, 57.52], "labels": [0, 0, 0, 0, 0, 0, 0, 0, 0, 0, 0, 0, 0, 0, 0, 0, 0, 0, 0, 0, 0, 0, 0, 0, 0, 0, 0, 0, 0, 0, 0, 0, 0, 0, 0, 0, 0, 0, 0, 0, 0, 0, 0, 0, 1, 1, 1, 1, 1, 1, 1, 1, 1, 1, 0, 0, 0, 0, 0, 0, 0, 0, 0, 0, 0, 0, 0, 0, 0, 0, 0, 0, 0, 0, 0, 0, 0, 0, 0, 0, 0, 0, 0, 0, 0, 0, 0, 0, 0, 0, 0, 0, 0, 0, 0, 0, 0, 0, 0, 0], "is_anomalous": true, "anomaly_type": "shift", "anomaly_positions": [44, 45, 46, 47, 48, 49, 50, 51, 52, 53], "length": 100}