{"id": "anomalous_000348", "series": [49.27, 51.74, 52.6, 56.6, 58.67, 57.56, 52.81, 55.45, 53.48, 56.0, 52.26, 51.06, 48.32, 48.12, 46.32, 49.09, 46.22, 45.47, 43.86, 46.66, 48.57, 50.31, 47.39, 50.88, 53.5, 52.17, 51.9, 56.12, 53.39, 56.33, 55.14, 57.17, 56.85, 51.44, 53.48, 53.15, 51.05, 51.49, 48.7, 45.91, 45.31, 46.97, 45.33, 46.74, 46.96, 47.02, 14.918688749730428, 15.308688749730429, 15.498688749730434, 16.68868874973043, 22.79868874973043, 19.718688749730433, 21.48868874973043, 22.718688749730433, 22.578688749730432, 24.278688749730428, 56.28, 53.81, 53.34, 52.66, 51.08, 49.66, 48.53, 46.52, 48.64, 45.23, 43.83, 44.54, 43.93, 46.25, 47.72, 51.68, 49.09, 52.96, 55.62, 51.9, 56.37, 57.39, 56.98, 52.91, 55.15, 55.02, 53.28, 52.87, 50.37, 49.19, 48.08, 46.14, 46.55, 46.34, 44.17, 45.76, 45.31, 46.48, 46.37, 50.59, 51.54, 51.54, 50.74, 56.0], "labels": [0, 0, 0, 0, 0, 0, 0, 0, 0, 0, 0, 0, 0, 0, 0, 0, 0, 0, 0, 0, 0, 0, 0, 0, 0, 0, 0, 0, 0, 0, 0, 0, 0, 0, 0, 0, 0, 0, 0, 0, 0, 0, 0, 0, 0, 0, 1, 1, 1, 1, 1, 1, 1, 1, 1, 1, 0, 0, 0, 0, 0, 0, 0, 0, 0, 0, 0, 0, 0, 0, 0, 0, 0, 0, 0, 0, 0, 0, 0, 0, 0, 0, 0, 0, 0, 0, 0, 0, 0, 0, 0, 0, 0, 0, 0, 0, 0, 0, 0, 0], "is_anomalous": true, "anomaly_type": "shift", "anomaly_positions": [46, 47, 48, 49, 50, 51, 52, 53, 54, 55], "length": 100}