{"id": "anomalous_000703", "series": [52.07, 55.79, 56.84, 58.51, 57.61, 59.7, 57.77, 58.98, 59.34, 59.13, 56.38, 56.81, 53.59, 52.3, 51.47, 50.99, 48.54, 50.57, 48.09, 48.31, 50.45, 50.2, 50.4, 49.44, 55.57, 54.72, 56.51, 58.46, 58.03, 57.45, 57.37, 59.05, 58.15, 57.73, 56.17, 55.15, 55.34, 53.7, 50.47, 49.99, 51.09, 48.86, 46.68, 48.76, 47.64, 48.24, 51.2, 52.4, 52.38, 54.74, 56.58, 57.79, 58.16, 58.77, 59.03, 58.97, 57.3, 58.08, 54.98, 55.72, 51.76, 80.70979550171732, 80.43979550171733, 81.80979550171733, 78.18979550171733, 78.41979550171732, 79.04979550171733, 77.99979550171733, 78.10979550171731, 81.23979550171732, 81.08979550171733, 52.32, 53.38, 54.34, 55.16, 57.03, 57.97, 57.31, 59.39, 57.37, 57.01, 54.72, 56.1, 53.12, 52.55, 52.44, 48.47, 47.97, 48.99, 47.36, 47.95, 47.66, 48.62, 47.05, 51.57, 52.74, 53.34, 53.82, 55.17, 57.62], "labels": [0, 0, 0, 0, 0, 0, 0, 0, 0, 0, 0, 0, 0, 0, 0, 0, 0, 0, 0, 0, 0, 0, 0, 0, 0, 0, 0, 0, 0, 0, 0, 0, 0, 0, 0, 0, 0, 0, 0, 0, 0, 0, 0, 0, 0, 0, 0, 0, 0, 0, 0, 0, 0, 0, 0, 0, 0, 0, 0, 0, 0, 1, 1, 1, 1, 1, 1, 1, 1, 1, 1, 0, 0, 0, 0, 0, 0, 0, 0, 0, 0, 0, 0, 0, 0, 0, 0, 0, 0, 0, 0, 0, 0, 0, 0, 0, 0, 0, 0, 0], "is_anomalous": true, "anomaly_type": "shift", "anomaly_positions": [61, 62, 63, 64, 65, 66, 67, 68, 69, 70], "length": 100}