{"id": "anomalous_000497", "series": [52.59, 52.29, 54.59, 53.16, 61.2, 59.42, 58.05, 56.54, 55.3, 54.54, 54.5, 58.04, 56.19, 55.49, 50.85, 51.06, 49.63, 43.61, 49.28, 47.12, 51.53, 54.07, 52.11, 54.64, 54.97, 53.03, 58.96, 59.67, 60.72, 59.64, 64.33, 58.3, 54.57, 57.8, 53.65, 60.31, 59.23, 52.63, 53.61, 55.79, 55.8, 48.41, 55.46, 46.05, 49.99, 50.94, 56.48, 54.97, 57.87, 61.365354556435285, 45.53512176045609, 55.143903949738124, 58.6151236214036, 35.82550529706561, 56.23862159528806, 43.415209766603596, 62.629079221181144, 92.05764825995503, 65.38772430448932, 60.80415348063889, 42.3554284124043, 39.221778554400494, 29.77187457833698, 37.62479250199712, 64.0304529264067, 40.603586204458146, 51.07071042319467, 83.13979086889859, 34.69911766552113, 50.31, 53.39, 55.32, 56.04, 55.66, 57.05, 59.88, 63.89, 58.87, 62.69, 64.33, 61.33, 58.17, 63.44, 60.85, 57.25, 61.63, 56.59, 53.89, 52.14, 54.12, 50.6, 46.2, 56.92, 46.91, 52.87, 60.39, 57.37, 61.29, 62.59, 58.38], "labels": [0, 0, 0, 0, 0, 0, 0, 0, 0, 0, 0, 0, 0, 0, 0, 0, 0, 0, 0, 0, 0, 0, 0, 0, 0, 0, 0, 0, 0, 0, 0, 0, 0, 0, 0, 0, 0, 0, 0, 0, 0, 0, 0, 0, 0, 0, 0, 0, 0, 1, 1, 1, 1, 1, 1, 1, 1, 1, 1, 1, 1, 1, 1, 1, 1, 1, 1, 1, 1, 0, 0, 0, 0, 0, 0, 0, 0, 0, 0, 0, 0, 0, 0, 0, 0, 0, 0, 0, 0, 0, 0, 0, 0, 0, 0, 0, 0, 0, 0, 0], "is_anomalous": true, "anomaly_type": "variance_change", "anomaly_positions": [49, 50, 51, 52, 53, 54, 55, 56, 57, 58, 59, 60, 61, 62, 63, 64, 65, 66, 67, 68], "length": 100}