{"id": "anomalous_000710", "series": [48.65, 52.52, 54.23, 50.83, 51.23, 49.87, 58.83, 44.58, 52.1, 52.01, 52.75, 46.53, 51.98, 45.24, 45.05, 42.07, 46.27, 44.43, 43.96, 39.53, 43.77, 44.73, 42.65, 40.85, 49.89, 47.84, 53.13, 54.7, 55.54, 56.6, 53.93, 52.49, 53.51, 50.53, 50.25, 53.34, 45.7, 49.79, 45.31, 40.34, 45.46, 47.0, 43.36, 42.53, 42.44, 47.79, 18.404919517280305, 20.144919517280307, 19.114919517280306, 24.044919517280306, 21.954919517280302, 26.564919517280302, 27.504919517280307, 25.67491951728031, 26.714919517280308, 25.604919517280308, 52.9, 53.12, 52.41, 48.11, 50.67, 51.92, 47.14, 49.24, 45.71, 41.67, 48.99, 46.77, 50.78, 46.3, 49.27, 44.3, 49.48, 47.43, 49.83, 55.41, 53.29, 57.58, 58.26, 56.76, 53.39, 55.67, 51.82, 54.48, 47.79, 47.17, 43.63, 46.29, 46.25, 42.5, 42.66, 39.63, 49.78, 48.92, 48.51, 52.45, 52.89, 52.34, 55.88, 53.55], "labels": [0, 0, 0, 0, 0, 0, 0, 0, 0, 0, 0, 0, 0, 0, 0, 0, 0, 0, 0, 0, 0, 0, 0, 0, 0, 0, 0, 0, 0, 0, 0, 0, 0, 0, 0, 0, 0, 0, 0, 0, 0, 0, 0, 0, 0, 0, 1, 1, 1, 1, 1, 1, 1, 1, 1, 1, 0, 0, 0, 0, 0, 0, 0, 0, 0, 0, 0, 0, 0, 0, 0, 0, 0, 0, 0, 0, 0, 0, 0, 0, 0, 0, 0, 0, 0, 0, 0, 0, 0, 0, 0, 0, 0, 0, 0, 0, 0, 0, 0, 0], "is_anomalous": true, "anomaly_type": "shift", "anomaly_positions": [46, 47, 48, 49, 50, 51, 52, 53, 54, 55], "length": 100}