{"id": "anomalous_000787", "series": [45.41, 48.33, 52.55, 50.74, 52.91, 50.98, 50.78, 50.17, 50.25, 51.54, 46.8, 46.57, 45.98, 40.71, 44.95, 43.16, 44.01, 41.97, 41.6, 40.88, 41.0, 44.52, 44.12, 48.12, 46.39, 47.81, 53.11, 52.0, 51.01, 52.46, 55.41, 54.75, 51.71, 54.3, 50.21, 49.89, 48.79, 50.76, 43.72, 47.48, 39.21, 44.77, 45.98, 45.01, 45.91, 42.77, 48.42, 47.41, 49.25, 47.87, 49.49, 49.48, 51.62, 52.9, 70.22225442099668, 42.27763799440737, 62.59732737736575, 57.639766670518085, 70.87410115682624, 43.5918684850676, 78.23015427743192, 48.19965370862887, 52.955816503331064, 38.808318504834446, 32.89025645070491, 49.381996058450056, 38.113985184129284, 50.11861727120373, 21.826796735361192, 28.582989011627195, 61.44024478631998, 17.447807934863654, 60.87483608627372, 16.399468972436843, 47.13, 50.67, 54.05, 54.39, 52.62, 55.17, 54.64, 51.51, 52.9, 51.36, 47.07, 44.56, 43.55, 42.37, 47.25, 42.88, 41.5, 47.04, 43.59, 43.81, 45.33, 45.14, 48.02, 53.76, 49.2, 50.59], "labels": [0, 0, 0, 0, 0, 0, 0, 0, 0, 0, 0, 0, 0, 0, 0, 0, 0, 0, 0, 0, 0, 0, 0, 0, 0, 0, 0, 0, 0, 0, 0, 0, 0, 0, 0, 0, 0, 0, 0, 0, 0, 0, 0, 0, 0, 0, 0, 0, 0, 0, 0, 0, 0, 0, 1, 1, 1, 1, 1, 1, 1, 1, 1, 1, 1, 1, 1, 1, 1, 1, 1, 1, 1, 1, 0, 0, 0, 0, 0, 0, 0, 0, 0, 0, 0, 0, 0, 0, 0, 0, 0, 0, 0, 0, 0, 0, 0, 0, 0, 0], "is_anomalous": true, "anomaly_type": "variance_change", "anomaly_positions": [54, 55, 56, 57, 58, 59, 60, 61, 62, 63, 64, 65, 66, 67, 68, 69, 70, 71, 72, 73], "length": 100}