{"id": "anomalous_000699", "series": [54.84, 52.55, 57.18, 55.8, 60.49, 56.78, 61.34, 61.04, 54.96, 59.78, 53.04, 53.43, 53.58, 53.88, 49.27, 50.69, 52.51, 50.18, 48.33, 51.17, 51.31, 52.61, 54.13, 51.83, 54.17, 58.46, 57.45, 61.68, 60.68, 59.25, 59.77, 57.17, 59.39, 60.5, 58.61, 58.05, 52.02, 51.53, 55.36, 54.33, 47.81, 53.15, 50.00177730664854, 51.30826180620764, 51.3548733077765, 54.89878954193195, 56.75861420291668, 62.37257518258151, 62.241937575132695, 63.2028050578251, 66.10183239277544, 71.34202837190294, 75.05937475776362, 78.87144933358172, 73.10082231115405, 72.34596770314975, 74.19691937820909, 72.82669768046931, 79.83299878789506, 69.55914523023462, 67.94092589788409, 77.26178472933023, 74.57156705344306, 79.06455575936529, 86.8090451789136, 81.56353237480927, 68.49520418936615, 79.7448238298122, 92.69824334384873, 83.78150827480486, 80.20327766110722, 81.54279588268872, 98.43573753091349, 80.3533082332295, 81.72364930429158, 94.65548362730581, 89.07932745786832, 111.4189170345651, 89.14374494961159, 98.70730967120218, 105.01419582327162, 116.02964218071492, 99.81450100355332, 112.05453080677879, 104.11840743619425, 91.91482084434676, 80.64229590236471, 90.67006400245273, 102.72647624962278, 97.339974272007, 85.05995865244483, 131.55592062585856, 88.61790063740617, 110.96078076000452, 116.82164697816134, 109.81771163038813, 108.79105771691044, 93.87813310748382, 145.05699332701474, 141.56025515812837], "labels": [0, 0, 0, 0, 0, 0, 0, 0, 0, 0, 0, 0, 0, 0, 0, 0, 0, 0, 0, 0, 0, 0, 0, 0, 0, 0, 0, 0, 0, 0, 0, 0, 0, 0, 0, 0, 0, 0, 0, 0, 0, 1, 1, 1, 1, 1, 1, 1, 1, 1, 1, 1, 1, 1, 1, 1, 1, 1, 1, 1, 1, 1, 1, 1, 1, 1, 1, 1, 1, 1, 1, 1, 1, 1, 1, 1, 1, 1, 1, 1, 1, 1, 1, 1, 1, 1, 1, 1, 1, 1, 1, 1, 1, 1, 1, 1, 1, 1, 1, 1], "is_anomalous": true, "anomaly_type": "trend_change", "anomaly_positions": [41, 42, 43, 44, 45, 46, 47, 48, 49, 50, 51, 52, 53, 54, 55, 56, 57, 58, 59, 60, 61, 62, 63, 64, 65, 66, 67, 68, 69, 70, 71, 72, 73, 74, 75, 76, 77, 78, 79, 80, 81, 82, 83, 84, 85, 86, 87, 88, 89, 90, 91, 92, 93, 94, 95, 96, 97, 98, 99], "length": 100}