{"id": "anomalous_000149", "series": [54.06, 59.79, 55.98, 55.98, 58.05, 59.99, 56.35, 59.78, 60.15, 53.69, 58.95, 55.78, 56.63, 52.0, 53.13, 47.19, 48.3, 47.8, 48.8, 52.57, 52.85, 52.7, 51.2, 50.62, 50.69, 60.55, 57.12, 61.84, 58.54, 62.99, 57.39, 62.0, 56.63, 60.45, 55.2, 58.02, 54.07, 54.37, 49.28, 54.52, 49.88, 46.63, 50.08, 49.82, 19.724406498962978, 20.49440649896298, 27.904406498962977, 19.514406498962977, 22.35440649896298, 24.89440649896298, 23.57440649896298, 28.43440649896298, 29.554406498962976, 32.57440649896297, 62.52, 59.33, 60.36, 59.04, 59.85, 56.68, 55.08, 57.28, 54.65, 53.94, 50.83, 51.58, 47.8, 46.33, 52.07, 56.9, 52.04, 54.24, 57.65, 58.06, 57.89, 59.43, 58.11, 59.45, 58.97, 60.98, 58.93, 57.9, 61.12, 57.53, 58.35, 61.41, 52.66, 52.68, 52.52, 53.27, 52.42, 53.46, 52.9, 56.47, 56.87, 57.54, 56.37, 57.21, 60.32, 61.18], "labels": [0, 0, 0, 0, 0, 0, 0, 0, 0, 0, 0, 0, 0, 0, 0, 0, 0, 0, 0, 0, 0, 0, 0, 0, 0, 0, 0, 0, 0, 0, 0, 0, 0, 0, 0, 0, 0, 0, 0, 0, 0, 0, 0, 0, 1, 1, 1, 1, 1, 1, 1, 1, 1, 1, 0, 0, 0, 0, 0, 0, 0, 0, 0, 0, 0, 0, 0, 0, 0, 0, 0, 0, 0, 0, 0, 0, 0, 0, 0, 0, 0, 0, 0, 0, 0, 0, 0, 0, 0, 0, 0, 0, 0, 0, 0, 0, 0, 0, 0, 0], "is_anomalous": true, "anomaly_type": "shift", "anomaly_positions": [44, 45, 46, 47, 48, 49, 50, 51, 52, 53], "length": 100}