{"id": "anomalous_000301", "series": [46.16, 48.04, 52.31, 51.84, 51.92, 51.95, 53.75, 51.15, 52.8, 50.88, 49.28, 49.84, 49.91, 45.77, 45.93, 43.63, 43.3, 43.66, 42.91, 43.68, 46.33, 42.68, 41.16, 44.25, 47.79, 49.81, 48.66, 56.38, 53.26, 54.21, 53.32, 51.76, 54.15, 51.93, 52.41, 51.09, 47.09, 48.27, 46.19, 46.49, 44.63, 43.26, 41.68, 45.87, 46.13, 45.15, 48.06, 48.94, 52.3, 48.82, 53.46, 54.29, 55.7, 58.1, 55.35, 55.37, 52.01, 51.69, 51.08, 52.95, 51.4, 50.032705314025804, 49.40758131185573, 50.90080533770262, 51.71324161609082, 51.24576595329729, 48.78980362765424, 52.355910111362, 51.89708166998781, 56.7443141661993, 51.474668390069176, 62.028523627209225, 58.575460762796325, 67.60600331668697, 70.95753325765999, 73.07785650707444, 70.0726561380566, 69.08405418678517, 85.48775177920874, 78.33676463928381, 65.63684807932667, 69.7811473661491, 74.83394697526072, 75.61735058703059, 83.01543310706344, 83.81493453898071, 68.67896565899014, 62.341899330429655, 61.18282767803629, 77.64830569198895, 67.69612655582088, 65.19381616607014, 86.02597769900632, 70.31700364763707, 100.7680631487772, 75.0689274895096, 73.46590036940259, 81.11720256997086, 77.39948720438935, 99.80638829545157], "labels": [0, 0, 0, 0, 0, 0, 0, 0, 0, 0, 0, 0, 0, 0, 0, 0, 0, 0, 0, 0, 0, 0, 0, 0, 0, 0, 0, 0, 0, 0, 0, 0, 0, 0, 0, 0, 0, 0, 0, 0, 0, 0, 0, 0, 0, 0, 0, 0, 0, 0, 0, 0, 0, 0, 0, 0, 0, 0, 0, 0, 1, 1, 1, 1, 1, 1, 1, 1, 1, 1, 1, 1, 1, 1, 1, 1, 1, 1, 1, 1, 1, 1, 1, 1, 1, 1, 1, 1, 1, 1, 1, 1, 1, 1, 1, 1, 1, 1, 1, 1], "is_anomalous": true, "anomaly_type": "trend_change", "anomaly_positions": [60, 61, 62, 63, 64, 65, 66, 67, 68, 69, 70, 71, 72, 73, 74, 75, 76, 77, 78, 79, 80, 81, 82, 83, 84, 85, 86, 87, 88, 89, 90, 91, 92, 93, 94, 95, 96, 97, 98, 99], "length": 100}