{"id": "anomalous_000407", "series": [50.08, 50.45, 53.96, 59.59, 52.26, 58.77, 57.44, 57.98, 55.95, 57.33, 56.4, 52.96, 54.13, 53.2, 46.78, 49.3, 51.27, 50.31, 47.68, 50.54, 48.89, 53.83, 51.33, 49.49, 49.94, 56.91, 54.06, 53.08, 65.57, 60.23, 61.89, 53.21, 62.38, 56.84, 56.12, 47.14, 52.29, 51.64, 54.49, 49.87, 50.53, 55.72, 48.79, 44.89, 48.28, 48.24, 57.66, 48.98, 58.09, 54.93, 53.7, 56.29, 58.28, 60.45, 58.47, 56.31, 60.07, 58.72, 52.48, 59.81, 59.39, 54.52, 54.16, 45.18144090590349, 51.9119048602379, 49.79389684934745, 53.36822612552141, 54.64529493666314, 57.60228484935064, 59.51160349365483, 64.79558947077815, 66.53471878446398, 57.93250748322704, 62.91745314551407, 76.36740729443139, 74.47618770958509, 64.30523550311632, 74.44021637357471, 68.54854360117153, 78.32777710223861, 68.3121957470647, 65.30263988451456, 69.10913014340282, 85.90367242116815, 82.21305535232338, 81.50232866109933, 64.21960263294602, 82.27459264900425, 79.13454353689112, 72.90724698108725, 71.43048422573268, 76.19203945658833, 77.95471918214965, 78.43798095104081, 83.72077565879557, 79.9190773794077, 69.77460655308178, 93.83892254859143, 81.51567096788622, 82.70616039858915], "labels": [0, 0, 0, 0, 0, 0, 0, 0, 0, 0, 0, 0, 0, 0, 0, 0, 0, 0, 0, 0, 0, 0, 0, 0, 0, 0, 0, 0, 0, 0, 0, 0, 0, 0, 0, 0, 0, 0, 0, 0, 0, 0, 0, 0, 0, 0, 0, 0, 0, 0, 0, 0, 0, 0, 0, 0, 0, 0, 0, 0, 0, 0, 1, 1, 1, 1, 1, 1, 1, 1, 1, 1, 1, 1, 1, 1, 1, 1, 1, 1, 1, 1, 1, 1, 1, 1, 1, 1, 1, 1, 1, 1, 1, 1, 1, 1, 1, 1, 1, 1], "is_anomalous": true, "anomaly_type": "trend_change", "anomaly_positions": [62, 63, 64, 65, 66, 67, 68, 69, 70, 71, 72, 73, 74, 75, 76, 77, 78, 79, 80, 81, 82, 83, 84, 85, 86, 87, 88, 89, 90, 91, 92, 93, 94, 95, 96, 97, 98, 99], "length": 100}