{"id": "anomalous_000655", "series": [54.33, 54.5, 56.77, 59.16, 60.52, 60.23, 59.24, 60.3, 58.41, 57.94, 57.48, 55.27, 55.67, 54.37, 51.92, 49.7, 49.79, 50.08, 51.85, 50.03, 50.26, 51.07, 52.59, 52.65, 55.28, 57.44, 56.93, 58.63, 58.89, 59.95, 59.81, 60.32, 60.74, 57.61, 58.26, 54.77, 54.79, 55.1, 54.39, 53.83, 48.7, 50.72, 48.17, 49.73, 52.9, 53.33, 53.0, 53.63, 54.53, 56.45, 56.1, 59.3, 60.19, 58.43, 60.48, 90.5894289463416, 89.9194289463416, 89.29942894634159, 87.6094289463416, 87.8994289463416, 86.1694289463416, 85.6394289463416, 82.79942894634159, 83.3394289463416, 80.7194289463416, 48.2, 49.82, 50.75, 50.07, 51.61, 54.38, 53.04, 53.9, 57.48, 56.97, 59.59, 58.73, 60.69, 60.46, 60.12, 60.52, 59.15, 56.56, 55.48, 55.0, 53.44, 51.95, 50.78, 48.88, 50.57, 49.73, 48.92, 49.51, 50.8, 53.91, 56.38, 55.42, 56.09, 57.09, 57.99], "labels": [0, 0, 0, 0, 0, 0, 0, 0, 0, 0, 0, 0, 0, 0, 0, 0, 0, 0, 0, 0, 0, 0, 0, 0, 0, 0, 0, 0, 0, 0, 0, 0, 0, 0, 0, 0, 0, 0, 0, 0, 0, 0, 0, 0, 0, 0, 0, 0, 0, 0, 0, 0, 0, 0, 0, 1, 1, 1, 1, 1, 1, 1, 1, 1, 1, 0, 0, 0, 0, 0, 0, 0, 0, 0, 0, 0, 0, 0, 0, 0, 0, 0, 0, 0, 0, 0, 0, 0, 0, 0, 0, 0, 0, 0, 0, 0, 0, 0, 0, 0], "is_anomalous": true, "anomaly_type": "shift", "anomaly_positions": [55, 56, 57, 58, 59, 60, 61, 62, 63, 64], "length": 100}