{"id": "anomalous_000549", "series": [47.51, 52.79, 50.25, 54.63, 53.61, 56.31, 54.99, 57.81, 49.9, 51.05, 47.85, 52.52, 51.48, 48.12, 49.47, 46.22, 45.85, 44.56, 43.71, 41.96, 40.76, 44.84, 50.18, 44.19, 49.98, 50.77, 52.94, 46.85, 53.81, 52.16, 54.36, 54.7, 54.76, 51.72, 53.15, 47.71, 51.06, 47.68, 47.47, 48.92, 43.56, 44.01, 43.43, 42.44, 45.22, 42.78, 45.87, 47.52, 47.52, 46.52, 49.38, 53.33, 46.1, 46.11, 54.99, 60.45, 50.18, 48.35, 49.13, 46.43, 50.46, 45.59, 44.43, 39.09, 44.12, 43.95, 42.78, 38.3, 70.23190023367073, 70.91190023367074, 76.59190023367074, 75.84190023367074, 79.43190023367073, 73.83190023367072, 80.61190023367072, 80.12190023367073, 82.07190023367073, 77.54190023367073, 48.06, 48.8, 46.33, 48.68, 48.7, 49.51, 48.37, 40.9, 43.84, 42.37, 41.16, 43.34, 40.17, 41.62, 43.63, 39.02, 40.39, 42.09, 51.94, 47.37, 46.49, 56.09], "labels": [0, 0, 0, 0, 0, 0, 0, 0, 0, 0, 0, 0, 0, 0, 0, 0, 0, 0, 0, 0, 0, 0, 0, 0, 0, 0, 0, 0, 0, 0, 0, 0, 0, 0, 0, 0, 0, 0, 0, 0, 0, 0, 0, 0, 0, 0, 0, 0, 0, 0, 0, 0, 0, 0, 0, 0, 0, 0, 0, 0, 0, 0, 0, 0, 0, 0, 0, 0, 1, 1, 1, 1, 1, 1, 1, 1, 1, 1, 0, 0, 0, 0, 0, 0, 0, 0, 0, 0, 0, 0, 0, 0, 0, 0, 0, 0, 0, 0, 0, 0], "is_anomalous": true, "anomaly_type": "shift", "anomaly_positions": [68, 69, 70, 71, 72, 73, 74, 75, 76, 77], "length": 100}