{"id": "anomalous_000678", "series": [51.66, 54.8, 53.76, 54.81, 54.31, 53.9, 54.62, 57.28, 58.81, 60.5, 58.62, 55.07, 54.19, 48.09, 44.68, 50.17, 50.02, 46.26, 43.06, 48.59, 46.91, 44.55, 45.97, 49.27, 47.65, 54.38, 60.47, 56.03, 59.25, 52.16, 57.54, 59.76, 58.31, 56.89, 58.28, 47.0, 53.21, 48.42, 49.37, 50.12, 41.98, 45.64, 42.2, 41.82, 46.54, 51.45, 48.11, 56.93, 55.24, 55.56, 56.89, 52.95, 60.25, 57.3, 56.364470268632815, 56.25891342205366, 57.0319646889743, 56.49362217761461, 62.65576157701097, 57.7509017269348, 54.900495855485374, 55.804994911210166, 60.27768562514936, 66.01205152617179, 62.475091124676986, 67.6869290750409, 64.37231831962828, 69.21504192725186, 68.88600716513233, 66.69474794392713, 58.7066356098017, 78.32607550248999, 72.01604234622017, 75.57565468116933, 80.18793877192661, 76.80935962083399, 73.21412806599534, 72.58608745041931, 82.61949879162495, 84.59915382770484, 76.72860834479224, 73.67122108099971, 89.76683786561591, 89.14120141909653, 77.44038613307228, 86.29063060993096, 93.18959310097154, 82.02470780367268, 86.24646815362512, 75.32185215951856, 93.1336318724197, 103.75037899937864, 92.98566975440062, 84.2103305483699, 74.11134140743893, 88.94738595530318, 113.36601110152, 96.75332668431332, 104.73130960316267, 114.47349449125385], "labels": [0, 0, 0, 0, 0, 0, 0, 0, 0, 0, 0, 0, 0, 0, 0, 0, 0, 0, 0, 0, 0, 0, 0, 0, 0, 0, 0, 0, 0, 0, 0, 0, 0, 0, 0, 0, 0, 0, 0, 0, 0, 0, 0, 0, 0, 0, 0, 0, 0, 0, 0, 0, 0, 1, 1, 1, 1, 1, 1, 1, 1, 1, 1, 1, 1, 1, 1, 1, 1, 1, 1, 1, 1, 1, 1, 1, 1, 1, 1, 1, 1, 1, 1, 1, 1, 1, 1, 1, 1, 1, 1, 1, 1, 1, 1, 1, 1, 1, 1, 1], "is_anomalous": true, "anomaly_type": "trend_change", "anomaly_positions": [53, 54, 55, 56, 57, 58, 59, 60, 61, 62, 63, 64, 65, 66, 67, 68, 69, 70, 71, 72, 73, 74, 75, 76, 77, 78, 79, 80, 81, 82, 83, 84, 85, 86, 87, 88, 89, 90, 91, 92, 93, 94, 95, 96, 97, 98, 99], "length": 100}