{"id": "anomalous_000231", "series": [47.81, 49.42, 51.17, 51.87, 52.59, 53.33, 50.94, 49.85, 52.65, 51.05, 50.86, 50.16, 50.04, 43.52, 42.93, 43.75, 43.3, 42.59, 44.82, 43.69, 43.99, 44.32, 43.65, 49.03, 47.0, 49.27, 48.82, 52.15, 52.25, 52.48, 53.3, 55.37, 52.38, 53.38, 51.96, 49.8315422185807, 45.987972716174305, 28.52995931355645, 38.35433593296452, 40.53411010824696, 14.543726694105189, 38.592863968657205, 65.77594024358339, 51.618604990874815, 44.66090579805777, 17.327157833935917, 18.198753503010156, 29.488611352141913, 55.89483070948694, 61.953265967407155, 33.142395420636575, 48.70329386635217, 60.462068940649, 59.24928045613681, 41.863328839013775, 54.34, 52.67, 52.42, 51.57, 50.51, 49.3, 47.22, 47.13, 46.5, 44.23, 43.3, 44.32, 45.65, 46.61, 45.63, 49.04, 49.56, 49.98, 52.13, 54.06, 54.43, 53.06, 56.78, 56.86, 54.62, 56.88, 53.74, 55.31, 53.67, 50.51, 47.63, 48.0, 47.15, 45.54, 46.04, 45.38, 45.44, 46.17, 47.91, 50.48, 50.45, 52.08, 53.69, 53.57, 54.25], "labels": [0, 0, 0, 0, 0, 0, 0, 0, 0, 0, 0, 0, 0, 0, 0, 0, 0, 0, 0, 0, 0, 0, 0, 0, 0, 0, 0, 0, 0, 0, 0, 0, 0, 0, 0, 1, 1, 1, 1, 1, 1, 1, 1, 1, 1, 1, 1, 1, 1, 1, 1, 1, 1, 1, 1, 0, 0, 0, 0, 0, 0, 0, 0, 0, 0, 0, 0, 0, 0, 0, 0, 0, 0, 0, 0, 0, 0, 0, 0, 0, 0, 0, 0, 0, 0, 0, 0, 0, 0, 0, 0, 0, 0, 0, 0, 0, 0, 0, 0, 0], "is_anomalous": true, "anomaly_type": "variance_change", "anomaly_positions": [35, 36, 37, 38, 39, 40, 41, 42, 43, 44, 45, 46, 47, 48, 49, 50, 51, 52, 53, 54], "length": 100}