{"id": "anomalous_000588", "series": [48.61, 50.27, 53.6, 46.16, 48.56, 51.98, 49.2, 57.89, 50.96, 42.17, 45.66, 50.67, 43.75, 48.03, 43.95, 41.35, 39.72, 35.95, 45.6, 39.67, 43.13, 39.98, 45.32, 50.38, 43.42, 44.99, 50.77, 53.62, 52.08, 54.04, 50.82, 46.15, 49.03, 51.8, 48.92, 49.43, 47.64, 40.73, 42.41, 41.68, 34.94, 37.09, 35.12, 34.45, 41.43, 38.11, 43.47, 49.25, 48.17, 47.54, 50.63, 48.91, 45.85, 51.25, 47.26, 46.67, 41.11, 48.64, 45.71, 44.78, 45.89, 42.79, 39.31, 26.894140925753078, 25.501475410180504, 39.26822031992102, 52.2649069715771, 45.70581575832321, 15.335690830085063, 43.736393367741826, 24.06419512885706, 28.249320906193958, 36.07164378387175, 51.34911477433587, 40.49568353864594, 50.34295975612271, 77.62865576049406, 65.00005069760196, 63.11366998042806, 33.35299212126173, 54.87967409831977, 67.62702215993119, 56.592979173154035, 47.38, 41.33, 45.71, 40.29, 37.91, 38.68, 33.49, 34.37, 39.38, 40.44, 41.88, 44.95, 43.97, 43.82, 43.2, 47.55, 43.72], "labels": [0, 0, 0, 0, 0, 0, 0, 0, 0, 0, 0, 0, 0, 0, 0, 0, 0, 0, 0, 0, 0, 0, 0, 0, 0, 0, 0, 0, 0, 0, 0, 0, 0, 0, 0, 0, 0, 0, 0, 0, 0, 0, 0, 0, 0, 0, 0, 0, 0, 0, 0, 0, 0, 0, 0, 0, 0, 0, 0, 0, 0, 0, 0, 1, 1, 1, 1, 1, 1, 1, 1, 1, 1, 1, 1, 1, 1, 1, 1, 1, 1, 1, 1, 0, 0, 0, 0, 0, 0, 0, 0, 0, 0, 0, 0, 0, 0, 0, 0, 0], "is_anomalous": true, "anomaly_type": "variance_change", "anomaly_positions": [63, 64, 65, 66, 67, 68, 69, 70, 71, 72, 73, 74, 75, 76, 77, 78, 79, 80, 81, 82], "length": 100}