{"id": "anomalous_000498", "series": [48.54, 47.51, 54.71, 50.33, 52.17, 53.26, 54.29, 53.86, 53.44, 54.25, 50.46, 50.27, 47.94, 50.98, 44.49, 47.37, 46.99, 44.81, 43.22, 44.41, 42.9, 42.38, 45.5, 44.76, 47.66, 48.7, 50.33, 48.87, 50.8, 52.27, 53.4, 53.21, 52.9, 51.86, 50.21, 49.72, 47.16, 48.7, 44.76, 42.08, 43.06, 42.09, 43.22, 40.03, 42.88, 45.73, 43.77, 46.03, 46.8, 49.75, 49.48, 48.53, 50.02, 53.59, 55.55, 52.66, 48.35, 52.72, 50.34, 40.76607807227863, 46.345776306644325, 51.002634296797986, 37.041840933696975, 30.8038482573642, 23.507746967030528, 44.228840251729046, 47.013641484225765, 40.85396758431895, 29.70769635263308, 33.481311165073556, 45.22684294836653, 73.24858399685054, 55.57260430992355, 32.739245323729904, 35.19710311821453, 73.24274441237446, 62.48556299348963, 50.2016965025833, 39.053471184982754, 50.82, 48.5, 48.39, 49.35, 46.64, 49.16, 43.33, 45.84, 41.49, 41.81, 41.47, 40.32, 40.29, 41.99, 42.44, 43.43, 43.79, 45.35, 42.17, 47.89, 49.46], "labels": [0, 0, 0, 0, 0, 0, 0, 0, 0, 0, 0, 0, 0, 0, 0, 0, 0, 0, 0, 0, 0, 0, 0, 0, 0, 0, 0, 0, 0, 0, 0, 0, 0, 0, 0, 0, 0, 0, 0, 0, 0, 0, 0, 0, 0, 0, 0, 0, 0, 0, 0, 0, 0, 0, 0, 0, 0, 0, 0, 1, 1, 1, 1, 1, 1, 1, 1, 1, 1, 1, 1, 1, 1, 1, 1, 1, 1, 1, 1, 0, 0, 0, 0, 0, 0, 0, 0, 0, 0, 0, 0, 0, 0, 0, 0, 0, 0, 0, 0, 0], "is_anomalous": true, "anomaly_type": "variance_change", "anomaly_positions": [59, 60, 61, 62, 63, 64, 65, 66, 67, 68, 69, 70, 71, 72, 73, 74, 75, 76, 77, 78], "length": 100}