{"id": "anomalous_000173", "series": [46.7, 47.38, 46.08, 50.23, 50.52, 53.95, 55.33, 55.05, 55.52, 54.07, 52.16, 47.46, 50.71, 44.44, 39.94, 38.58, 44.26, 39.7, 43.95, 45.93, 43.25, 41.62, 44.76, 46.76, 48.0, 45.12, 48.95, 55.72, 49.8, 52.26, 51.5, 53.0, 53.37, 50.79, 49.03, 47.16, 42.53, 49.13, 46.82, 42.05, 43.01, 45.39, 40.63, 43.24, 43.86, 46.8, 48.52, 42.97, 51.62, 45.31, 50.15, 54.22, 54.35, 55.02, 51.73, 51.76, 50.02, 51.43, 47.99, 53.23, 50.09, 51.11, 43.6, 43.36, 7.412307386122102, 9.642307386122106, 5.242307386122107, 2.532307386122106, 0.5323073861221062, 0.6023073861221064, 2.802307386122102, 5.852307386122106, 11.942307386122103, 10.412307386122102, 51.6, 53.99, 52.3, 56.27, 51.71, 53.98, 54.52, 52.88, 50.14, 48.61, 47.5, 44.1, 54.77, 46.44, 41.51, 42.99, 43.98, 46.1, 44.79, 47.65, 54.89, 44.22, 46.91, 47.52, 44.19, 54.29], "labels": [0, 0, 0, 0, 0, 0, 0, 0, 0, 0, 0, 0, 0, 0, 0, 0, 0, 0, 0, 0, 0, 0, 0, 0, 0, 0, 0, 0, 0, 0, 0, 0, 0, 0, 0, 0, 0, 0, 0, 0, 0, 0, 0, 0, 0, 0, 0, 0, 0, 0, 0, 0, 0, 0, 0, 0, 0, 0, 0, 0, 0, 0, 0, 0, 1, 1, 1, 1, 1, 1, 1, 1, 1, 1, 0, 0, 0, 0, 0, 0, 0, 0, 0, 0, 0, 0, 0, 0, 0, 0, 0, 0, 0, 0, 0, 0, 0, 0, 0, 0], "is_anomalous": true, "anomaly_type": "shift", "anomaly_positions": [64, 65, 66, 67, 68, 69, 70, 71, 72, 73], "length": 100}