{"id": "anomalous_000513", "series": [49.57, 52.28, 52.14, 52.12, 53.12, 53.99, 55.16, 56.33, 52.75, 53.24, 50.46, 54.44, 49.34, 48.52, 46.37, 46.99, 42.35, 46.45, 46.75, 44.8, 45.37, 44.93, 46.22, 47.95, 47.76, 48.26, 50.63, 52.93, 53.38, 52.01, 53.47, 53.68, 52.16, 52.3, 48.61, 50.53, 46.32, 46.49, 45.1, 44.81, 45.53, 43.65, 45.95, 43.71, 46.41, 43.74, 44.69, 46.63, 48.33, 48.9, 52.08, 53.76, 50.11, 54.66, 52.44, 53.74, 50.79, 50.11, 51.22, 48.7, 48.21, 44.3, 44.23, 46.58, 44.82, 42.07, 44.885855879903765, 47.496238324835836, 45.748793904745796, 45.10399684800162, 49.570257560591166, 55.82218419634721, 52.09195753370861, 55.70447775115736, 57.0532473029686, 61.03174127705923, 68.99008012666991, 65.48412330866319, 69.20010987171591, 62.695588787020334, 60.36137742751269, 71.9337982032544, 62.41115646619111, 68.67679110002318, 58.433500292831496, 69.75990007945063, 77.84052424358448, 76.45503160459586, 76.10346558413714, 72.63340174914978, 72.21595498294688, 61.114238680034056, 79.97165376007135, 61.53455318668304, 62.95040302665667, 74.59556022162022, 63.54477875296618, 70.49809110861389, 73.77024676931188, 90.53519042298922], "labels": [0, 0, 0, 0, 0, 0, 0, 0, 0, 0, 0, 0, 0, 0, 0, 0, 0, 0, 0, 0, 0, 0, 0, 0, 0, 0, 0, 0, 0, 0, 0, 0, 0, 0, 0, 0, 0, 0, 0, 0, 0, 0, 0, 0, 0, 0, 0, 0, 0, 0, 0, 0, 0, 0, 0, 0, 0, 0, 0, 0, 0, 0, 0, 0, 0, 1, 1, 1, 1, 1, 1, 1, 1, 1, 1, 1, 1, 1, 1, 1, 1, 1, 1, 1, 1, 1, 1, 1, 1, 1, 1, 1, 1, 1, 1, 1, 1, 1, 1, 1], "is_anomalous": true, "anomaly_type": "trend_change", "anomaly_positions": [65, 66, 67, 68, 69, 70, 71, 72, 73, 74, 75, 76, 77, 78, 79, 80, 81, 82, 83, 84, 85, 86, 87, 88, 89, 90, 91, 92, 93, 94, 95, 96, 97, 98, 99], "length": 100}