{"id": "anomalous_000020", "series": [52.99, 55.65, 59.18, 58.8, 57.24, 63.87, 56.92, 60.26, 62.03, 59.39, 58.86, 56.25, 54.66, 52.45, 52.97, 53.4, 52.35, 50.15, 49.77, 50.62, 51.94, 53.87, 52.93, 55.49, 53.28, 58.95, 58.41, 54.98, 57.27, 61.95, 61.73, 62.81, 59.71, 62.59, 59.5, 57.27, 56.34, 53.21, 52.26, 55.55, 51.4, 52.13, 48.28, 50.81, 53.1, 52.78, 54.63, 55.5, 54.81, 57.37, 57.29, 59.65, 60.4, 61.47, 64.28, 65.07, 90.36640129985864, 90.43640129985863, 86.68640129985863, 88.98640129985864, 86.77640129985863, 83.34640129985863, 83.83640129985864, 81.09640129985863, 79.56640129985864, 80.95640129985864, 51.06, 53.71, 52.17, 53.41, 56.03, 56.51, 57.58, 58.59, 58.57, 59.54, 60.87, 64.43, 61.32, 62.22, 64.45, 59.41, 61.24, 57.84, 57.05, 56.96, 53.7, 55.78, 53.86, 50.77, 51.93, 52.69, 52.9, 54.28, 55.87, 57.51, 58.26, 58.09, 60.51, 59.93], "labels": [0, 0, 0, 0, 0, 0, 0, 0, 0, 0, 0, 0, 0, 0, 0, 0, 0, 0, 0, 0, 0, 0, 0, 0, 0, 0, 0, 0, 0, 0, 0, 0, 0, 0, 0, 0, 0, 0, 0, 0, 0, 0, 0, 0, 0, 0, 0, 0, 0, 0, 0, 0, 0, 0, 0, 0, 1, 1, 1, 1, 1, 1, 1, 1, 1, 1, 0, 0, 0, 0, 0, 0, 0, 0, 0, 0, 0, 0, 0, 0, 0, 0, 0, 0, 0, 0, 0, 0, 0, 0, 0, 0, 0, 0, 0, 0, 0, 0, 0, 0], "is_anomalous": true, "anomaly_type": "shift", "anomaly_positions": [56, 57, 58, 59, 60, 61, 62, 63, 64, 65], "length": 100}