{"id": "anomalous_000735", "series": [48.47, 45.24, 45.18, 48.79, 52.21, 53.24, 47.77, 55.82, 54.77, 49.69, 50.79, 49.28, 49.19, 45.83, 44.26, 41.73, 37.44, 38.83, 41.92, 41.09, 45.66, 46.13, 40.97, 42.06, 46.13, 50.25, 51.03, 53.68, 58.47, 50.72, 56.84, 54.14, 48.87, 52.09, 51.92, 49.66, 46.45, 43.1, 44.47, 41.83, 38.84, 41.4, 45.61, 37.71, 46.23, 42.21, 45.08, 44.44, 48.16, 49.02, 52.25, 46.54, 52.48, 52.78, 50.55, 53.69, 52.64, 54.12, 52.68, 48.93, 48.08, 47.09, 45.56, 49.22, 47.07, 41.29, 41.83677315072515, 48.006812703075234, 48.88009844682838, 49.74118581176597, 48.99235549816744, 50.594569384485354, 49.950896796065955, 54.31931865659663, 54.96259347998816, 62.88897690129321, 63.819726122601246, 58.19076231546405, 67.38631805075146, 60.84026558884778, 70.83791845381779, 70.83737945106142, 61.287003127749955, 71.74408935756392, 66.73590460356473, 56.211745343003265, 70.86270860127091, 58.89947879938784, 60.872089871178645, 65.64497213769879, 54.83921389563812, 66.13221102435605, 69.78444879879609, 80.59629234319502, 71.82718405052648, 91.00247887291896, 83.52896179299577, 81.04175601377011, 82.95350331512361, 81.69145557730798], "labels": [0, 0, 0, 0, 0, 0, 0, 0, 0, 0, 0, 0, 0, 0, 0, 0, 0, 0, 0, 0, 0, 0, 0, 0, 0, 0, 0, 0, 0, 0, 0, 0, 0, 0, 0, 0, 0, 0, 0, 0, 0, 0, 0, 0, 0, 0, 0, 0, 0, 0, 0, 0, 0, 0, 0, 0, 0, 0, 0, 0, 0, 0, 0, 0, 0, 1, 1, 1, 1, 1, 1, 1, 1, 1, 1, 1, 1, 1, 1, 1, 1, 1, 1, 1, 1, 1, 1, 1, 1, 1, 1, 1, 1, 1, 1, 1, 1, 1, 1, 1], "is_anomalous": true, "anomaly_type": "trend_change", "anomaly_positions": [65, 66, 67, 68, 69, 70, 71, 72, 73, 74, 75, 76, 77, 78, 79, 80, 81, 82, 83, 84, 85, 86, 87, 88, 89, 90, 91, 92, 93, 94, 95, 96, 97, 98, 99], "length": 100}