{"id": "anomalous_000026", "series": [43.81, 45.37, 50.46, 47.89, 52.2, 51.4, 50.32, 52.66, 48.86, 50.85, 45.87, 50.0, 45.67, 43.68, 39.57, 44.83, 41.54, 35.79, 40.55, 42.62, 37.47, 38.75, 43.33, 44.36, 43.54, 46.08, 47.31, 50.28, 47.38, 45.52, 46.53, 51.36, 49.58, 49.92, 45.2, 41.48, 46.59, 43.56, 43.69, 39.5, 44.95, 38.27, 39.97, 44.71, 42.03, 39.89, 41.26, 43.92, 45.51, 28.306874041617775, 50.60781484472111, 45.29489681759389, 44.378392777741716, 57.88301129090824, 51.19645595175314, 59.97486532835543, 43.75484234114403, 41.306685756474806, 34.47726950037872, 31.267886450389668, 57.19148808260985, 39.425504979749675, 59.86203215973017, 46.507127127266074, 41.78202485622355, 32.915098265610574, 54.11711385964786, 32.26321076447515, 31.15237618952521, 38.9, 37.0, 44.94, 47.06, 43.0, 44.4, 47.58, 47.94, 48.6, 48.76, 48.49, 45.89, 44.21, 43.98, 45.64, 46.05, 37.29, 38.55, 38.82, 38.43, 35.61, 35.9, 36.04, 40.27, 36.21, 43.44, 41.35, 38.03, 38.23, 40.75, 44.28], "labels": [0, 0, 0, 0, 0, 0, 0, 0, 0, 0, 0, 0, 0, 0, 0, 0, 0, 0, 0, 0, 0, 0, 0, 0, 0, 0, 0, 0, 0, 0, 0, 0, 0, 0, 0, 0, 0, 0, 0, 0, 0, 0, 0, 0, 0, 0, 0, 0, 0, 1, 1, 1, 1, 1, 1, 1, 1, 1, 1, 1, 1, 1, 1, 1, 1, 1, 1, 1, 1, 0, 0, 0, 0, 0, 0, 0, 0, 0, 0, 0, 0, 0, 0, 0, 0, 0, 0, 0, 0, 0, 0, 0, 0, 0, 0, 0, 0, 0, 0, 0], "is_anomalous": true, "anomaly_type": "variance_change", "anomaly_positions": [49, 50, 51, 52, 53, 54, 55, 56, 57, 58, 59, 60, 61, 62, 63, 64, 65, 66, 67, 68], "length": 100}