{"id": "anomalous_000371", "series": [50.25, 45.65, 47.84, 51.03, 52.09, 54.05, 50.43, 48.35, 50.49, 52.1, 46.11, 43.87, 45.41, 50.21, 45.18, 36.92, 43.47, 47.0, 44.75, 44.77, 43.31, 43.24, 43.78, 42.66, 44.19, 48.06, 48.58, 52.45, 46.13, 55.69, 48.79, 53.58, 55.96, 48.12, 50.7, 48.19, 48.79, 42.05, 45.37, 46.21, 44.5, 43.79, 38.48, 43.89, 45.02, 46.91, 43.32, 48.84, 52.01, 50.97, 50.14, 56.57, 53.64, 49.56, 53.54, 57.767964180540595, 91.667930049558, 29.562059233553136, 62.65651672300624, 66.13025736881859, 39.906751369040485, 50.817896144340054, 50.26918916059453, 41.00590190239369, 63.25685690147867, 60.141346223457546, 44.84680331213175, 27.491519079407176, 18.277020032433832, 51.06443881681594, 52.139904531219656, 33.91078386160319, 55.947441547185626, 41.91804401525635, 57.67258090903938, 50.48, 52.25, 52.0, 53.43, 49.87, 54.75, 51.23, 47.25, 44.93, 47.29, 47.3, 46.64, 43.44, 50.12, 40.38, 45.8, 43.08, 43.86, 47.96, 43.85, 52.44, 48.44, 53.01, 52.57, 54.66], "labels": [0, 0, 0, 0, 0, 0, 0, 0, 0, 0, 0, 0, 0, 0, 0, 0, 0, 0, 0, 0, 0, 0, 0, 0, 0, 0, 0, 0, 0, 0, 0, 0, 0, 0, 0, 0, 0, 0, 0, 0, 0, 0, 0, 0, 0, 0, 0, 0, 0, 0, 0, 0, 0, 0, 0, 1, 1, 1, 1, 1, 1, 1, 1, 1, 1, 1, 1, 1, 1, 1, 1, 1, 1, 1, 1, 0, 0, 0, 0, 0, 0, 0, 0, 0, 0, 0, 0, 0, 0, 0, 0, 0, 0, 0, 0, 0, 0, 0, 0, 0], "is_anomalous": true, "anomaly_type": "variance_change", "anomaly_positions": [55, 56, 57, 58, 59, 60, 61, 62, 63, 64, 65, 66, 67, 68, 69, 70, 71, 72, 73, 74], "length": 100}