{"id": "anomalous_000260", "series": [45.07, 47.5, 48.47, 50.14, 55.59, 53.82, 53.63, 54.63, 55.07, 50.46, 50.13, 51.23, 44.84, 48.66, 42.92, 42.21, 37.13, 39.46, 37.83, 39.62, 42.55, 49.1, 45.31, 49.6, 46.45, 47.73, 53.27, 49.55, 50.37, 48.77, 53.87, 51.05, 56.08, 52.03, 48.13, 50.97, 41.47, 44.75, 39.96, 44.75, 37.83, 36.08, 42.28, 40.14, 40.01, 46.94, 45.17, 45.46, 49.0, 79.26393994879966, 84.31393994879966, 79.28393994879966, 81.25393994879965, 96.64393994879967, 83.79393994879966, 86.81393994879966, 86.47393994879965, 80.59393994879966, 80.87393994879966, 48.29, 43.09, 39.13, 38.94, 34.83, 37.9, 45.95, 39.4, 40.91, 44.54, 37.8, 38.56, 40.22, 45.05, 42.16, 49.36, 50.16, 51.85, 49.16, 47.77, 48.99, 47.41, 49.89, 46.76, 41.27, 43.47, 39.8, 41.37, 38.71, 42.04, 39.17, 34.36, 38.62, 32.9, 34.93, 43.81, 46.77, 40.82, 40.99, 45.93, 47.57], "labels": [0, 0, 0, 0, 0, 0, 0, 0, 0, 0, 0, 0, 0, 0, 0, 0, 0, 0, 0, 0, 0, 0, 0, 0, 0, 0, 0, 0, 0, 0, 0, 0, 0, 0, 0, 0, 0, 0, 0, 0, 0, 0, 0, 0, 0, 0, 0, 0, 0, 1, 1, 1, 1, 1, 1, 1, 1, 1, 1, 0, 0, 0, 0, 0, 0, 0, 0, 0, 0, 0, 0, 0, 0, 0, 0, 0, 0, 0, 0, 0, 0, 0, 0, 0, 0, 0, 0, 0, 0, 0, 0, 0, 0, 0, 0, 0, 0, 0, 0, 0], "is_anomalous": true, "anomaly_type": "shift", "anomaly_positions": [49, 50, 51, 52, 53, 54, 55, 56, 57, 58], "length": 100}