{"id": "anomalous_000011", "series": [50.95, 52.48, 54.27, 54.71, 54.21, 57.91, 55.64, 53.83, 53.39, 55.39, 53.69, 53.59, 51.5, 46.43, 46.85, 46.73, 47.29, 45.44, 44.74, 46.91, 48.47, 47.12, 46.86, 48.37, 51.48, 52.06, 53.54, 54.01, 56.59, 55.81, 58.17, 54.36, 55.46, 54.19, 53.79, 53.85, 51.35, 48.3, 47.24, 48.34, 45.89, 44.35, 44.17, 47.09, 45.29, 47.6, 47.56, 49.63, 50.5, 52.2, 50.8, 54.47, 52.98, 54.44, 55.57, 56.24, 56.73, 52.55, 52.51, 52.14, 52.93, 48.44, 48.67, 48.85, 46.29, 46.14, 30.106809015884224, 28.45346649834906, 26.17853347747497, 32.911497493409854, 46.67683927470679, 49.58791120479534, 44.62715510546718, 29.51325103837496, 64.37995067740276, 34.110802159573055, 53.38007599746681, 67.24189682888195, 51.12902046381375, 45.48172523261651, 25.59136367877851, 49.70799135461765, 28.31178739925791, 51.49626496540084, 46.24331667519483, 37.585458771851144, 48.57, 48.57, 48.85, 43.37, 45.55, 44.37, 47.08, 47.59, 46.72, 46.35, 50.88, 52.29, 51.58, 51.96], "labels": [0, 0, 0, 0, 0, 0, 0, 0, 0, 0, 0, 0, 0, 0, 0, 0, 0, 0, 0, 0, 0, 0, 0, 0, 0, 0, 0, 0, 0, 0, 0, 0, 0, 0, 0, 0, 0, 0, 0, 0, 0, 0, 0, 0, 0, 0, 0, 0, 0, 0, 0, 0, 0, 0, 0, 0, 0, 0, 0, 0, 0, 0, 0, 0, 0, 0, 1, 1, 1, 1, 1, 1, 1, 1, 1, 1, 1, 1, 1, 1, 1, 1, 1, 1, 1, 1, 0, 0, 0, 0, 0, 0, 0, 0, 0, 0, 0, 0, 0, 0], "is_anomalous": true, "anomaly_type": "variance_change", "anomaly_positions": [66, 67, 68, 69, 70, 71, 72, 73, 74, 75, 76, 77, 78, 79, 80, 81, 82, 83, 84, 85], "length": 100}