{"id": "anomalous_000359", "series": [54.61, 50.9, 52.01, 50.29, 54.76, 55.12, 56.91, 54.72, 52.24, 54.39, 50.02, 51.21, 46.45, 47.43, 47.18, 52.99, 42.23, 46.98, 47.86, 50.8, 45.28, 49.09, 49.17, 43.92, 49.29, 54.28, 50.56, 47.72, 55.86, 57.07, 58.05, 53.54, 53.75, 54.88, 55.56, 52.85, 37.077404432185745, 53.13485922637296, 28.67398186812184, 19.8814000069357, 28.902521515992674, 52.293292299451956, 50.83583150002008, 28.39730673467844, 56.21458710773001, 56.364883649826965, 43.111207235190754, 76.63214193966519, 60.20928551428496, 78.72833469997394, 60.035630182379876, 78.72943430813159, 73.57539664644435, 66.20562467076385, 62.67905967993612, 37.1564130619074, 53.34, 50.87, 51.45, 52.3, 50.8, 49.58, 48.77, 46.87, 53.36, 46.97, 41.59, 43.94, 50.06, 51.6, 48.82, 46.01, 54.43, 50.24, 51.23, 51.0, 52.99, 53.08, 57.59, 54.41, 50.04, 50.01, 51.41, 55.5, 53.18, 45.17, 42.06, 44.66, 39.92, 48.8, 41.41, 39.67, 46.43, 40.13, 46.64, 56.32, 51.67, 52.52, 54.12, 48.89], "labels": [0, 0, 0, 0, 0, 0, 0, 0, 0, 0, 0, 0, 0, 0, 0, 0, 0, 0, 0, 0, 0, 0, 0, 0, 0, 0, 0, 0, 0, 0, 0, 0, 0, 0, 0, 0, 1, 1, 1, 1, 1, 1, 1, 1, 1, 1, 1, 1, 1, 1, 1, 1, 1, 1, 1, 1, 0, 0, 0, 0, 0, 0, 0, 0, 0, 0, 0, 0, 0, 0, 0, 0, 0, 0, 0, 0, 0, 0, 0, 0, 0, 0, 0, 0, 0, 0, 0, 0, 0, 0, 0, 0, 0, 0, 0, 0, 0, 0, 0, 0], "is_anomalous": true, "anomaly_type": "variance_change", "anomaly_positions": [36, 37, 38, 39, 40, 41, 42, 43, 44, 45, 46, 47, 48, 49, 50, 51, 52, 53, 54, 55], "length": 100}