{"id": "anomalous_000334", "series": [50.89, 53.72, 54.62, 55.17, 59.39, 59.74, 54.41, 58.05, 54.19, 57.52, 53.2, 52.71, 50.31, 51.65, 47.36, 48.51, 48.29, 46.16, 45.75, 46.98, 47.14, 47.65, 48.8, 50.07, 53.19, 50.7, 52.13, 55.19, 55.98, 58.13, 61.15, 56.64, 57.43, 54.44, 51.82, 53.16294566641632, 53.92311957693545, 54.19627026560548, 53.149468778921005, 49.00438689413917, 52.02248491791769, 51.76316007088095, 58.80787258892761, 52.512146876728366, 58.64436575685411, 58.483612395057754, 57.63643772311437, 61.93173455699217, 63.957786383122595, 73.91747630474977, 70.8166150040639, 61.601445805965724, 75.79534605654489, 85.5018034403534, 79.88141153489642, 78.5856214772839, 68.0636402802307, 80.84799976634488, 78.97795213609162, 70.29293583209348, 75.54421731039062, 82.79071130092007, 73.02220447043067, 68.31270539925947, 64.6158492520109, 72.57139753467774, 62.77573039789069, 69.30209731595546, 79.77900674981274, 69.55380244843553, 84.69836294767029, 79.77399468939136, 101.15578805462106, 93.1267640678451, 77.14101031520823, 84.57918809116634, 99.49671069588172, 83.73909767820685, 119.28837192556662, 104.61196079697271, 121.72670658074279, 82.63818498943355, 113.38447391674289, 113.46953158948158, 98.78066731736646, 95.90864247461634, 123.3061121929893, 81.47761358900712, 123.90492361196085, 117.30149398723395, 102.62629781685834, 84.1442350714125, 92.02807092702378, 106.4900132940403, 137.06429970718028, 116.94287906031319, 114.78856838704684, 91.77568609913546, 124.29471650103642, 137.42425562659588], "labels": [0, 0, 0, 0, 0, 0, 0, 0, 0, 0, 0, 0, 0, 0, 0, 0, 0, 0, 0, 0, 0, 0, 0, 0, 0, 0, 0, 0, 0, 0, 0, 0, 0, 0, 1, 1, 1, 1, 1, 1, 1, 1, 1, 1, 1, 1, 1, 1, 1, 1, 1, 1, 1, 1, 1, 1, 1, 1, 1, 1, 1, 1, 1, 1, 1, 1, 1, 1, 1, 1, 1, 1, 1, 1, 1, 1, 1, 1, 1, 1, 1, 1, 1, 1, 1, 1, 1, 1, 1, 1, 1, 1, 1, 1, 1, 1, 1, 1, 1, 1], "is_anomalous": true, "anomaly_type": "trend_change", "anomaly_positions": [34, 35, 36, 37, 38, 39, 40, 41, 42, 43, 44, 45, 46, 47, 48, 49, 50, 51, 52, 53, 54, 55, 56, 57, 58, 59, 60, 61, 62, 63, 64, 65, 66, 67, 68, 69, 70, 71, 72, 73, 74, 75, 76, 77, 78, 79, 80, 81, 82, 83, 84, 85, 86, 87, 88, 89, 90, 91, 92, 93, 94, 95, 96, 97, 98, 99], "length": 100}