{"id": "anomalous_000189", "series": [55.68, 54.33, 56.0, 61.47, 58.45, 52.74, 59.5, 59.4, 61.01, 59.07, 53.65, 48.44, 53.37, 50.02, 47.2, 44.32, 52.64, 50.65, 42.97, 47.55, 49.58, 50.75, 50.72, 50.72, 49.66, 52.76, 54.32, 56.88, 57.87, 55.0, 56.95, 59.18, 56.85, 53.08, 57.2, 56.14, 58.84, 51.41, 51.88, 49.37, 50.27, 44.44, 48.42, 52.19, 49.38, 41.84, 53.74, 52.43, 51.71, 56.47, 56.3, 58.87, 51.54, 55.98, 58.31, 55.24, 64.19989240871527, 73.82908797750758, 49.18348713516354, 35.692898955191595, 65.69784260707148, 42.26587879914077, 71.43210699170108, 48.4057385208429, 34.03586525473184, 45.930875221457455, 57.71491928930895, 42.611434842964385, 20.456772305280815, 54.91871489084793, 41.43161258623492, 47.79483992580119, 64.03004316315224, 52.6299016126501, 29.059728248094913, 43.41854543427097, 57.47, 55.96, 58.98, 55.37, 56.19, 58.12, 55.06, 54.34, 56.4, 54.16, 51.58, 48.1, 50.22, 49.46, 45.85, 46.14, 47.3, 49.81, 49.0, 47.95, 53.92, 53.2, 51.62, 52.96], "labels": [0, 0, 0, 0, 0, 0, 0, 0, 0, 0, 0, 0, 0, 0, 0, 0, 0, 0, 0, 0, 0, 0, 0, 0, 0, 0, 0, 0, 0, 0, 0, 0, 0, 0, 0, 0, 0, 0, 0, 0, 0, 0, 0, 0, 0, 0, 0, 0, 0, 0, 0, 0, 0, 0, 0, 0, 1, 1, 1, 1, 1, 1, 1, 1, 1, 1, 1, 1, 1, 1, 1, 1, 1, 1, 1, 1, 0, 0, 0, 0, 0, 0, 0, 0, 0, 0, 0, 0, 0, 0, 0, 0, 0, 0, 0, 0, 0, 0, 0, 0], "is_anomalous": true, "anomaly_type": "variance_change", "anomaly_positions": [56, 57, 58, 59, 60, 61, 62, 63, 64, 65, 66, 67, 68, 69, 70, 71, 72, 73, 74, 75], "length": 100}