{"id": "anomalous_000002", "series": [48.69, 47.99, 50.55, 50.83, 53.14, 50.53, 51.04, 51.35, 51.79, 50.74, 49.89, 48.76, 47.47, 46.7, 43.71, 44.97, 44.01, 44.05, 40.87, 41.71, 43.06, 43.59, 46.11, 44.55, 46.27, 48.96, 50.08, 50.62, 51.16, 52.51, 52.72, 53.68, 51.65, 51.33, 51.59, 46.7, 48.51, 46.98, 45.38, 45.56, 43.18, 43.24, 42.76, 42.33, 42.21, 43.99, 45.24, 19.717805947433693, 20.79780594743369, 23.597805947433695, 22.157805947433697, 24.127805947433696, 25.777805947433695, 28.287805947433693, 26.697805947433697, 26.247805947433694, 27.107805947433693, 50.29, 48.77, 48.32, 47.23, 45.98, 45.09, 43.11, 40.12, 41.67, 42.25, 40.56, 43.1, 43.48, 43.08, 45.45, 44.48, 46.41, 49.69, 49.72, 50.81, 51.83, 52.67, 51.75, 50.47, 48.57, 51.11, 48.23, 47.47, 46.29, 43.46, 43.82, 43.54, 42.51, 41.13, 42.02, 42.41, 43.2, 44.07, 45.0, 47.15, 46.8, 48.62, 48.97], "labels": [0, 0, 0, 0, 0, 0, 0, 0, 0, 0, 0, 0, 0, 0, 0, 0, 0, 0, 0, 0, 0, 0, 0, 0, 0, 0, 0, 0, 0, 0, 0, 0, 0, 0, 0, 0, 0, 0, 0, 0, 0, 0, 0, 0, 0, 0, 0, 1, 1, 1, 1, 1, 1, 1, 1, 1, 1, 0, 0, 0, 0, 0, 0, 0, 0, 0, 0, 0, 0, 0, 0, 0, 0, 0, 0, 0, 0, 0, 0, 0, 0, 0, 0, 0, 0, 0, 0, 0, 0, 0, 0, 0, 0, 0, 0, 0, 0, 0, 0, 0], "is_anomalous": true, "anomaly_type": "shift", "anomaly_positions": [47, 48, 49, 50, 51, 52, 53, 54, 55, 56], "length": 100}