{"id": "anomalous_000052", "series": [54.99, 55.78, 59.68, 50.9, 61.32, 59.26, 54.22, 56.94, 56.05, 56.49, 52.32, 53.12, 50.93, 48.98, 52.05, 51.23, 45.74, 53.35, 46.69, 49.82, 45.59, 49.02, 48.17, 53.97, 49.46, 48.37, 56.15, 58.29, 56.17, 57.32, 56.72, 57.93, 55.49, 53.38, 52.51, 56.03, 49.1, 51.32, 47.66, 45.51, 44.96, 46.24, 35.85, 45.67, 47.89, 44.5, 50.07, 49.97, 47.24, 54.02, 51.32, 52.77, 58.65, 53.6, 50.85, 57.23, 53.43, 53.54, 54.64, 50.8, 42.23679679766047, 15.752115400753418, 43.14975459594008, 27.559938266719982, 27.314188695531513, 43.410114888985674, 45.37891100179278, 24.26908580806748, 59.384279679658384, 35.58300026037208, 63.331038526211536, 61.082212221354, 30.895029278470215, 46.35860156648104, 59.39737402136223, 67.766960740602, 65.54026632880088, 64.93451540172212, 65.60249983104846, 66.18192264974752, 55.44, 50.91, 57.95, 52.63, 44.12, 47.05, 46.29, 47.98, 43.0, 46.28, 47.72, 45.72, 48.83, 46.06, 46.92, 51.47, 50.68, 49.73, 54.86, 53.13], "labels": [0, 0, 0, 0, 0, 0, 0, 0, 0, 0, 0, 0, 0, 0, 0, 0, 0, 0, 0, 0, 0, 0, 0, 0, 0, 0, 0, 0, 0, 0, 0, 0, 0, 0, 0, 0, 0, 0, 0, 0, 0, 0, 0, 0, 0, 0, 0, 0, 0, 0, 0, 0, 0, 0, 0, 0, 0, 0, 0, 0, 1, 1, 1, 1, 1, 1, 1, 1, 1, 1, 1, 1, 1, 1, 1, 1, 1, 1, 1, 1, 0, 0, 0, 0, 0, 0, 0, 0, 0, 0, 0, 0, 0, 0, 0, 0, 0, 0, 0, 0], "is_anomalous": true, "anomaly_type": "variance_change", "anomaly_positions": [60, 61, 62, 63, 64, 65, 66, 67, 68, 69, 70, 71, 72, 73, 74, 75, 76, 77, 78, 79], "length": 100}