{"id": "anomalous_000435", "series": [50.23, 55.01, 56.45, 56.8, 59.28, 58.54, 59.79, 62.5, 55.06, 58.93, 52.68, 57.1, 56.51, 54.47, 48.69, 50.56, 52.68, 48.98, 44.09, 50.08, 49.6, 50.05, 54.27, 51.84, 53.86, 57.68, 52.75, 52.65, 57.2, 57.55, 60.23, 58.96, 54.98, 55.3, 51.45, 54.44, 56.18, 58.52, 50.45, 50.88, 51.64, 48.71, 48.96, 46.09, 53.14, 51.68, 48.31, 50.68, 48.72, 56.17, 59.9, 57.01, 56.33, 92.77010920323258, 97.98479189555371, 50.491028470394525, 82.87374920705864, 48.50817581475265, 32.656834116319935, 78.45674329654639, 35.77013496925811, 72.04429607195573, 44.91495800022287, 51.07263370447712, 60.57475770556284, 54.59177237192736, 28.357095522352616, -0.5096632862469903, 55.05075780471527, 67.3020084042466, 50.15349958831776, 36.47046168538712, 72.69210088161519, 51.33, 55.31, 57.17, 57.9, 59.38, 56.69, 58.58, 57.79, 57.87, 54.63, 57.42, 47.8, 54.94, 49.56, 46.92, 44.74, 49.37, 50.73, 46.81, 46.96, 52.01, 50.8, 48.91, 52.67, 57.27, 55.98, 53.66], "labels": [0, 0, 0, 0, 0, 0, 0, 0, 0, 0, 0, 0, 0, 0, 0, 0, 0, 0, 0, 0, 0, 0, 0, 0, 0, 0, 0, 0, 0, 0, 0, 0, 0, 0, 0, 0, 0, 0, 0, 0, 0, 0, 0, 0, 0, 0, 0, 0, 0, 0, 0, 0, 0, 1, 1, 1, 1, 1, 1, 1, 1, 1, 1, 1, 1, 1, 1, 1, 1, 1, 1, 1, 1, 0, 0, 0, 0, 0, 0, 0, 0, 0, 0, 0, 0, 0, 0, 0, 0, 0, 0, 0, 0, 0, 0, 0, 0, 0, 0, 0], "is_anomalous": true, "anomaly_type": "variance_change", "anomaly_positions": [53, 54, 55, 56, 57, 58, 59, 60, 61, 62, 63, 64, 65, 66, 67, 68, 69, 70, 71, 72], "length": 100}