{"id": "anomalous_000415", "series": [51.9, 55.08, 54.93, 54.49, 50.82, 57.14, 57.37, 57.51, 48.68, 56.79, 53.75, 51.96, 49.54, 50.6, 52.1, 49.95, 50.41, 51.66, 48.14, 46.56, 48.9, 49.82, 48.73, 49.66, 52.01, 57.49, 57.25, 54.55, 55.11, 59.41, 56.12, 56.0, 56.96, 58.04, 52.68, 49.52, 50.83, 52.73, 53.1, 44.51, 49.5, 50.91, 48.0, 50.25, 49.69, 47.96, 48.92, 49.12, 52.48, 57.95, 57.77, 57.31, 56.82, 59.82, 56.87, 60.59, 57.79, 60.03, 55.55, 53.59, 53.17, 52.49, 50.59, 47.72, 53.25, 50.859161762824975, 60.05832466768333, 41.10670082793694, 51.71506429839073, 22.4116909961936, 44.70128676572774, 53.0563373151347, 54.574510201168486, 53.35210615773802, 77.45937968150726, 35.193352670254, 46.859049083938594, 80.7802520686428, 64.12564016408419, 58.48588358310393, 72.76398828798712, 47.81993111016048, 65.827155842174, 84.05206916461007, 50.213024945785044, 55.13, 51.19, 49.53, 53.33, 46.86, 49.34, 51.09, 51.46, 50.19, 54.54, 57.49, 58.39, 54.16, 55.01, 59.71], "labels": [0, 0, 0, 0, 0, 0, 0, 0, 0, 0, 0, 0, 0, 0, 0, 0, 0, 0, 0, 0, 0, 0, 0, 0, 0, 0, 0, 0, 0, 0, 0, 0, 0, 0, 0, 0, 0, 0, 0, 0, 0, 0, 0, 0, 0, 0, 0, 0, 0, 0, 0, 0, 0, 0, 0, 0, 0, 0, 0, 0, 0, 0, 0, 0, 0, 1, 1, 1, 1, 1, 1, 1, 1, 1, 1, 1, 1, 1, 1, 1, 1, 1, 1, 1, 1, 0, 0, 0, 0, 0, 0, 0, 0, 0, 0, 0, 0, 0, 0, 0], "is_anomalous": true, "anomaly_type": "variance_change", "anomaly_positions": [65, 66, 67, 68, 69, 70, 71, 72, 73, 74, 75, 76, 77, 78, 79, 80, 81, 82, 83, 84], "length": 100}