{"id": "anomalous_000414", "series": [56.38, 56.12, 58.67, 59.88, 55.87, 56.43, 62.79, 57.64, 58.7, 59.73, 58.86, 54.05, 54.56, 54.82, 52.79, 50.86, 51.52, 47.78, 52.55, 49.09, 50.99, 51.67, 50.47, 54.71, 55.61, 55.99, 56.11, 61.51, 61.54, 56.63, 58.48, 59.47, 58.92, 58.38, 56.76, 58.44, 55.81, 53.09, 55.69, 50.14, 54.02, 50.38, 51.29, 49.67, 51.82, 52.43, 52.37, 53.74, 57.62, 57.15, 60.37, 60.1, 60.49, 61.01, 60.43, 61.07, 60.27, 59.01, 59.93, 55.02, 57.08, 58.69, 57.24, 53.21, 52.9, 54.19, 51.68, 53.18421808999414, 53.85034696628668, 59.92903796240739, 61.012314731700805, 62.220374413346725, 66.74785501069788, 66.97421798175588, 67.44098546917036, 70.14971489251037, 70.37000771445877, 73.33135033194279, 65.79893543978625, 72.77255311891231, 76.70553790780687, 72.95578587074554, 74.00962304623312, 70.12371953537794, 69.64596148713522, 73.85785302072374, 79.86379371007634, 72.62082187624982, 81.85310543727664, 72.84214280396901, 69.17381009362464, 75.6449140196593, 88.76245590629414, 92.20245556545885, 91.828198058528, 79.46870653984817, 94.23756350798516, 91.62541012164769, 102.63197386223644, 99.71634996523572], "labels": [0, 0, 0, 0, 0, 0, 0, 0, 0, 0, 0, 0, 0, 0, 0, 0, 0, 0, 0, 0, 0, 0, 0, 0, 0, 0, 0, 0, 0, 0, 0, 0, 0, 0, 0, 0, 0, 0, 0, 0, 0, 0, 0, 0, 0, 0, 0, 0, 0, 0, 0, 0, 0, 0, 0, 0, 0, 0, 0, 0, 0, 0, 0, 0, 0, 0, 1, 1, 1, 1, 1, 1, 1, 1, 1, 1, 1, 1, 1, 1, 1, 1, 1, 1, 1, 1, 1, 1, 1, 1, 1, 1, 1, 1, 1, 1, 1, 1, 1, 1], "is_anomalous": true, "anomaly_type": "trend_change", "anomaly_positions": [66, 67, 68, 69, 70, 71, 72, 73, 74, 75, 76, 77, 78, 79, 80, 81, 82, 83, 84, 85, 86, 87, 88, 89, 90, 91, 92, 93, 94, 95, 96, 97, 98, 99], "length": 100}