{"id": "anomalous_000190", "series": [51.49, 51.59, 56.73, 63.54, 59.0, 60.69, 53.98, 59.14, 57.82, 58.84, 59.67, 55.66, 53.4, 46.68, 55.83, 51.68, 50.2, 47.16, 45.73, 51.87, 47.34, 49.75, 48.58, 51.27, 55.98, 51.79, 53.46, 57.54, 55.88, 53.37, 58.89, 56.59, 55.13, 52.18, 55.44, 53.98, 48.38, 46.13, 50.82, 49.51, 50.22, 46.67, 36.09122408985724, 37.341933374816506, 77.86505161453964, 58.89660102847143, 54.80558372039144, 46.811658379486474, 72.94269204743479, 57.29165950442734, 39.23505014341728, 41.21765034508589, 69.80035463304836, 44.76394094928503, 49.46018714979269, 60.27143263160196, 49.751983719753845, 49.86464533385919, 41.800518499344825, 56.43590120301166, 46.1350760320879, 31.666471901640072, 51.97, 47.72, 42.34, 47.54, 45.91, 50.67, 44.21, 50.4, 46.27, 46.91, 50.95, 52.48, 54.12, 49.02, 50.04, 55.51, 59.93, 55.37, 61.25, 52.49, 54.16, 44.94, 49.9, 49.83, 51.46, 45.53, 47.4, 43.15, 40.88, 44.74, 47.48, 48.4, 46.09, 50.17, 48.06, 52.4, 56.17, 56.58], "labels": [0, 0, 0, 0, 0, 0, 0, 0, 0, 0, 0, 0, 0, 0, 0, 0, 0, 0, 0, 0, 0, 0, 0, 0, 0, 0, 0, 0, 0, 0, 0, 0, 0, 0, 0, 0, 0, 0, 0, 0, 0, 0, 1, 1, 1, 1, 1, 1, 1, 1, 1, 1, 1, 1, 1, 1, 1, 1, 1, 1, 1, 1, 0, 0, 0, 0, 0, 0, 0, 0, 0, 0, 0, 0, 0, 0, 0, 0, 0, 0, 0, 0, 0, 0, 0, 0, 0, 0, 0, 0, 0, 0, 0, 0, 0, 0, 0, 0, 0, 0], "is_anomalous": true, "anomaly_type": "variance_change", "anomaly_positions": [42, 43, 44, 45, 46, 47, 48, 49, 50, 51, 52, 53, 54, 55, 56, 57, 58, 59, 60, 61], "length": 100}