{"id": "anomalous_000012", "series": [55.47, 56.45, 56.5, 59.21, 58.2, 61.01, 59.19, 59.8, 61.05, 58.69, 56.98, 57.05, 51.64, 52.82, 51.73, 48.16, 50.96, 50.49, 48.79, 49.97, 49.83, 51.8, 53.18, 53.23, 53.87, 54.59, 55.09, 55.49, 56.9, 58.02, 59.51, 60.2, 58.76, 55.23, 57.69, 53.53, 53.38, 51.79, 79.07831975244684, 74.58831975244685, 74.57831975244684, 74.38831975244685, 75.19831975244685, 74.33831975244685, 76.60831975244685, 77.18831975244686, 76.03831975244685, 78.13831975244685, 52.5, 53.78, 54.96, 58.56, 58.0, 57.42, 59.29, 58.41, 60.13, 56.1, 56.32, 53.95, 52.49, 52.41, 49.33, 49.9, 48.89, 49.81, 48.91, 47.2, 50.06, 49.25, 50.62, 50.51, 52.67, 55.06, 55.67, 55.9, 58.04, 58.86, 56.99, 56.99, 59.0, 56.09, 53.51, 54.62, 52.08, 53.54, 52.32, 48.88, 46.42, 47.33, 48.34, 48.22, 47.82, 49.87, 49.76, 51.82, 54.47, 52.21, 55.69, 56.32], "labels": [0, 0, 0, 0, 0, 0, 0, 0, 0, 0, 0, 0, 0, 0, 0, 0, 0, 0, 0, 0, 0, 0, 0, 0, 0, 0, 0, 0, 0, 0, 0, 0, 0, 0, 0, 0, 0, 0, 1, 1, 1, 1, 1, 1, 1, 1, 1, 1, 0, 0, 0, 0, 0, 0, 0, 0, 0, 0, 0, 0, 0, 0, 0, 0, 0, 0, 0, 0, 0, 0, 0, 0, 0, 0, 0, 0, 0, 0, 0, 0, 0, 0, 0, 0, 0, 0, 0, 0, 0, 0, 0, 0, 0, 0, 0, 0, 0, 0, 0, 0], "is_anomalous": true, "anomaly_type": "shift", "anomaly_positions": [38, 39, 40, 41, 42, 43, 44, 45, 46, 47], "length": 100}