{"id": "anomalous_000168", "series": [45.41, 50.67, 50.31, 48.65, 51.99, 52.18, 56.3, 52.49, 54.59, 54.57, 52.05, 52.45, 49.25, 46.94, 45.64, 43.98, 40.21, 42.5, 41.99, 40.04, 44.57, 44.74, 44.25, 46.83, 47.38, 45.76, 57.49, 48.67, 50.47, 55.89, 49.62, 54.8, 48.72, 44.85, 51.41, 46.29, 48.22, 45.04, 48.32, 42.92, 36.05, 44.55, 38.33, 40.69, 38.9, 44.31, 43.59, 47.38, 55.48076953535668, 35.84256190636335, 43.132382246828875, 49.94038063740476, 59.481410421494715, 66.83762015239137, 63.429024452767166, 65.52085899684052, 44.23934828588108, 46.16535476144969, 59.69998411780891, 18.642036147607154, 35.98075162184682, 29.59068741608708, 65.07136696713623, 24.8100194481324, 37.80111626922079, 33.020124505807175, 50.00054873167463, 37.48411010695075, 41.02, 44.83, 44.67, 42.98, 48.17, 45.74, 48.57, 49.28, 50.46, 47.85, 49.75, 51.1, 44.15, 50.01, 46.0, 45.42, 45.04, 46.0, 45.3, 46.38, 41.46, 38.1, 40.57, 38.21, 38.74, 40.99, 38.71, 43.25, 43.13, 43.36, 47.12, 45.12], "labels": [0, 0, 0, 0, 0, 0, 0, 0, 0, 0, 0, 0, 0, 0, 0, 0, 0, 0, 0, 0, 0, 0, 0, 0, 0, 0, 0, 0, 0, 0, 0, 0, 0, 0, 0, 0, 0, 0, 0, 0, 0, 0, 0, 0, 0, 0, 0, 0, 1, 1, 1, 1, 1, 1, 1, 1, 1, 1, 1, 1, 1, 1, 1, 1, 1, 1, 1, 1, 0, 0, 0, 0, 0, 0, 0, 0, 0, 0, 0, 0, 0, 0, 0, 0, 0, 0, 0, 0, 0, 0, 0, 0, 0, 0, 0, 0, 0, 0, 0, 0], "is_anomalous": true, "anomaly_type": "variance_change", "anomaly_positions": [48, 49, 50, 51, 52, 53, 54, 55, 56, 57, 58, 59, 60, 61, 62, 63, 64, 65, 66, 67], "length": 100}