{"id": "anomalous_000776", "series": [53.76, 53.46, 55.8, 56.27, 55.12, 56.13, 56.24, 57.8, 56.68, 56.8, 55.57, 53.41, 52.93, 52.37, 49.63, 49.97, 47.63, 47.06, 44.6, 45.63, 47.4, 47.57, 50.51, 49.67, 50.83, 52.76, 54.19, 54.04, 56.98, 55.62, 54.58, 56.63, 55.44, 54.17, 51.39, 52.61, 49.3, 48.57, 48.11, 47.45, 46.29, 46.18, 45.48, 44.94, 45.91, 45.57, 49.01, 52.05999490317665, 52.992186713337574, 55.91573074111051, 57.36894929286054, 60.64462382346611, 61.25509359990647, 64.62022876911075, 67.31191928593009, 64.58098048737165, 63.402037272875745, 61.465847253818886, 68.08285940198067, 67.17025212034466, 59.113693355021354, 59.30249564347675, 59.3693312373821, 58.0820080668359, 62.00962426000037, 57.790447229204496, 69.96029682248803, 67.049655055623, 64.33309889015251, 73.9603021567247, 77.37312411057053, 68.8076041509978, 87.71487388353044, 84.99073944087388, 69.42612085723319, 82.67012526894199, 95.04299944125219, 71.02149492880466, 94.22876714256952, 79.11406627605082, 89.71331884223636, 97.92049140977548, 97.77700291121626, 90.15363090170159, 74.90190340360178, 90.98926369601308, 90.1917778422141, 88.90083003309195, 86.10309970081427, 102.43420615158188, 91.85184156364465, 94.85547601346485, 92.18635184031368, 79.26593772095467, 102.64585182243965, 78.22626201365904, 72.7342184763377, 107.83557161031966, 127.49727234320252, 93.88092792067765], "labels": [0, 0, 0, 0, 0, 0, 0, 0, 0, 0, 0, 0, 0, 0, 0, 0, 0, 0, 0, 0, 0, 0, 0, 0, 0, 0, 0, 0, 0, 0, 0, 0, 0, 0, 0, 0, 0, 0, 0, 0, 0, 0, 0, 0, 0, 0, 1, 1, 1, 1, 1, 1, 1, 1, 1, 1, 1, 1, 1, 1, 1, 1, 1, 1, 1, 1, 1, 1, 1, 1, 1, 1, 1, 1, 1, 1, 1, 1, 1, 1, 1, 1, 1, 1, 1, 1, 1, 1, 1, 1, 1, 1, 1, 1, 1, 1, 1, 1, 1, 1], "is_anomalous": true, "anomaly_type": "trend_change", "anomaly_positions": [46, 47, 48, 49, 50, 51, 52, 53, 54, 55, 56, 57, 58, 59, 60, 61, 62, 63, 64, 65, 66, 67, 68, 69, 70, 71, 72, 73, 74, 75, 76, 77, 78, 79, 80, 81, 82, 83, 84, 85, 86, 87, 88, 89, 90, 91, 92, 93, 94, 95, 96, 97, 98, 99], "length": 100}