{"id": "anomalous_000305", "series": [47.92, 46.99, 49.76, 49.67, 48.8, 48.95, 50.29, 51.65, 48.13, 48.88, 46.25, 49.99, 46.65, 47.11, 42.14, 40.54, 44.1, 39.49, 40.55, 39.88, 42.46, 44.29, 42.2, 46.06, 49.39, 48.44, 45.53, 51.31, 48.94, 51.23, 51.98, 50.55, 50.98, 49.79, 44.68, 46.26, 45.26, 45.57, 41.47, 43.07, 41.57, 43.78, 42.83, 40.24, 41.4, 40.0, 46.7, 48.05, 45.87, 45.04, 47.64, 51.34, 48.68, 54.11, 55.71985631260112, 48.0646082275988, 40.62718415632054, 42.80764934061159, 48.003241832712604, 36.543980613495776, 50.7237121887427, 33.642693780114925, 64.9109565333549, 56.80247469305183, 41.35440745425793, 46.61001510080468, 24.178109008524338, 47.70985332037421, 32.62359078840891, 38.97477310300549, 47.87102865882516, 64.71499105577409, 49.62984951426404, 58.14634511542984, 52.16, 48.62, 51.14, 50.11, 49.93, 50.36, 52.15, 50.76, 46.63, 49.82, 47.29, 44.3, 43.26, 40.98, 42.33, 40.51, 41.48, 39.68, 43.71, 41.47, 42.19, 44.75, 47.29, 45.95, 47.45, 49.36], "labels": [0, 0, 0, 0, 0, 0, 0, 0, 0, 0, 0, 0, 0, 0, 0, 0, 0, 0, 0, 0, 0, 0, 0, 0, 0, 0, 0, 0, 0, 0, 0, 0, 0, 0, 0, 0, 0, 0, 0, 0, 0, 0, 0, 0, 0, 0, 0, 0, 0, 0, 0, 0, 0, 0, 1, 1, 1, 1, 1, 1, 1, 1, 1, 1, 1, 1, 1, 1, 1, 1, 1, 1, 1, 1, 0, 0, 0, 0, 0, 0, 0, 0, 0, 0, 0, 0, 0, 0, 0, 0, 0, 0, 0, 0, 0, 0, 0, 0, 0, 0], "is_anomalous": true, "anomaly_type": "variance_change", "anomaly_positions": [54, 55, 56, 57, 58, 59, 60, 61, 62, 63, 64, 65, 66, 67, 68, 69, 70, 71, 72, 73], "length": 100}