{"id": "anomalous_000400", "series": [47.62, 46.82, 47.61, 49.38, 48.65, 51.46, 49.64, 49.58, 50.56, 50.08, 48.32, 46.71, 42.84, 41.85, 42.23, 41.43, 38.81, 39.37, 39.42, 41.0, 39.01, 39.75, 42.4, 43.14, 44.14, 46.73, 48.88, 48.05, 47.96, 47.69, 46.97, 46.24, 49.83, 46.48, 48.2614750065062, 48.350692937103666, 49.54029812797283, 46.04849718796007, 41.995760225912484, 45.26072804553178, 46.13703606917622, 48.10389049815155, 44.30122087695568, 52.27015215977355, 44.27235343189115, 52.28271922238122, 56.76079144589021, 60.01299989427059, 53.22188569335653, 66.18590419203528, 64.3616475665044, 61.723612175237626, 72.28972495332965, 64.92926197426438, 75.41433660286398, 75.0123416320277, 83.75121780884106, 77.44059376472767, 65.04607670768664, 64.54203542665695, 74.75330543562296, 78.21843965567827, 57.3423123181333, 58.30004236644044, 65.01723784330827, 62.52782082107795, 83.61143196260375, 59.90661045769055, 86.48029908334507, 92.19622566804388, 70.82355475552384, 66.46269784167458, 65.143951871354, 86.26601937627638, 99.34837339038793, 101.1090007998857, 93.44910479964595, 107.12720640798429, 96.53060217436337, 84.90413404888734, 104.52865405997309, 99.94318775814725, 76.21013514960174, 107.60740512675378, 89.6427454771601, 70.0412477518305, 77.17656364943025, 81.20750627642559, 104.83287788003281, 75.93962905124792, 122.44388017736775, 106.13166999495314, 99.350609490297, 115.4221892155463, 121.72580968591728, 129.93066303737484, 109.25304739351631, 94.92299057275568, 114.53101067481272, 78.4985289942031], "labels": [0, 0, 0, 0, 0, 0, 0, 0, 0, 0, 0, 0, 0, 0, 0, 0, 0, 0, 0, 0, 0, 0, 0, 0, 0, 0, 0, 0, 0, 0, 0, 0, 0, 1, 1, 1, 1, 1, 1, 1, 1, 1, 1, 1, 1, 1, 1, 1, 1, 1, 1, 1, 1, 1, 1, 1, 1, 1, 1, 1, 1, 1, 1, 1, 1, 1, 1, 1, 1, 1, 1, 1, 1, 1, 1, 1, 1, 1, 1, 1, 1, 1, 1, 1, 1, 1, 1, 1, 1, 1, 1, 1, 1, 1, 1, 1, 1, 1, 1, 1], "is_anomalous": true, "anomaly_type": "trend_change", "anomaly_positions": [33, 34, 35, 36, 37, 38, 39, 40, 41, 42, 43, 44, 45, 46, 47, 48, 49, 50, 51, 52, 53, 54, 55, 56, 57, 58, 59, 60, 61, 62, 63, 64, 65, 66, 67, 68, 69, 70, 71, 72, 73, 74, 75, 76, 77, 78, 79, 80, 81, 82, 83, 84, 85, 86, 87, 88, 89, 90, 91, 92, 93, 94, 95, 96, 97, 98, 99], "length": 100}