{"id": "anomalous_000579", "series": [52.27, 53.82, 55.67, 57.3, 54.95, 59.25, 55.84, 59.28, 58.1, 55.77, 56.66, 52.61, 56.83, 51.96, 50.58, 50.58, 47.94, 45.52, 47.85, 46.46, 47.83, 50.29, 52.71, 51.66, 54.22, 49.83, 55.89, 57.65, 56.74, 58.41, 58.25, 58.45, 55.69, 55.42, 54.79, 51.33, 51.88, 50.41, 52.16, 49.72, 48.82, 49.99, 46.8, 47.8, 47.16, 47.44, 51.2, 51.6, 52.39, 56.32, 56.5, 56.47, 56.52, 58.74, 58.96, 60.08, 58.72, 56.86, 56.37, 52.63, 51.83, 51.82, 51.29, 48.37, 51.9, 49.7, 49.89465212348164, 50.60400954694707, 51.73770781959186, 52.82226422658815, 54.89191375751394, 60.08388559594727, 62.5904957983584, 58.309645742373654, 65.96961529511437, 65.68769011171884, 64.8374165442013, 64.59082877596616, 65.86542177120164, 76.53422883360099, 72.6440119970614, 76.23681744965671, 77.61369215967697, 73.11614111468583, 65.34177941302991, 66.27245748945444, 68.7152766767829, 64.69080524397755, 77.46129948948683, 68.28076881436888, 73.0267574359888, 87.08108379866309, 68.83479069757254, 65.7470604562526, 90.38313889094539, 95.18042311160646, 99.22245058560006, 74.64125671237801, 74.82875560444606, 106.83750817333208], "labels": [0, 0, 0, 0, 0, 0, 0, 0, 0, 0, 0, 0, 0, 0, 0, 0, 0, 0, 0, 0, 0, 0, 0, 0, 0, 0, 0, 0, 0, 0, 0, 0, 0, 0, 0, 0, 0, 0, 0, 0, 0, 0, 0, 0, 0, 0, 0, 0, 0, 0, 0, 0, 0, 0, 0, 0, 0, 0, 0, 0, 0, 0, 0, 0, 0, 1, 1, 1, 1, 1, 1, 1, 1, 1, 1, 1, 1, 1, 1, 1, 1, 1, 1, 1, 1, 1, 1, 1, 1, 1, 1, 1, 1, 1, 1, 1, 1, 1, 1, 1], "is_anomalous": true, "anomaly_type": "trend_change", "anomaly_positions": [65, 66, 67, 68, 69, 70, 71, 72, 73, 74, 75, 76, 77, 78, 79, 80, 81, 82, 83, 84, 85, 86, 87, 88, 89, 90, 91, 92, 93, 94, 95, 96, 97, 98, 99], "length": 100}