{"id": "anomalous_000643", "series": [57.43, 56.66, 56.9, 57.04, 55.3, 56.65, 58.23, 61.07, 59.59, 55.4, 59.96, 57.01, 56.64, 53.04, 49.32, 47.24, 52.46, 47.49, 46.75, 48.82, 49.75, 48.69, 50.81, 53.0, 54.1, 56.87, 54.05, 52.54, 59.99, 57.07, 55.5, 55.49, 60.46, 56.24, 56.25, 58.42, 54.88, 51.88, 50.73, 51.8, 54.91, 51.46, 44.01, 50.58, 51.63, 51.55, 49.76, 50.6, 55.3, 54.67, 53.48, 58.61, 64.66736644778422, 58.663566446510465, 67.14341722724038, 64.94795787510981, 62.98531861311707, 65.60353319012296, 61.57177248361498, 64.29704359336722, 66.08714830861297, 59.092326559086395, 59.535912876567565, 66.9872527145402, 65.2624817564463, 67.42900324965433, 56.04675322788837, 66.49234173699051, 77.9454644744515, 73.49430532967216, 76.97374913003745, 71.165979484829, 77.41099076117655, 69.3614696566616, 82.07584886555529, 76.71018857373863, 82.07002598199786, 81.52448600173938, 82.45237828982414, 91.04391496524894, 90.82241403013737, 72.34587667043567, 92.59637506654363, 93.80895237453231, 91.00568207336275, 98.43507617359089, 101.02544229198527, 105.8290311636178, 91.34158753855169, 86.91126716627124, 79.9969954271823, 93.08538480578531, 86.83407062158199, 104.52317753905805, 113.56520063788119, 92.38393926155783, 120.53110692929376, 103.04051182397967, 99.3826916340553, 119.35278440211314], "labels": [0, 0, 0, 0, 0, 0, 0, 0, 0, 0, 0, 0, 0, 0, 0, 0, 0, 0, 0, 0, 0, 0, 0, 0, 0, 0, 0, 0, 0, 0, 0, 0, 0, 0, 0, 0, 0, 0, 0, 0, 0, 0, 0, 0, 0, 0, 0, 0, 0, 0, 0, 1, 1, 1, 1, 1, 1, 1, 1, 1, 1, 1, 1, 1, 1, 1, 1, 1, 1, 1, 1, 1, 1, 1, 1, 1, 1, 1, 1, 1, 1, 1, 1, 1, 1, 1, 1, 1, 1, 1, 1, 1, 1, 1, 1, 1, 1, 1, 1, 1], "is_anomalous": true, "anomaly_type": "trend_change", "anomaly_positions": [51, 52, 53, 54, 55, 56, 57, 58, 59, 60, 61, 62, 63, 64, 65, 66, 67, 68, 69, 70, 71, 72, 73, 74, 75, 76, 77, 78, 79, 80, 81, 82, 83, 84, 85, 86, 87, 88, 89, 90, 91, 92, 93, 94, 95, 96, 97, 98, 99], "length": 100}