{"id": "anomalous_000585", "series": [50.68, 50.74, 53.2, 54.4, 56.5, 57.18, 56.82, 56.58, 54.85, 55.34, 53.47, 51.7, 50.77, 49.08, 48.41, 48.97, 46.94, 44.9, 45.28, 45.26, 45.55, 48.2, 49.29, 50.68, 51.23, 51.38, 54.2, 55.28, 55.24, 56.69, 57.8, 55.5, 55.45, 54.06, 55.24, 51.83, 50.76, 51.46, 47.22, 49.56, 45.54, 46.98, 45.78, 46.49, 46.76, 46.93, 49.41, 50.63, 50.91, 53.02, 52.28, 55.57, 58.76, 56.11, 55.65, 56.35, 56.86, 54.55, 55.04, 45.388443874260346, 50.98363538180913, 54.04203086433422, 58.640623375197976, 65.89925594373281, 55.91510403278183, 20.961288704256834, 26.72970613072644, 66.53613077570402, 46.80910452202838, 50.908357778862694, 62.5233198885557, 47.04205864948335, 54.784825025418016, 82.0718883941259, 60.00205199802941, 50.08335833909227, 60.940388907809734, 45.33127579828225, 62.10464975461457, 56.44, 55.64, 55.61, 53.25, 53.7, 52.47, 50.55, 49.05, 48.38, 47.63, 47.8, 47.27, 48.22, 45.39, 48.8, 49.11, 50.73, 52.85, 52.93, 56.69, 56.9], "labels": [0, 0, 0, 0, 0, 0, 0, 0, 0, 0, 0, 0, 0, 0, 0, 0, 0, 0, 0, 0, 0, 0, 0, 0, 0, 0, 0, 0, 0, 0, 0, 0, 0, 0, 0, 0, 0, 0, 0, 0, 0, 0, 0, 0, 0, 0, 0, 0, 0, 0, 0, 0, 0, 0, 0, 0, 0, 0, 0, 1, 1, 1, 1, 1, 1, 1, 1, 1, 1, 1, 1, 1, 1, 1, 1, 1, 1, 1, 1, 0, 0, 0, 0, 0, 0, 0, 0, 0, 0, 0, 0, 0, 0, 0, 0, 0, 0, 0, 0, 0], "is_anomalous": true, "anomaly_type": "variance_change", "anomaly_positions": [59, 60, 61, 62, 63, 64, 65, 66, 67, 68, 69, 70, 71, 72, 73, 74, 75, 76, 77, 78], "length": 100}