{"id": "anomalous_000160", "series": [49.77, 43.16, 49.9, 48.22, 52.24, 43.35, 47.07, 49.83, 50.42, 46.98, 51.5, 46.43, 48.77, 42.15, 44.59, 41.65, 38.51, 36.41, 37.97, 38.13, 41.41, 40.04, 43.43, 44.3, 38.63, 47.04, 53.99, 47.9, 50.41, 47.31, 45.65, 48.6, 55.92, 51.65, 46.43, 45.87, 45.73, 41.11, 43.27, 46.2, 37.25, 39.69, 43.68, 42.24, 39.80346108274433, 41.9750150770198, 47.76441596569615, 48.48071995512472, 53.103800425873615, 55.458216255206075, 51.30458187032629, 56.59001177608435, 60.87826032809309, 59.41291777615234, 63.29435531363309, 60.32421869173098, 57.02179082084765, 58.772994744953216, 65.8504634366304, 55.520696899704674, 58.8252521556732, 52.97724509089949, 66.70132960157213, 58.12779494414485, 62.54682243109815, 64.83771003411283, 53.34682475447362, 70.19226272298884, 55.19108254141584, 75.11372867543076, 75.19168526164685, 70.56375793045498, 84.15789758154307, 61.31134782948964, 94.59219834472866, 80.12885560849274, 78.02450378628323, 70.12978841688522, 75.1270033875134, 72.92094257984344, 94.2277976953719, 88.58310794382677, 96.38819549565301, 73.0840978097864, 78.71693706251963, 82.63198059214834, 76.39012002455084, 88.18100387140169, 75.90976055848554, 101.17208459737114, 106.96613469748867, 78.1011392344716, 62.36275047980702, 76.77122113879636, 104.1525391901558, 80.39849745796946, 98.41451347301467, 128.3572602424679, 72.2097393433588, 118.57507444887527], "labels": [0, 0, 0, 0, 0, 0, 0, 0, 0, 0, 0, 0, 0, 0, 0, 0, 0, 0, 0, 0, 0, 0, 0, 0, 0, 0, 0, 0, 0, 0, 0, 0, 0, 0, 0, 0, 0, 0, 0, 0, 0, 0, 0, 1, 1, 1, 1, 1, 1, 1, 1, 1, 1, 1, 1, 1, 1, 1, 1, 1, 1, 1, 1, 1, 1, 1, 1, 1, 1, 1, 1, 1, 1, 1, 1, 1, 1, 1, 1, 1, 1, 1, 1, 1, 1, 1, 1, 1, 1, 1, 1, 1, 1, 1, 1, 1, 1, 1, 1, 1], "is_anomalous": true, "anomaly_type": "trend_change", "anomaly_positions": [43, 44, 45, 46, 47, 48, 49, 50, 51, 52, 53, 54, 55, 56, 57, 58, 59, 60, 61, 62, 63, 64, 65, 66, 67, 68, 69, 70, 71, 72, 73, 74, 75, 76, 77, 78, 79, 80, 81, 82, 83, 84, 85, 86, 87, 88, 89, 90, 91, 92, 93, 94, 95, 96, 97, 98, 99], "length": 100}