{"id": "anomalous_000455", "series": [43.65, 45.78, 45.91, 48.16, 50.25, 50.85, 51.98, 51.89, 50.72, 50.83, 49.81, 45.12, 46.11, 43.69, 41.91, 41.39, 39.76, 37.81, 40.34, 41.15, 38.18, 43.86, 41.06, 41.6, 47.88, 47.28, 45.58, 47.27, 49.14, 51.13, 50.27, 50.85, 47.33, 45.24, 46.75, 46.97, 45.74, 41.96, 42.53, 40.36, 41.77, 38.87, 36.82, 41.69432887324652, 41.15692741397716, 43.263512387106786, 46.189782251764015, 49.61723864624586, 50.602866472905276, 58.700732575682196, 49.56702489635084, 58.785456273025936, 57.05319329654198, 65.93985515868609, 57.781980058198364, 57.145555326253245, 59.0453558493857, 62.94579959340186, 61.195148159222946, 67.90606035800704, 61.770890926647084, 54.46159889421208, 70.61750663640876, 50.81476991350519, 65.09085608964435, 68.39272866688442, 68.05675497146166, 73.4957690878544, 67.18617222511445, 71.22050885087941, 65.25238852645742, 73.47425771538897, 74.232046365158, 60.854893959905304, 85.98176919408616, 92.20867995360084, 84.97605433812984, 63.3048569035834, 72.72100079259977, 82.27592197555617, 104.88745960563824, 75.44042243763326, 99.36498250474833, 94.19489720122672, 74.98792353745719, 71.78018034871587, 79.25836093508751, 62.90685177104214, 104.065145685212, 93.82065359806438, 103.40972472139399, 80.28681387671377, 77.9444530451238, 109.41919709191075, 102.63612039629676, 88.31383377088686, 98.37120179627274, 112.80974906244604, 80.91959166793656, 111.02566413416108], "labels": [0, 0, 0, 0, 0, 0, 0, 0, 0, 0, 0, 0, 0, 0, 0, 0, 0, 0, 0, 0, 0, 0, 0, 0, 0, 0, 0, 0, 0, 0, 0, 0, 0, 0, 0, 0, 0, 0, 0, 0, 0, 0, 1, 1, 1, 1, 1, 1, 1, 1, 1, 1, 1, 1, 1, 1, 1, 1, 1, 1, 1, 1, 1, 1, 1, 1, 1, 1, 1, 1, 1, 1, 1, 1, 1, 1, 1, 1, 1, 1, 1, 1, 1, 1, 1, 1, 1, 1, 1, 1, 1, 1, 1, 1, 1, 1, 1, 1, 1, 1], "is_anomalous": true, "anomaly_type": "trend_change", "anomaly_positions": [42, 43, 44, 45, 46, 47, 48, 49, 50, 51, 52, 53, 54, 55, 56, 57, 58, 59, 60, 61, 62, 63, 64, 65, 66, 67, 68, 69, 70, 71, 72, 73, 74, 75, 76, 77, 78, 79, 80, 81, 82, 83, 84, 85, 86, 87, 88, 89, 90, 91, 92, 93, 94, 95, 96, 97, 98, 99], "length": 100}