{"id": "anomalous_000425", "series": [51.61, 52.51, 54.19, 53.72, 53.77, 57.6, 56.57, 56.18, 55.64, 56.4, 53.23, 55.23, 53.11, 49.83, 48.11, 46.98, 47.07, 46.92, 45.67, 47.35, 46.52, 47.37, 49.64, 50.93, 51.98, 52.59, 54.63, 53.6, 56.13, 57.83, 57.44, 59.08, 56.28, 57.46, 55.88, 53.77, 52.4, 52.06, 50.87, 50.02, 49.524142648992346, 46.846900664724195, 51.40692602151374, 51.62320242458287, 51.948133146256815, 56.33636445111985, 56.44393180409898, 61.994051674441344, 62.11250302664472, 66.78326008094643, 62.81718021208242, 68.59814461998769, 67.81632825786454, 64.35864620831349, 70.57541648725515, 78.73075513921388, 81.28431385899817, 67.50697758694808, 68.61131107658674, 67.94124758553446, 68.97516548990997, 82.16514209085554, 66.72519166526585, 77.86834222222343, 69.08879716840153, 75.38259098404019, 73.05416105468652, 63.510972229933564, 85.95824962078039, 64.87775680512927, 80.62370754554854, 94.48246538673885, 74.8393569348203, 87.62671328324102, 75.8100616360075, 97.60223238747656, 93.10077541688665, 105.47461087592818, 83.96050197554412, 113.31039561050281, 108.694270143027, 118.43601169274064, 110.89267953398453, 100.7470963921441, 105.64828063396362, 119.71217048579175, 90.12796374598838, 86.35752994875553, 75.53684755802789, 84.19413753569373, 83.93312496903229, 102.93363310878851, 125.21997186392517, 113.8501945102127, 93.68477113023835, 99.55022773655938, 104.27559428183979, 128.1244019216771, 142.04733586733488, 103.49833431970661], "labels": [0, 0, 0, 0, 0, 0, 0, 0, 0, 0, 0, 0, 0, 0, 0, 0, 0, 0, 0, 0, 0, 0, 0, 0, 0, 0, 0, 0, 0, 0, 0, 0, 0, 0, 0, 0, 0, 0, 0, 1, 1, 1, 1, 1, 1, 1, 1, 1, 1, 1, 1, 1, 1, 1, 1, 1, 1, 1, 1, 1, 1, 1, 1, 1, 1, 1, 1, 1, 1, 1, 1, 1, 1, 1, 1, 1, 1, 1, 1, 1, 1, 1, 1, 1, 1, 1, 1, 1, 1, 1, 1, 1, 1, 1, 1, 1, 1, 1, 1, 1], "is_anomalous": true, "anomaly_type": "trend_change", "anomaly_positions": [39, 40, 41, 42, 43, 44, 45, 46, 47, 48, 49, 50, 51, 52, 53, 54, 55, 56, 57, 58, 59, 60, 61, 62, 63, 64, 65, 66, 67, 68, 69, 70, 71, 72, 73, 74, 75, 76, 77, 78, 79, 80, 81, 82, 83, 84, 85, 86, 87, 88, 89, 90, 91, 92, 93, 94, 95, 96, 97, 98, 99], "length": 100}