{"id": "anomalous_000321", "series": [53.83, 50.2, 50.26, 52.13, 51.23, 56.1, 53.0, 54.57, 53.92, 53.76, 51.9, 53.55, 56.32, 50.69, 45.89, 50.0, 48.88, 46.11, 43.42, 45.04, 46.87, 43.1, 49.67, 52.19, 50.71, 50.33, 51.15, 52.26, 54.63, 57.09, 51.62, 56.31, 57.02, 58.8, 56.33, 49.24, 51.63, 51.65, 46.36, 48.32, 46.91, 46.92, 47.11, 44.73, 47.54, 46.96, 50.75, 49.74, 52.85, 50.13, 53.12, 56.6, 55.56, 57.52, 54.96, 57.97, 56.81, 52.51, 54.56, 55.31, 50.23, 47.42, 44.71, 48.5, 49.43, 46.1, 80.07426831358634, 80.73426831358634, 79.18426831358636, 78.09426831358635, 80.66426831358635, 81.85426831358635, 83.65426831358636, 86.30426831358635, 87.96426831358636, 85.56426831358635, 57.31, 59.3, 54.62, 54.29, 55.15, 57.33, 54.85, 52.53, 48.45, 49.22, 51.44, 43.5, 45.62, 49.1, 46.46, 46.15, 48.56, 46.53, 49.86, 51.32, 51.09, 54.97, 56.26, 56.91], "labels": [0, 0, 0, 0, 0, 0, 0, 0, 0, 0, 0, 0, 0, 0, 0, 0, 0, 0, 0, 0, 0, 0, 0, 0, 0, 0, 0, 0, 0, 0, 0, 0, 0, 0, 0, 0, 0, 0, 0, 0, 0, 0, 0, 0, 0, 0, 0, 0, 0, 0, 0, 0, 0, 0, 0, 0, 0, 0, 0, 0, 0, 0, 0, 0, 0, 0, 1, 1, 1, 1, 1, 1, 1, 1, 1, 1, 0, 0, 0, 0, 0, 0, 0, 0, 0, 0, 0, 0, 0, 0, 0, 0, 0, 0, 0, 0, 0, 0, 0, 0], "is_anomalous": true, "anomaly_type": "shift", "anomaly_positions": [66, 67, 68, 69, 70, 71, 72, 73, 74, 75], "length": 100}