{"id": "anomalous_000763", "series": [51.6, 50.63, 54.97, 53.71, 51.77, 54.71, 55.64, 54.72, 55.82, 54.07, 52.97, 51.07, 50.64, 50.19, 47.15, 44.8, 45.86, 44.35, 43.95, 45.05, 45.59, 47.35, 49.02, 52.22, 50.05, 51.35, 51.64, 52.98, 54.81, 56.51, 55.26, 54.75, 53.76, 56.43606728797765, 56.53443063483857, 53.91057680094635, 54.35423334068951, 55.300229326258155, 51.39970686647754, 57.201894199189994, 49.38604379050507, 49.26261809534581, 52.872388482488134, 53.72230401816026, 55.489015051628925, 64.12023315328142, 67.10582077129288, 64.19571249696337, 65.83896391668421, 67.85050732774137, 61.44402807058318, 64.31946658834363, 72.45231947148359, 79.55263779386202, 76.85931959861001, 88.78091794076437, 75.85771418463793, 80.12693332137687, 75.75908224962885, 88.38956937937678, 85.43166243340949, 70.11795558942683, 65.38272356263681, 82.87593625932365, 88.17256786291259, 65.26109068852836, 75.99991506560734, 81.54292119423783, 62.35655691801796, 98.09481353590905, 83.89498123659968, 100.7830044136119, 71.79413856077426, 80.82536417924119, 114.54703731407926, 107.62992749960688, 97.21736596561684, 103.81991132019745, 111.08401794604168, 114.27726961189111, 123.7216252481787, 98.18484148459984, 103.79731428858906, 99.72576876828656, 97.24202111894819, 123.36309014905723, 75.73346518626514, 93.07860181351285, 125.34507924509, 121.62666182185421, 97.94490623014381, 106.03522242305263, 116.48395599084867, 111.9717964476574, 84.49423066766985, 98.71553772510735, 125.25384965462503, 92.01281512046921, 104.736131433699, 145.33336148595885], "labels": [0, 0, 0, 0, 0, 0, 0, 0, 0, 0, 0, 0, 0, 0, 0, 0, 0, 0, 0, 0, 0, 0, 0, 0, 0, 0, 0, 0, 0, 0, 0, 0, 1, 1, 1, 1, 1, 1, 1, 1, 1, 1, 1, 1, 1, 1, 1, 1, 1, 1, 1, 1, 1, 1, 1, 1, 1, 1, 1, 1, 1, 1, 1, 1, 1, 1, 1, 1, 1, 1, 1, 1, 1, 1, 1, 1, 1, 1, 1, 1, 1, 1, 1, 1, 1, 1, 1, 1, 1, 1, 1, 1, 1, 1, 1, 1, 1, 1, 1, 1], "is_anomalous": true, "anomaly_type": "trend_change", "anomaly_positions": [32, 33, 34, 35, 36, 37, 38, 39, 40, 41, 42, 43, 44, 45, 46, 47, 48, 49, 50, 51, 52, 53, 54, 55, 56, 57, 58, 59, 60, 61, 62, 63, 64, 65, 66, 67, 68, 69, 70, 71, 72, 73, 74, 75, 76, 77, 78, 79, 80, 81, 82, 83, 84, 85, 86, 87, 88, 89, 90, 91, 92, 93, 94, 95, 96, 97, 98, 99], "length": 100}