{"id": "anomalous_000078", "series": [55.03, 50.85, 54.12, 56.3, 57.62, 59.01, 54.27, 55.84, 54.64, 52.89, 54.28, 50.91, 49.71, 52.53, 50.14, 47.7, 51.33, 46.3, 42.41, 47.48, 49.13, 49.71, 44.47, 49.13, 46.54, 48.98, 58.94, 50.61, 54.18, 59.12, 56.35, 57.97, 56.79, 55.64, 49.24, 56.63, 50.24, 49.12, 45.97, 47.79, 47.76, 40.34, 45.46, 49.28, 47.17, 46.36, 47.9, 48.43, 47.19, 52.71, 54.3, 48.39, 54.93, 56.18, 54.16, 58.36, 55.51, 59.82, 54.23, 46.81247167368341, 49.91439403666509, 33.25550427314949, 52.16636608897601, 50.887166898677066, 24.123926873738025, 53.09005407971648, 43.967050241066566, 52.46110705792492, 72.00650943732887, 66.40838568716471, 68.3962775542704, 68.42501633911769, 26.185114197514316, 36.50042574667463, 60.99793044130741, 61.71883231729526, 54.67880137801253, 25.4572075141365, 51.60053883466383, 54.29, 50.65, 50.6, 53.57, 51.92, 53.12, 49.22, 52.21, 52.54, 45.94, 46.73, 48.16, 46.6, 46.12, 47.26, 48.14, 48.04, 52.6, 59.29, 49.65, 46.96], "labels": [0, 0, 0, 0, 0, 0, 0, 0, 0, 0, 0, 0, 0, 0, 0, 0, 0, 0, 0, 0, 0, 0, 0, 0, 0, 0, 0, 0, 0, 0, 0, 0, 0, 0, 0, 0, 0, 0, 0, 0, 0, 0, 0, 0, 0, 0, 0, 0, 0, 0, 0, 0, 0, 0, 0, 0, 0, 0, 0, 1, 1, 1, 1, 1, 1, 1, 1, 1, 1, 1, 1, 1, 1, 1, 1, 1, 1, 1, 1, 0, 0, 0, 0, 0, 0, 0, 0, 0, 0, 0, 0, 0, 0, 0, 0, 0, 0, 0, 0, 0], "is_anomalous": true, "anomaly_type": "variance_change", "anomaly_positions": [59, 60, 61, 62, 63, 64, 65, 66, 67, 68, 69, 70, 71, 72, 73, 74, 75, 76, 77, 78], "length": 100}