{"id": "anomalous_000024", "series": [45.76, 46.4, 52.41, 50.9, 50.98, 51.46, 50.74, 50.15, 50.2, 45.37, 49.57, 46.36, 43.66, 45.14, 40.08, 42.96, 42.11, 46.59, 36.14, 42.43, 40.79, 40.22, 43.7, 44.64, 45.71, 49.05, 48.13, 48.64, 48.55, 51.55, 51.51, 51.24, 52.3, 50.53, 47.61, 49.83964997940255, 50.810613250669064, 50.67322949446664, 48.50385565022233, 49.515024249221085, 46.50981699961774, 45.74317015448465, 46.84699539805931, 44.898232361735595, 45.1075005485965, 48.0874022357756, 60.896061378899496, 62.84025109531844, 53.76550299487783, 62.69759095007993, 69.15818490144163, 58.88458085197383, 65.7148293863354, 80.54365279648287, 66.74431013379886, 82.94535701593756, 73.43230444223317, 78.7901469523039, 67.68989413887513, 83.50516013339833, 60.327880882670186, 65.19481759594734, 74.57148000085226, 85.62587807944396, 62.26516217256454, 64.78138666767029, 81.47833595093502, 60.05926165679673, 65.32336847910577, 79.00783207113864, 64.30438762154851, 83.6640320659865, 83.5664858098675, 84.68048684674781, 96.88168436967462, 70.02306526884931, 100.00946933836082, 89.12738590996389, 111.16034813312356, 86.4323164810867, 78.46517105130584, 102.86599197631391, 95.92207897574811, 103.54442420852324, 113.64486191704479, 107.37613945870936, 119.57938043687861, 86.10501815934157, 96.14146939238076, 96.59732665321428, 97.186912889913, 74.15064664724096, 80.64359050371587, 117.958529279071, 101.09831048042145, 104.80971619570974, 108.45804302391414, 85.18527962591745, 127.94785214489713, 129.27568779000194], "labels": [0, 0, 0, 0, 0, 0, 0, 0, 0, 0, 0, 0, 0, 0, 0, 0, 0, 0, 0, 0, 0, 0, 0, 0, 0, 0, 0, 0, 0, 0, 0, 0, 0, 0, 1, 1, 1, 1, 1, 1, 1, 1, 1, 1, 1, 1, 1, 1, 1, 1, 1, 1, 1, 1, 1, 1, 1, 1, 1, 1, 1, 1, 1, 1, 1, 1, 1, 1, 1, 1, 1, 1, 1, 1, 1, 1, 1, 1, 1, 1, 1, 1, 1, 1, 1, 1, 1, 1, 1, 1, 1, 1, 1, 1, 1, 1, 1, 1, 1, 1], "is_anomalous": true, "anomaly_type": "trend_change", "anomaly_positions": [34, 35, 36, 37, 38, 39, 40, 41, 42, 43, 44, 45, 46, 47, 48, 49, 50, 51, 52, 53, 54, 55, 56, 57, 58, 59, 60, 61, 62, 63, 64, 65, 66, 67, 68, 69, 70, 71, 72, 73, 74, 75, 76, 77, 78, 79, 80, 81, 82, 83, 84, 85, 86, 87, 88, 89, 90, 91, 92, 93, 94, 95, 96, 97, 98, 99], "length": 100}