{"id": "anomalous_000150", "series": [50.75, 54.15, 55.41, 53.13, 53.52, 56.15, 55.38, 56.32, 59.93, 55.68, 54.89, 49.41, 52.38, 50.53, 46.95, 46.25, 49.25, 47.89, 46.95, 45.4, 47.08, 50.21, 47.84, 48.22, 49.19, 50.3, 50.09, 54.34, 54.53, 55.57, 58.04, 54.41, 53.92, 54.35, 55.56, 52.0, 49.03, 51.54, 48.795616126872524, 53.748834416268615, 50.63316433026568, 54.07579327019465, 50.226133729077134, 53.14813210588044, 55.450742064963826, 52.576758298342035, 56.40135918622044, 61.85989067196612, 65.49156439343625, 64.03510721242996, 64.89111309114914, 71.60810860058608, 66.41228254197239, 81.11763300731704, 75.35706253745204, 68.56477407148618, 66.19131116758646, 70.81768588360737, 77.89293478013643, 82.78616860422076, 61.38765215258503, 81.22975562944208, 74.53841551249653, 79.10215525282554, 72.80039720404899, 75.61068444506752, 61.8274123285253, 80.56227560962463, 64.46868990811606, 68.76189027249939, 71.42868045852893, 90.99001952578666, 81.41228516941396, 82.87255761579841, 91.56512442906491, 102.17858073649255, 100.25310494460768, 115.40368530695784, 112.42930992162175, 108.03904963816161, 93.83880416790018, 107.49523761419405, 120.1553514468473, 80.65195415616135, 97.92907968641394, 121.62686475328859, 80.84272269104534, 116.39335858480425, 121.87875060357445, 77.97948818066834, 111.97343389515615, 77.89758607024312, 128.48253685632557, 129.87916643617456, 105.84144685477625, 120.66336470529072, 121.35382607344155, 118.77584219571241, 138.33259110796098, 87.41113333467095], "labels": [0, 0, 0, 0, 0, 0, 0, 0, 0, 0, 0, 0, 0, 0, 0, 0, 0, 0, 0, 0, 0, 0, 0, 0, 0, 0, 0, 0, 0, 0, 0, 0, 0, 0, 0, 0, 0, 1, 1, 1, 1, 1, 1, 1, 1, 1, 1, 1, 1, 1, 1, 1, 1, 1, 1, 1, 1, 1, 1, 1, 1, 1, 1, 1, 1, 1, 1, 1, 1, 1, 1, 1, 1, 1, 1, 1, 1, 1, 1, 1, 1, 1, 1, 1, 1, 1, 1, 1, 1, 1, 1, 1, 1, 1, 1, 1, 1, 1, 1, 1], "is_anomalous": true, "anomaly_type": "trend_change", "anomaly_positions": [37, 38, 39, 40, 41, 42, 43, 44, 45, 46, 47, 48, 49, 50, 51, 52, 53, 54, 55, 56, 57, 58, 59, 60, 61, 62, 63, 64, 65, 66, 67, 68, 69, 70, 71, 72, 73, 74, 75, 76, 77, 78, 79, 80, 81, 82, 83, 84, 85, 86, 87, 88, 89, 90, 91, 92, 93, 94, 95, 96, 97, 98, 99], "length": 100}