{"id": "anomalous_000396", "series": [49.64, 55.92, 54.77, 53.29, 58.43, 56.66, 54.85, 54.51, 56.73, 58.07, 55.84, 49.78, 53.36, 48.69, 46.79, 48.8, 49.95, 44.07, 45.8, 46.19, 52.36, 52.61, 51.29, 46.11, 49.46, 54.53, 53.5, 52.82, 55.69, 60.09, 56.74, 60.39, 52.11, 58.47, 53.32, 51.58, 50.96, 51.63, 53.76, 47.63, 47.5, 46.54, 49.42, 49.71, 48.53, 49.63, 51.42, 47.19, 51.16, 54.66, 52.17, 60.01, 59.65, 60.35, 54.7, 55.96, 57.47, 55.05, 58.306966469056604, 57.29017882347408, 60.67768539022714, 51.90232851221086, 52.956568060821816, 53.79895299408767, 56.84363071382611, 50.2260391698133, 62.1448609343135, 58.472668232467306, 63.03665728519485, 59.08838281490427, 61.4743939834725, 69.77633889038148, 64.0565941654224, 65.40548268212754, 66.9081694213233, 70.69583715167481, 88.72695228034118, 76.73037907210572, 75.73984814150492, 80.53376284276416, 84.44931412367075, 85.03276633953192, 73.96126055769263, 75.89171077542052, 78.71586420634856, 88.07769310358411, 98.42825050697353, 86.2739371800131, 73.3119724846928, 73.92389324447893, 103.29196194314727, 73.85043871437036, 84.77068443252269, 78.71299084863466, 74.0767024272507, 108.44039735444024, 78.47424042616926, 104.07935859668908, 107.25427382500926, 115.02691583300646], "labels": [0, 0, 0, 0, 0, 0, 0, 0, 0, 0, 0, 0, 0, 0, 0, 0, 0, 0, 0, 0, 0, 0, 0, 0, 0, 0, 0, 0, 0, 0, 0, 0, 0, 0, 0, 0, 0, 0, 0, 0, 0, 0, 0, 0, 0, 0, 0, 0, 0, 0, 0, 0, 0, 0, 0, 0, 0, 1, 1, 1, 1, 1, 1, 1, 1, 1, 1, 1, 1, 1, 1, 1, 1, 1, 1, 1, 1, 1, 1, 1, 1, 1, 1, 1, 1, 1, 1, 1, 1, 1, 1, 1, 1, 1, 1, 1, 1, 1, 1, 1], "is_anomalous": true, "anomaly_type": "trend_change", "anomaly_positions": [57, 58, 59, 60, 61, 62, 63, 64, 65, 66, 67, 68, 69, 70, 71, 72, 73, 74, 75, 76, 77, 78, 79, 80, 81, 82, 83, 84, 85, 86, 87, 88, 89, 90, 91, 92, 93, 94, 95, 96, 97, 98, 99], "length": 100}