{"id": "anomalous_000214", "series": [49.92, 51.95, 52.25, 57.7, 58.44, 54.97, 54.83, 56.5, 56.66, 57.71, 56.57, 55.25, 52.84, 47.57, 49.68, 49.61, 47.15, 43.07, 44.36, 45.17, 45.29, 47.38, 46.35, 47.83, 52.9, 59.25, 57.88, 52.95, 53.87, 57.88, 57.68, 48.0572447599524, 35.41566700498905, 59.59173589838865, 43.17809238893528, 48.125193040729116, 75.30581785704943, 64.9597231794168, 65.58957281386894, 36.38616844281622, 59.77359076446578, 51.41073235209252, 35.64178495991018, 53.64011021753238, 41.12987581252429, 83.1325339654932, 67.78801669365457, 66.39816723500184, 62.71078578599785, 60.51374791709297, 76.08431409272129, 57.2, 54.33, 53.88, 59.63, 57.41, 53.56, 54.99, 56.27, 59.69, 51.12, 51.81, 52.93, 50.52, 51.08, 46.53, 48.17, 48.1, 49.18, 51.46, 50.4, 51.18, 52.17, 53.22, 57.72, 56.64, 54.89, 58.43, 58.62, 58.76, 61.0, 61.26, 56.04, 54.98, 54.27, 51.82, 48.81, 53.06, 48.58, 47.25, 48.74, 48.39, 51.15, 47.98, 53.53, 49.13, 50.62, 53.33, 57.47, 60.29], "labels": [0, 0, 0, 0, 0, 0, 0, 0, 0, 0, 0, 0, 0, 0, 0, 0, 0, 0, 0, 0, 0, 0, 0, 0, 0, 0, 0, 0, 0, 0, 0, 1, 1, 1, 1, 1, 1, 1, 1, 1, 1, 1, 1, 1, 1, 1, 1, 1, 1, 1, 1, 0, 0, 0, 0, 0, 0, 0, 0, 0, 0, 0, 0, 0, 0, 0, 0, 0, 0, 0, 0, 0, 0, 0, 0, 0, 0, 0, 0, 0, 0, 0, 0, 0, 0, 0, 0, 0, 0, 0, 0, 0, 0, 0, 0, 0, 0, 0, 0, 0], "is_anomalous": true, "anomaly_type": "variance_change", "anomaly_positions": [31, 32, 33, 34, 35, 36, 37, 38, 39, 40, 41, 42, 43, 44, 45, 46, 47, 48, 49, 50], "length": 100}