{"id": "anomalous_000593", "series": [54.33, 54.88, 53.29, 53.56, 54.24, 62.09, 61.89, 58.27, 57.84, 53.9, 56.89, 52.83, 52.64, 51.08, 52.15, 48.22, 50.54, 44.74, 46.61, 50.06, 48.64, 53.27, 52.92, 53.48, 55.52, 52.54, 56.93, 53.92, 54.8, 57.76, 63.59, 56.78, 54.88, 58.53, 57.32, 57.79, 49.82, 51.63, 51.52, 47.56, 50.18, 48.99, 56.477235881161015, 43.81940772172776, 51.90918664261342, 38.14903378862431, 52.25089876470755, 26.247391994637276, 42.41602967528402, 57.961081296656616, 74.31027786221637, 52.74764401674913, 58.96401488794388, 70.16324395880336, 38.27892210495568, 59.14928270019933, 60.11918795546357, 70.9329881650757, 76.35058912005495, 40.32689167966605, 60.137060090606965, 73.18933778507278, 53.14, 51.05, 51.21, 48.32, 48.08, 48.04, 55.18, 51.22, 51.52, 51.62, 49.26, 52.84, 56.75, 57.13, 57.28, 61.72, 60.32, 65.74, 54.94, 57.81, 57.59, 54.25, 57.16, 53.12, 48.54, 50.2, 47.81, 47.91, 50.05, 48.92, 50.7, 53.02, 53.61, 55.52, 51.64, 53.97, 61.39, 57.16], "labels": [0, 0, 0, 0, 0, 0, 0, 0, 0, 0, 0, 0, 0, 0, 0, 0, 0, 0, 0, 0, 0, 0, 0, 0, 0, 0, 0, 0, 0, 0, 0, 0, 0, 0, 0, 0, 0, 0, 0, 0, 0, 0, 1, 1, 1, 1, 1, 1, 1, 1, 1, 1, 1, 1, 1, 1, 1, 1, 1, 1, 1, 1, 0, 0, 0, 0, 0, 0, 0, 0, 0, 0, 0, 0, 0, 0, 0, 0, 0, 0, 0, 0, 0, 0, 0, 0, 0, 0, 0, 0, 0, 0, 0, 0, 0, 0, 0, 0, 0, 0], "is_anomalous": true, "anomaly_type": "variance_change", "anomaly_positions": [42, 43, 44, 45, 46, 47, 48, 49, 50, 51, 52, 53, 54, 55, 56, 57, 58, 59, 60, 61], "length": 100}