{"id": "anomalous_000261", "series": [52.9, 54.04, 57.39, 57.5, 52.62, 53.56, 55.85, 50.36, 56.4, 50.97, 50.49, 52.61, 48.64, 47.56, 46.8, 48.47, 50.31, 42.75, 45.12, 45.42, 47.69, 46.73, 49.84, 49.93, 51.41, 51.48, 52.66, 52.44, 55.05, 57.76, 56.7, 55.49, 56.47, 56.24, 49.46, 48.27, 49.48, 47.17, 46.03, 46.41, 43.17, 42.31, 42.55, 48.01, 43.42, 44.19, 47.23, 46.08, 47.78, 53.81, 48.33, 57.03015197163784, 50.616242144729355, 52.05483419386803, 36.846217696479044, 53.26107117629288, 32.69199955792092, 66.3462405598891, 50.42040852218156, 37.8360271586263, 41.637465124351266, 36.32555172988877, 37.288801032675096, 55.90084900745598, 21.30652729995368, 46.81282264068325, 37.33862443905263, 73.25280279032206, 67.12251629807406, 53.2476589990228, 50.829723651136284, 47.35, 47.84, 46.43, 49.47, 52.17, 50.13, 52.8, 46.65, 49.83, 47.85, 51.99, 50.1, 48.17, 47.48, 49.85, 44.47, 42.92, 40.16, 41.25, 40.36, 44.17, 39.34, 41.28, 43.43, 43.19, 46.11, 51.81, 48.98, 49.39], "labels": [0, 0, 0, 0, 0, 0, 0, 0, 0, 0, 0, 0, 0, 0, 0, 0, 0, 0, 0, 0, 0, 0, 0, 0, 0, 0, 0, 0, 0, 0, 0, 0, 0, 0, 0, 0, 0, 0, 0, 0, 0, 0, 0, 0, 0, 0, 0, 0, 0, 0, 0, 1, 1, 1, 1, 1, 1, 1, 1, 1, 1, 1, 1, 1, 1, 1, 1, 1, 1, 1, 1, 0, 0, 0, 0, 0, 0, 0, 0, 0, 0, 0, 0, 0, 0, 0, 0, 0, 0, 0, 0, 0, 0, 0, 0, 0, 0, 0, 0, 0], "is_anomalous": true, "anomaly_type": "variance_change", "anomaly_positions": [51, 52, 53, 54, 55, 56, 57, 58, 59, 60, 61, 62, 63, 64, 65, 66, 67, 68, 69, 70], "length": 100}