{"id": "anomalous_000476", "series": [56.43, 52.18, 52.19, 53.07, 59.2, 55.75, 58.85, 59.67, 56.61, 60.66, 54.45, 55.71, 52.25, 51.23, 52.27, 47.99, 47.64, 45.66, 47.09, 49.43, 48.18, 50.19, 47.24, 54.09, 50.57, 53.15, 54.78, 56.13, 59.49, 58.5, 59.63, 59.11, 57.63, 53.5, 58.18, 55.91, 58.97, 54.72, 48.71, 52.44, 47.16, 49.37, 49.45, 46.64, 49.1, 52.13, 49.27, 49.37, 51.51, 52.79, 55.59, 52.07, 58.87, 57.23, 56.53, 58.14, 61.5, 58.44, 54.3, 52.83, 75.21858966043726, 85.13879364532687, 39.466136231144745, 36.56836416929219, 13.420111615274124, 57.42919593906971, 46.09727409500667, 44.09948571148878, 47.51784693905378, 45.351785847865955, 33.772268015097666, 82.71381522277562, 28.85110939305169, 66.2802245959079, 57.85963608580958, 57.69138338463157, 54.02849571058411, 97.3860847373896, 35.71685049840133, 40.376045959943404, 56.04, 55.12, 54.94, 52.55, 48.9, 50.06, 46.18, 49.21, 43.53, 45.86, 42.85, 42.58, 45.38, 49.97, 52.16, 52.3, 48.46, 48.56, 53.52, 53.21], "labels": [0, 0, 0, 0, 0, 0, 0, 0, 0, 0, 0, 0, 0, 0, 0, 0, 0, 0, 0, 0, 0, 0, 0, 0, 0, 0, 0, 0, 0, 0, 0, 0, 0, 0, 0, 0, 0, 0, 0, 0, 0, 0, 0, 0, 0, 0, 0, 0, 0, 0, 0, 0, 0, 0, 0, 0, 0, 0, 0, 0, 1, 1, 1, 1, 1, 1, 1, 1, 1, 1, 1, 1, 1, 1, 1, 1, 1, 1, 1, 1, 0, 0, 0, 0, 0, 0, 0, 0, 0, 0, 0, 0, 0, 0, 0, 0, 0, 0, 0, 0], "is_anomalous": true, "anomaly_type": "variance_change", "anomaly_positions": [60, 61, 62, 63, 64, 65, 66, 67, 68, 69, 70, 71, 72, 73, 74, 75, 76, 77, 78, 79], "length": 100}