{"id": "anomalous_000741", "series": [49.25, 45.66, 49.84, 53.14, 54.36, 51.14, 53.91, 54.39, 50.23, 52.41, 49.47, 48.41, 48.39, 46.3, 45.64, 44.13, 45.7, 45.51, 44.71, 42.6, 48.13, 46.17, 48.15, 50.87, 49.76, 48.38, 50.9, 51.9, 55.49, 54.67, 52.16, 51.56, 54.71, 49.48, 50.31, 51.57, 47.71, 45.26, 44.57, 47.32, 47.3, 45.77, 42.58, 46.65, 44.85, 43.53, 45.05, 45.27, 49.48, 51.0, 48.83, 54.55, 50.75, 52.77, 57.13, 52.3, 51.34, 53.35, 51.0, 47.53, 50.97, 48.03, 49.571676196981, 44.439059847072805, 49.591181715154946, 47.160784728010114, 49.126042454037915, 47.4327257749315, 45.37714124330928, 55.11555545718092, 55.80668246923094, 59.46212247796046, 58.43676316857611, 52.6249881015564, 61.07952891908678, 58.98220000014833, 58.403081554160835, 67.15269672220806, 69.68185561289286, 71.41696326257973, 83.96100854391412, 71.82179242699956, 76.4576142056228, 70.75613511970724, 63.635764358942765, 64.52253905863984, 80.98676628541254, 72.31108928556488, 76.73730460407467, 78.17317950351199, 61.73528496479934, 65.92672758249725, 62.77541359428925, 81.8792989303792, 82.72692890716255, 95.66250427698675, 94.83263574313995, 89.18301331548085, 105.72867688949212, 70.16662495834613], "labels": [0, 0, 0, 0, 0, 0, 0, 0, 0, 0, 0, 0, 0, 0, 0, 0, 0, 0, 0, 0, 0, 0, 0, 0, 0, 0, 0, 0, 0, 0, 0, 0, 0, 0, 0, 0, 0, 0, 0, 0, 0, 0, 0, 0, 0, 0, 0, 0, 0, 0, 0, 0, 0, 0, 0, 0, 0, 0, 0, 0, 0, 1, 1, 1, 1, 1, 1, 1, 1, 1, 1, 1, 1, 1, 1, 1, 1, 1, 1, 1, 1, 1, 1, 1, 1, 1, 1, 1, 1, 1, 1, 1, 1, 1, 1, 1, 1, 1, 1, 1], "is_anomalous": true, "anomaly_type": "trend_change", "anomaly_positions": [61, 62, 63, 64, 65, 66, 67, 68, 69, 70, 71, 72, 73, 74, 75, 76, 77, 78, 79, 80, 81, 82, 83, 84, 85, 86, 87, 88, 89, 90, 91, 92, 93, 94, 95, 96, 97, 98, 99], "length": 100}