{"id": "anomalous_000553", "series": [52.11, 49.36, 53.51, 50.58, 51.51, 55.32, 55.98, 53.57, 55.08, 51.69, 51.84, 48.84, 49.89, 46.08, 48.33, 43.66, 48.06, 41.66, 46.93, 43.42, 42.79, 49.12, 48.64, 47.83, 50.2, 52.21, 50.52, 54.67, 53.66, 52.24, 58.1, 57.47, 52.74, 53.1, 53.39, 51.22, 51.17, 50.71, 52.04, 50.47, 47.34, 43.87, 44.6, 42.88, 45.7, 45.07, 50.77, 51.55, 49.06, 49.92, 55.51, 29.7291659177169, 28.2691659177169, 32.309165917716896, 30.609165917716897, 30.5191659177169, 31.179165917716897, 27.259165917716903, 29.679165917716897, 28.679165917716897, 27.119165917716902, 47.21, 52.31, 47.76, 48.32, 46.58, 47.07, 45.21, 48.02, 50.08, 47.91, 52.25, 52.43, 51.03, 52.24, 58.62, 55.8, 58.74, 53.87, 60.48, 59.87, 58.08, 56.74, 55.46, 51.15, 56.11, 54.6, 48.33, 50.53, 47.06, 48.0, 48.14, 49.17, 49.55, 51.56, 54.87, 56.22, 50.56, 58.79, 57.34], "labels": [0, 0, 0, 0, 0, 0, 0, 0, 0, 0, 0, 0, 0, 0, 0, 0, 0, 0, 0, 0, 0, 0, 0, 0, 0, 0, 0, 0, 0, 0, 0, 0, 0, 0, 0, 0, 0, 0, 0, 0, 0, 0, 0, 0, 0, 0, 0, 0, 0, 0, 0, 1, 1, 1, 1, 1, 1, 1, 1, 1, 1, 0, 0, 0, 0, 0, 0, 0, 0, 0, 0, 0, 0, 0, 0, 0, 0, 0, 0, 0, 0, 0, 0, 0, 0, 0, 0, 0, 0, 0, 0, 0, 0, 0, 0, 0, 0, 0, 0, 0], "is_anomalous": true, "anomaly_type": "shift", "anomaly_positions": [51, 52, 53, 54, 55, 56, 57, 58, 59, 60], "length": 100}