{"id": "anomalous_000598", "series": [53.5, 53.6, 54.05, 57.94, 55.43, 56.24, 57.25, 56.18, 55.79, 54.85, 55.77, 54.38, 52.79, 51.07, 52.08, 52.01, 46.92, 48.63, 46.88, 46.76, 49.48, 50.68, 52.98, 53.22, 53.9, 54.3, 59.84, 56.58, 58.76, 59.24, 59.64, 59.6, 58.36, 60.13, 57.89, 54.45, 54.82, 50.84, 52.99, 52.46, 49.21, 48.65, 67.34802626257294, 52.379322654865994, 47.7759424036038, 24.441251346322026, 64.58527141870626, 53.63873399321064, 74.8570114502514, 12.787365449603826, 66.34727980638765, 42.88771308059668, 26.938054102754414, 45.16120875504886, 44.567568553663136, 74.25369421723728, 56.92746286351599, 42.1975936460264, 57.20156045783213, 34.56050237896201, 29.391456899134727, 36.19915100092637, 50.94, 51.07, 55.12, 51.06, 51.91, 51.86, 51.62, 50.11, 55.09, 54.76, 55.66, 58.94, 59.86, 56.83, 60.67, 59.72, 60.38, 57.45, 60.24, 59.02, 59.0, 54.14, 56.68, 54.59, 52.76, 52.83, 54.79, 53.44, 51.97, 50.15, 52.32, 53.15, 53.37, 56.65, 57.5, 58.72, 58.21, 63.27], "labels": [0, 0, 0, 0, 0, 0, 0, 0, 0, 0, 0, 0, 0, 0, 0, 0, 0, 0, 0, 0, 0, 0, 0, 0, 0, 0, 0, 0, 0, 0, 0, 0, 0, 0, 0, 0, 0, 0, 0, 0, 0, 0, 1, 1, 1, 1, 1, 1, 1, 1, 1, 1, 1, 1, 1, 1, 1, 1, 1, 1, 1, 1, 0, 0, 0, 0, 0, 0, 0, 0, 0, 0, 0, 0, 0, 0, 0, 0, 0, 0, 0, 0, 0, 0, 0, 0, 0, 0, 0, 0, 0, 0, 0, 0, 0, 0, 0, 0, 0, 0], "is_anomalous": true, "anomaly_type": "variance_change", "anomaly_positions": [42, 43, 44, 45, 46, 47, 48, 49, 50, 51, 52, 53, 54, 55, 56, 57, 58, 59, 60, 61], "length": 100}