{"id": "anomalous_000555", "series": [51.75, 50.1, 52.96, 52.44, 52.68, 54.9, 52.27, 53.36, 52.93, 50.84, 51.89, 50.08, 49.04, 48.69, 46.87, 45.66, 41.96, 42.99, 44.38, 44.0, 46.27, 46.56, 46.67, 47.7, 46.29, 50.29, 51.04, 50.08, 51.02, 52.24, 54.96, 52.81, 51.45, 56.31, 49.59, 47.38, 48.24, 46.4, 46.33, 45.94, 44.36, 44.61, 43.78, 46.45, 46.15, 46.36, 49.53, 45.2, 48.93, 47.93, 51.81, 52.57, 53.62, 51.12, 51.53, 53.93, 54.65, 52.87, 54.3, 47.22, 47.91, 47.12, 41.83, 45.99, 46.64, 43.03, 48.28015444259623, 6.621609609972481, 46.40459145546344, 44.884503238356025, 33.95334023001831, 55.69949572865464, 63.32233125183349, 73.60140944840074, 63.96275765248596, 57.25040584655784, 57.70854806663332, 52.730075282956264, 48.51126967445352, 73.23287266742797, 51.35022992700618, 54.39598753586835, 34.15243823382447, 52.69682928526144, 63.85097600403504, 62.584319776824984, 49.23, 45.79, 45.03, 44.98, 41.87, 42.7, 42.05, 45.73, 44.06, 48.83, 48.46, 50.24, 48.79, 50.16], "labels": [0, 0, 0, 0, 0, 0, 0, 0, 0, 0, 0, 0, 0, 0, 0, 0, 0, 0, 0, 0, 0, 0, 0, 0, 0, 0, 0, 0, 0, 0, 0, 0, 0, 0, 0, 0, 0, 0, 0, 0, 0, 0, 0, 0, 0, 0, 0, 0, 0, 0, 0, 0, 0, 0, 0, 0, 0, 0, 0, 0, 0, 0, 0, 0, 0, 0, 1, 1, 1, 1, 1, 1, 1, 1, 1, 1, 1, 1, 1, 1, 1, 1, 1, 1, 1, 1, 0, 0, 0, 0, 0, 0, 0, 0, 0, 0, 0, 0, 0, 0], "is_anomalous": true, "anomaly_type": "variance_change", "anomaly_positions": [66, 67, 68, 69, 70, 71, 72, 73, 74, 75, 76, 77, 78, 79, 80, 81, 82, 83, 84, 85], "length": 100}