{"id": "anomalous_000780", "series": [44.48, 47.57, 42.69, 48.31, 51.12, 51.79, 47.8, 48.81, 56.75, 47.66, 42.11, 49.87, 45.42, 44.22, 44.05, 44.4, 44.57, 41.84, 38.33, 38.83, 43.72, 46.49, 44.24, 46.44, 47.15, 47.62, 48.34, 46.36, 49.11, 48.36, 47.75, 54.01, 48.4, 46.78, 48.63, 45.41, 44.96, 43.81, 40.96, 39.71, 40.62, 39.41, 40.65, 40.66, 40.56, 40.72, 44.36, 47.03, 33.99204850690065, 67.87603715777179, 33.520018437170236, 36.81322355714028, 34.138884887726455, 69.0852141670131, 75.21342247704837, 40.51007893996754, 39.889066292102925, 43.8617061879883, 63.499357168626815, 14.024335366773016, 48.56657969403639, 56.85004280676777, 57.09958271221296, 47.84405386662109, 46.53150857391737, 38.98506566541309, 55.64688990528619, 30.438799815467135, 39.17, 39.24, 45.9, 44.28, 43.54, 47.85, 49.79, 49.42, 51.79, 51.68, 47.3, 48.82, 49.42, 49.62, 49.78, 46.08, 40.24, 42.24, 43.19, 43.23, 34.83, 42.52, 39.67, 37.47, 37.87, 42.58, 41.83, 45.15, 44.5, 46.88, 46.11, 48.57], "labels": [0, 0, 0, 0, 0, 0, 0, 0, 0, 0, 0, 0, 0, 0, 0, 0, 0, 0, 0, 0, 0, 0, 0, 0, 0, 0, 0, 0, 0, 0, 0, 0, 0, 0, 0, 0, 0, 0, 0, 0, 0, 0, 0, 0, 0, 0, 0, 0, 1, 1, 1, 1, 1, 1, 1, 1, 1, 1, 1, 1, 1, 1, 1, 1, 1, 1, 1, 1, 0, 0, 0, 0, 0, 0, 0, 0, 0, 0, 0, 0, 0, 0, 0, 0, 0, 0, 0, 0, 0, 0, 0, 0, 0, 0, 0, 0, 0, 0, 0, 0], "is_anomalous": true, "anomaly_type": "variance_change", "anomaly_positions": [48, 49, 50, 51, 52, 53, 54, 55, 56, 57, 58, 59, 60, 61, 62, 63, 64, 65, 66, 67], "length": 100}