{"id": "anomalous_000490", "series": [47.41, 48.79, 50.33, 49.22, 48.96, 53.83, 52.01, 51.11, 49.31, 49.47, 52.46, 44.53, 48.35, 45.09, 34.0, 40.21, 40.59, 40.88, 42.68, 40.99, 41.17, 36.64, 43.63, 47.08, 41.71, 49.29, 48.45, 47.59, 48.46, 50.31, 50.88, 50.84, 50.0, 50.63, 49.48, 47.96, 47.95, 42.82, 43.99, 45.44, 38.01, 40.32, 42.33, 39.42, 44.84, 42.44, 42.97, 48.3, 44.54, 47.89, 48.04, 49.91, 44.72, 47.79, 48.27, 53.36, 48.22, 47.87, 47.2, 49.92, 45.143919072701344, 44.96914837199172, 44.95595082226031, 47.79276386674243, 46.822485494901535, 56.2985979264933, 42.85966559667608, 45.833014024214016, 44.399486054841184, 62.43384011811592, 55.17437594459796, 53.945064732706925, 67.15692931783313, 63.54861677802873, 56.541152967619, 62.281122325418245, 68.33570406658785, 71.5876555249677, 76.7038726355469, 81.66703474511345, 64.4596056795088, 74.22678853143124, 77.97354702834066, 79.53455758921359, 61.72718672979331, 74.69058922958803, 62.64170674575746, 80.21631120200522, 69.33200976345127, 57.905484986061865, 87.23017400243235, 62.19457278229956, 69.64453563981202, 73.04154317411482, 98.38628086851196, 82.35482713805752, 91.9004101569102, 104.04315095832499, 97.47469060161521, 93.73888338919431], "labels": [0, 0, 0, 0, 0, 0, 0, 0, 0, 0, 0, 0, 0, 0, 0, 0, 0, 0, 0, 0, 0, 0, 0, 0, 0, 0, 0, 0, 0, 0, 0, 0, 0, 0, 0, 0, 0, 0, 0, 0, 0, 0, 0, 0, 0, 0, 0, 0, 0, 0, 0, 0, 0, 0, 0, 0, 0, 0, 0, 1, 1, 1, 1, 1, 1, 1, 1, 1, 1, 1, 1, 1, 1, 1, 1, 1, 1, 1, 1, 1, 1, 1, 1, 1, 1, 1, 1, 1, 1, 1, 1, 1, 1, 1, 1, 1, 1, 1, 1, 1], "is_anomalous": true, "anomaly_type": "trend_change", "anomaly_positions": [59, 60, 61, 62, 63, 64, 65, 66, 67, 68, 69, 70, 71, 72, 73, 74, 75, 76, 77, 78, 79, 80, 81, 82, 83, 84, 85, 86, 87, 88, 89, 90, 91, 92, 93, 94, 95, 96, 97, 98, 99], "length": 100}