{"id": "anomalous_000454", "series": [50.77, 51.5, 52.76, 54.62, 55.55, 53.99, 56.76, 55.46, 51.74, 53.58, 50.32, 51.16, 48.07, 46.34, 46.54, 43.71, 45.57, 41.92, 42.27, 43.9, 43.26, 44.92, 47.46, 46.31, 48.6, 50.58, 51.62, 50.95, 53.84, 51.97, 55.0, 53.64, 53.04, 52.59, 51.02, 50.07, 48.96, 44.82, 44.41, 44.32, 43.7, 43.77, 42.53, 42.29, 43.25, 43.73, 45.6, 46.11, 46.52, 49.07185098704311, 51.59665077468891, 55.0051510847019, 56.31844756015602, 56.775640198617594, 55.98468394554308, 58.67665135389044, 60.381407829692286, 61.24733809553992, 63.252936322742244, 58.3075054801275, 58.21184424734434, 55.81250057650955, 64.70761731184248, 62.278936447428514, 65.04624603661286, 65.06311179196331, 59.042121241834664, 62.94446694076638, 63.7139628245004, 71.64625549175403, 64.83823296934517, 79.48188907683837, 64.72862747665138, 61.85535408961795, 74.7945889697018, 71.16911525753598, 86.19454965676579, 73.800878022099, 91.14249875452096, 93.27083187524494, 76.55454682618561, 93.13966411452182, 85.21634765176893, 86.67610898242867, 70.0061684699356, 95.72875560972814, 88.60759657884209, 94.03447121489344, 76.30523671447587, 82.43847385019843, 77.96580709991676, 101.22062543161667, 70.54767659796379, 63.300556863599866, 73.83377054562119, 71.22995737546482, 110.6275288415087, 111.81382315680347, 105.78731882060507, 102.45677113690266], "labels": [0, 0, 0, 0, 0, 0, 0, 0, 0, 0, 0, 0, 0, 0, 0, 0, 0, 0, 0, 0, 0, 0, 0, 0, 0, 0, 0, 0, 0, 0, 0, 0, 0, 0, 0, 0, 0, 0, 0, 0, 0, 0, 0, 0, 0, 0, 0, 0, 1, 1, 1, 1, 1, 1, 1, 1, 1, 1, 1, 1, 1, 1, 1, 1, 1, 1, 1, 1, 1, 1, 1, 1, 1, 1, 1, 1, 1, 1, 1, 1, 1, 1, 1, 1, 1, 1, 1, 1, 1, 1, 1, 1, 1, 1, 1, 1, 1, 1, 1, 1], "is_anomalous": true, "anomaly_type": "trend_change", "anomaly_positions": [48, 49, 50, 51, 52, 53, 54, 55, 56, 57, 58, 59, 60, 61, 62, 63, 64, 65, 66, 67, 68, 69, 70, 71, 72, 73, 74, 75, 76, 77, 78, 79, 80, 81, 82, 83, 84, 85, 86, 87, 88, 89, 90, 91, 92, 93, 94, 95, 96, 97, 98, 99], "length": 100}