{"id": "anomalous_000706", "series": [53.18, 55.32, 56.95, 59.3, 59.16, 58.95, 57.5, 59.33, 57.76, 59.31, 57.61, 53.21, 53.24, 54.08, 51.72, 49.42, 48.75, 50.52, 49.2, 47.46, 46.99, 51.83, 50.81, 52.49, 52.06, 54.39, 55.34, 56.34, 56.69, 56.99, 59.95, 58.89, 56.99, 56.34, 54.13, 53.5, 51.14, 79.61963222399959, 78.42963222399958, 74.07963222399958, 76.76963222399958, 74.46963222399958, 76.88963222399957, 75.07963222399958, 75.73963222399958, 75.92963222399958, 78.06963222399958, 51.86, 53.84, 53.78, 56.62, 54.92, 57.56, 57.34, 57.35, 56.91, 55.77, 57.97, 53.53, 54.23, 53.39, 50.33, 50.64, 48.76, 47.99, 49.16, 48.2, 48.58, 48.76, 47.55, 47.68, 50.03, 49.33, 53.99, 54.35, 54.74, 54.35, 55.68, 56.68, 56.08, 56.08, 55.67, 52.09, 53.05, 51.45, 48.53, 47.74, 50.28, 45.27, 45.94, 44.65, 46.23, 44.99, 47.5, 48.56, 49.91, 51.05, 50.83, 52.23, 54.1], "labels": [0, 0, 0, 0, 0, 0, 0, 0, 0, 0, 0, 0, 0, 0, 0, 0, 0, 0, 0, 0, 0, 0, 0, 0, 0, 0, 0, 0, 0, 0, 0, 0, 0, 0, 0, 0, 0, 1, 1, 1, 1, 1, 1, 1, 1, 1, 1, 0, 0, 0, 0, 0, 0, 0, 0, 0, 0, 0, 0, 0, 0, 0, 0, 0, 0, 0, 0, 0, 0, 0, 0, 0, 0, 0, 0, 0, 0, 0, 0, 0, 0, 0, 0, 0, 0, 0, 0, 0, 0, 0, 0, 0, 0, 0, 0, 0, 0, 0, 0, 0], "is_anomalous": true, "anomaly_type": "shift", "anomaly_positions": [37, 38, 39, 40, 41, 42, 43, 44, 45, 46], "length": 100}