{"id": "anomalous_000671", "series": [53.58, 54.88, 56.68, 56.21, 53.59, 55.17, 57.49, 57.93, 59.49, 58.37, 56.06, 56.03, 52.28, 50.21, 47.81, 47.27, 49.53, 48.65, 46.03, 47.54, 49.15, 50.87, 48.99, 49.44, 55.48, 53.8, 53.17, 57.57, 59.33, 58.02, 56.67, 57.77, 57.47, 58.49, 53.69, 56.98, 51.95, 50.81, 49.23, 49.51, 49.27, 45.94, 47.22, 48.37, 49.52, 49.36, 51.04, 51.6, 50.51, 41.8288765125325, 25.618395814323684, 49.02237815068495, 78.89552936926879, 77.39699666452631, 66.41251001631838, 51.82675160619469, 57.08695837813276, 63.751132776587944, 49.743821841982076, 53.8961674044078, 69.39132519382237, 77.16372897376651, 62.28499271353366, 30.484565987312216, 46.197389262136454, 29.277432613231227, 34.84905351786426, 47.53742227817488, 69.261132552512, 50.3, 52.78, 53.69, 51.72, 58.64, 58.22, 55.77, 58.45, 57.89, 59.01, 56.17, 61.16, 57.27, 57.67, 55.21, 56.98, 55.92, 51.28, 53.7, 53.98, 51.05, 50.66, 52.0, 50.68, 50.27, 51.49, 56.57, 52.62, 55.99, 58.18, 57.23], "labels": [0, 0, 0, 0, 0, 0, 0, 0, 0, 0, 0, 0, 0, 0, 0, 0, 0, 0, 0, 0, 0, 0, 0, 0, 0, 0, 0, 0, 0, 0, 0, 0, 0, 0, 0, 0, 0, 0, 0, 0, 0, 0, 0, 0, 0, 0, 0, 0, 0, 1, 1, 1, 1, 1, 1, 1, 1, 1, 1, 1, 1, 1, 1, 1, 1, 1, 1, 1, 1, 0, 0, 0, 0, 0, 0, 0, 0, 0, 0, 0, 0, 0, 0, 0, 0, 0, 0, 0, 0, 0, 0, 0, 0, 0, 0, 0, 0, 0, 0, 0], "is_anomalous": true, "anomaly_type": "variance_change", "anomaly_positions": [49, 50, 51, 52, 53, 54, 55, 56, 57, 58, 59, 60, 61, 62, 63, 64, 65, 66, 67, 68], "length": 100}