{"id": "anomalous_000660", "series": [53.53, 50.67, 54.21, 55.19, 55.13, 57.78, 61.46, 58.46, 56.34, 58.25, 54.47, 52.75, 57.03, 51.7, 46.85, 45.75, 46.42, 48.6, 48.54, 43.14, 45.5, 50.7, 49.44, 51.31, 54.28, 49.82, 53.97, 53.77, 59.36, 60.37, 59.12, 57.3, 56.2, 56.09, 53.19, 52.38, 57.55, 53.31, 51.86, 45.97, 49.79, 44.16, 49.86, 50.52, 49.37, 50.48, 51.96, 49.2, 55.69, 56.45, 60.85641316739218, 56.08358319139625, 55.65615427381733, 60.816747584670715, 60.48730365346538, 67.60928554406416, 68.3670455530001, 60.13070337206601, 68.92635002662914, 64.46440119320965, 65.11427722238683, 59.31173637753204, 61.9756641899086, 61.7908357957375, 62.45472536165954, 62.99999808788958, 65.20767271786849, 72.38079372777139, 74.62533203567543, 78.80528530029227, 73.20447189313658, 87.04938061126128, 87.34590394239663, 86.36356346506835, 81.09916758575817, 72.24965258781745, 90.21190717966465, 74.50628602259357, 84.53762178128295, 83.03021653851124, 100.68919092600524, 92.30383870290288, 96.97323832465524, 101.91083140302258, 78.92817041401307, 79.95793093662797, 95.21506861829332, 77.03346257039777, 82.34896315923112, 93.91252369804695, 81.50410466432186, 82.5400126482831, 83.98941202149535, 88.02905020636985, 116.15148425458106, 89.61641297616657, 102.20496097131962, 108.6969514967711, 115.32183080391468, 113.89476584555936], "labels": [0, 0, 0, 0, 0, 0, 0, 0, 0, 0, 0, 0, 0, 0, 0, 0, 0, 0, 0, 0, 0, 0, 0, 0, 0, 0, 0, 0, 0, 0, 0, 0, 0, 0, 0, 0, 0, 0, 0, 0, 0, 0, 0, 0, 0, 0, 0, 0, 0, 1, 1, 1, 1, 1, 1, 1, 1, 1, 1, 1, 1, 1, 1, 1, 1, 1, 1, 1, 1, 1, 1, 1, 1, 1, 1, 1, 1, 1, 1, 1, 1, 1, 1, 1, 1, 1, 1, 1, 1, 1, 1, 1, 1, 1, 1, 1, 1, 1, 1, 1], "is_anomalous": true, "anomaly_type": "trend_change", "anomaly_positions": [49, 50, 51, 52, 53, 54, 55, 56, 57, 58, 59, 60, 61, 62, 63, 64, 65, 66, 67, 68, 69, 70, 71, 72, 73, 74, 75, 76, 77, 78, 79, 80, 81, 82, 83, 84, 85, 86, 87, 88, 89, 90, 91, 92, 93, 94, 95, 96, 97, 98, 99], "length": 100}