{"id": "anomalous_000276", "series": [48.26, 50.35, 54.68, 51.93, 53.69, 55.57, 55.73, 51.84, 53.39, 50.6, 52.45, 50.04, 50.34, 48.74, 45.46, 41.89, 48.17, 43.2, 40.23, 42.69, 46.54, 42.88, 50.49, 51.42, 54.52, 54.66, 45.12, 53.71, 56.74, 55.48, 58.92, 53.46, 59.25, 50.3, 51.37, 49.0, 49.03, 47.23, 48.9, 44.85, 47.64, 46.6, 43.25, 45.65, 44.92, 46.99, 50.18, 45.27, 53.58, 55.32, 52.86, 53.15, 51.53, 56.94, 58.08, 56.11, 54.91, 60.01, 56.14, 55.87, 49.46, 45.3, 49.49, 45.48, 51.74, 49.08, 50.58, 52.64, 39.91, 50.444391005524615, 52.48224376162903, 48.867169566734106, 60.95748759547148, 55.74055480858408, 63.729534289820414, 60.08755250323463, 63.1463369510173, 64.22126043496169, 70.33339211136709, 69.89979547616542, 65.77084361397154, 65.76026429827517, 73.70543239408076, 68.09362584573881, 68.66537915247164, 78.29632180770052, 72.39194937428971, 65.04503765530204, 66.67035982237432, 75.36879510434684, 73.17244016773874, 73.99681529264274, 64.59777109299046, 69.28145697699311, 71.02554907667916, 74.02867513474673, 68.043700315113, 82.41019757223134, 87.3785612512634, 86.09009322789568], "labels": [0, 0, 0, 0, 0, 0, 0, 0, 0, 0, 0, 0, 0, 0, 0, 0, 0, 0, 0, 0, 0, 0, 0, 0, 0, 0, 0, 0, 0, 0, 0, 0, 0, 0, 0, 0, 0, 0, 0, 0, 0, 0, 0, 0, 0, 0, 0, 0, 0, 0, 0, 0, 0, 0, 0, 0, 0, 0, 0, 0, 0, 0, 0, 0, 0, 0, 0, 0, 1, 1, 1, 1, 1, 1, 1, 1, 1, 1, 1, 1, 1, 1, 1, 1, 1, 1, 1, 1, 1, 1, 1, 1, 1, 1, 1, 1, 1, 1, 1, 1], "is_anomalous": true, "anomaly_type": "trend_change", "anomaly_positions": [68, 69, 70, 71, 72, 73, 74, 75, 76, 77, 78, 79, 80, 81, 82, 83, 84, 85, 86, 87, 88, 89, 90, 91, 92, 93, 94, 95, 96, 97, 98, 99], "length": 100}