{"id": "anomalous_000352", "series": [55.81, 54.6, 57.09, 58.49, 60.66, 55.88, 58.44, 56.9, 58.83, 51.4, 53.37, 53.59, 50.23, 54.95, 47.49, 51.26, 44.03, 46.71, 46.82, 51.33, 48.43, 49.77, 47.77, 52.41, 52.16, 52.01, 53.28, 56.67, 55.24, 59.84, 59.83, 60.51, 55.42, 61.81, 52.43, 55.73, 55.66, 50.95, 89.86394885272563, 89.01394885272562, 90.11394885272563, 85.49394885272562, 89.45394885272562, 89.22394885272561, 87.91394885272561, 86.01394885272562, 88.96394885272562, 92.38394885272561, 54.15, 55.08, 54.51, 57.76, 56.72, 55.97, 57.46, 61.83, 55.65, 60.97, 56.15, 55.13, 56.1, 50.93, 50.83, 51.38, 50.08, 48.5, 52.0, 51.85, 49.55, 51.82, 50.66, 54.85, 51.4, 54.09, 54.16, 57.59, 60.3, 56.94, 59.32, 58.91, 57.28, 58.74, 57.31, 58.4, 55.11, 55.42, 53.45, 48.51, 50.45, 49.98, 46.78, 49.91, 49.34, 50.58, 51.85, 53.31, 57.23, 57.29, 57.3, 53.11], "labels": [0, 0, 0, 0, 0, 0, 0, 0, 0, 0, 0, 0, 0, 0, 0, 0, 0, 0, 0, 0, 0, 0, 0, 0, 0, 0, 0, 0, 0, 0, 0, 0, 0, 0, 0, 0, 0, 0, 1, 1, 1, 1, 1, 1, 1, 1, 1, 1, 0, 0, 0, 0, 0, 0, 0, 0, 0, 0, 0, 0, 0, 0, 0, 0, 0, 0, 0, 0, 0, 0, 0, 0, 0, 0, 0, 0, 0, 0, 0, 0, 0, 0, 0, 0, 0, 0, 0, 0, 0, 0, 0, 0, 0, 0, 0, 0, 0, 0, 0, 0], "is_anomalous": true, "anomaly_type": "shift", "anomaly_positions": [38, 39, 40, 41, 42, 43, 44, 45, 46, 47], "length": 100}