{"id": "anomalous_000374", "series": [54.37, 52.14, 57.38, 52.52, 56.77, 57.25, 55.69, 56.96, 53.14, 56.96, 50.36, 51.12, 53.1, 47.17, 51.97, 55.57, 44.26, 48.89, 46.68, 51.1, 50.56, 52.1, 46.96, 58.81, 49.71, 52.1, 53.73, 55.66, 53.36, 54.0, 61.49, 56.42, 56.58, 57.42, 58.46, 53.38, 51.01, 52.08, 50.56, 48.46, 51.97, 42.59, 48.08, 44.05, 51.22, 50.25, 49.59, 48.26, 51.25, 50.31, 55.85, 54.4, 56.93, 56.34, 56.93, 53.19, 52.81, 52.63075646721175, 59.44456463136469, 53.513776200258505, 55.148977873811695, 56.798082604860134, 58.40861605672759, 56.138120939917414, 53.89089670951189, 62.17376102418248, 59.003773305747046, 58.30520762192313, 57.07491981104876, 57.95959068989265, 71.19076174595688, 65.88880497193011, 63.45515472513152, 71.95607278167466, 80.65502633032246, 77.31315819186784, 80.28171186517524, 83.18709808487806, 76.51806794277849, 68.9876161480416, 84.04416365831423, 89.51746225584566, 91.5169924863807, 64.99533076381073, 78.9554206700424, 76.4586504319886, 79.03420729704627, 87.0469335588119, 88.2149119837795, 89.48055856419984, 64.74798759428106, 91.65489909716896, 86.69553379073164, 85.65761129630452, 106.95088639745703, 78.39047515803367, 102.23835171829978, 77.27656998569005, 90.05029867524124, 78.52521708644902], "labels": [0, 0, 0, 0, 0, 0, 0, 0, 0, 0, 0, 0, 0, 0, 0, 0, 0, 0, 0, 0, 0, 0, 0, 0, 0, 0, 0, 0, 0, 0, 0, 0, 0, 0, 0, 0, 0, 0, 0, 0, 0, 0, 0, 0, 0, 0, 0, 0, 0, 0, 0, 0, 0, 0, 0, 0, 1, 1, 1, 1, 1, 1, 1, 1, 1, 1, 1, 1, 1, 1, 1, 1, 1, 1, 1, 1, 1, 1, 1, 1, 1, 1, 1, 1, 1, 1, 1, 1, 1, 1, 1, 1, 1, 1, 1, 1, 1, 1, 1, 1], "is_anomalous": true, "anomaly_type": "trend_change", "anomaly_positions": [56, 57, 58, 59, 60, 61, 62, 63, 64, 65, 66, 67, 68, 69, 70, 71, 72, 73, 74, 75, 76, 77, 78, 79, 80, 81, 82, 83, 84, 85, 86, 87, 88, 89, 90, 91, 92, 93, 94, 95, 96, 97, 98, 99], "length": 100}