{"id": "anomalous_000054", "series": [55.44, 58.78, 55.19, 57.11, 59.98, 57.12, 59.5, 60.2, 61.28, 55.6, 57.71, 55.37, 51.99, 53.08, 50.94, 50.84, 48.63, 50.1, 48.16, 47.22, 48.43, 50.42, 51.69, 52.13, 54.91, 54.63, 57.9, 57.12, 58.94, 56.94, 59.9, 58.65, 57.71, 55.97, 57.5, 54.72155883720562, 56.27994373100327, 58.863491576768325, 53.943564928615764, 59.14827993427046, 55.73799241618947, 60.674981275150536, 58.07151191974225, 57.19622811647255, 54.522498334286254, 62.31625865589723, 68.50546621363902, 64.35827768284663, 69.76695454537142, 71.67983657609261, 77.19675876040284, 75.15024117863787, 74.22364330584006, 75.62790000717077, 70.97250743910902, 83.18456645279772, 79.82673857884635, 83.1170248158301, 81.6359873711609, 85.91963668373573, 82.89667683328415, 79.01021119230673, 85.11660440232683, 72.9464987516706, 68.19488783624158, 78.26022080983553, 89.990570292396, 76.32501174968245, 74.94206281028444, 78.10917617251783, 79.62495270356564, 79.76080189909271, 87.94869898225116, 92.42324548854674, 78.64665041888381, 83.85160898035873, 117.01405477648854, 118.39670218209613, 101.92689543983141, 126.22738180483188, 107.91751997417816, 94.65466142699073, 87.7820061895285, 85.64706187258355, 121.53152471112722, 114.42591356663064, 93.59270900956986, 130.3540402774367, 91.05402723515819, 86.95641483725561, 108.18751583716735, 131.29390740368308, 95.86516983700889, 126.55341634599318, 108.55301971716673, 98.07511692075995, 94.66636223184899, 142.61551470471647, 123.6457547115965, 145.7004120016844], "labels": [0, 0, 0, 0, 0, 0, 0, 0, 0, 0, 0, 0, 0, 0, 0, 0, 0, 0, 0, 0, 0, 0, 0, 0, 0, 0, 0, 0, 0, 0, 0, 0, 0, 0, 1, 1, 1, 1, 1, 1, 1, 1, 1, 1, 1, 1, 1, 1, 1, 1, 1, 1, 1, 1, 1, 1, 1, 1, 1, 1, 1, 1, 1, 1, 1, 1, 1, 1, 1, 1, 1, 1, 1, 1, 1, 1, 1, 1, 1, 1, 1, 1, 1, 1, 1, 1, 1, 1, 1, 1, 1, 1, 1, 1, 1, 1, 1, 1, 1, 1], "is_anomalous": true, "anomaly_type": "trend_change", "anomaly_positions": [34, 35, 36, 37, 38, 39, 40, 41, 42, 43, 44, 45, 46, 47, 48, 49, 50, 51, 52, 53, 54, 55, 56, 57, 58, 59, 60, 61, 62, 63, 64, 65, 66, 67, 68, 69, 70, 71, 72, 73, 74, 75, 76, 77, 78, 79, 80, 81, 82, 83, 84, 85, 86, 87, 88, 89, 90, 91, 92, 93, 94, 95, 96, 97, 98, 99], "length": 100}