{"id": "anomalous_000584", "series": [46.31, 49.51, 43.27, 50.19, 50.51, 52.14, 58.22, 53.79, 52.93, 51.39, 47.42, 49.78, 45.13, 46.66, 41.63, 44.93, 40.64, 40.85, 44.73, 46.51, 46.68, 41.23, 51.82, 48.37, 44.43, 49.69, 50.09, 52.09, 55.64, 50.53, 55.13, 55.32, 51.18, 56.5, 56.07, 50.3, 44.95, 45.26, 44.86, 47.58, 36.02, 44.74, 41.51, 40.38, 45.99, 44.78, 46.87, 50.53, 53.86, 48.75, 45.16, 51.68, 53.37, 49.25, 52.86, 51.89, 50.57, 48.2, 53.28, 49.03, 42.8, 41.35, 47.14, 42.94, 41.46, 38.44, 8.190116206210881, -0.019883793789119864, 8.000116206210883, 8.30011620621088, 8.190116206210881, 12.950116206210879, 11.77011620621088, 15.380116206210879, 15.350116206210885, 13.700116206210879, 54.69, 50.59, 58.67, 54.75, 49.34, 51.95, 50.24, 47.47, 48.74, 40.71, 43.69, 46.63, 41.81, 36.75, 45.9, 38.16, 43.69, 43.27, 39.07, 42.98, 48.77, 48.61, 46.14, 49.93], "labels": [0, 0, 0, 0, 0, 0, 0, 0, 0, 0, 0, 0, 0, 0, 0, 0, 0, 0, 0, 0, 0, 0, 0, 0, 0, 0, 0, 0, 0, 0, 0, 0, 0, 0, 0, 0, 0, 0, 0, 0, 0, 0, 0, 0, 0, 0, 0, 0, 0, 0, 0, 0, 0, 0, 0, 0, 0, 0, 0, 0, 0, 0, 0, 0, 0, 0, 1, 1, 1, 1, 1, 1, 1, 1, 1, 1, 0, 0, 0, 0, 0, 0, 0, 0, 0, 0, 0, 0, 0, 0, 0, 0, 0, 0, 0, 0, 0, 0, 0, 0], "is_anomalous": true, "anomaly_type": "shift", "anomaly_positions": [66, 67, 68, 69, 70, 71, 72, 73, 74, 75], "length": 100}