{"id": "anomalous_000726", "series": [51.84, 52.05, 53.88, 54.1, 57.05, 59.23, 57.02, 58.01, 58.4, 54.29, 56.43, 56.48, 53.59, 51.53, 49.63, 48.06, 48.64, 49.83, 47.06, 47.95, 47.76, 50.26, 50.44, 50.57, 51.93, 53.75, 54.08, 56.38, 55.25, 57.09, 57.87, 60.79118536131853, 52.0036464909783, 74.42986972933703, 57.15109705086961, 42.05146665859026, 43.54835799906186, 53.96748796094981, 37.10098960085466, 51.097079927263835, 46.887417828222254, 33.32112054471746, 37.48083971981786, 70.57315933468472, 70.52835716843019, 42.99012603676783, 80.27444739131586, 71.82748743832704, 44.32007185182461, 64.88794885292933, 74.06475678322624, 56.73, 57.96, 58.34, 58.01, 58.67, 56.91, 56.87, 56.07, 55.9, 52.54, 52.29, 49.97, 50.5, 48.92, 47.74, 49.63, 49.95, 47.66, 49.16, 52.09, 51.91, 55.26, 54.79, 55.71, 56.93, 56.44, 59.29, 59.68, 59.19, 57.02, 58.66, 54.88, 54.3, 53.29, 51.45, 52.1, 50.76, 48.63, 47.79, 49.09, 48.67, 48.97, 52.16, 50.68, 52.4, 53.74, 54.13, 57.02, 57.21], "labels": [0, 0, 0, 0, 0, 0, 0, 0, 0, 0, 0, 0, 0, 0, 0, 0, 0, 0, 0, 0, 0, 0, 0, 0, 0, 0, 0, 0, 0, 0, 0, 1, 1, 1, 1, 1, 1, 1, 1, 1, 1, 1, 1, 1, 1, 1, 1, 1, 1, 1, 1, 0, 0, 0, 0, 0, 0, 0, 0, 0, 0, 0, 0, 0, 0, 0, 0, 0, 0, 0, 0, 0, 0, 0, 0, 0, 0, 0, 0, 0, 0, 0, 0, 0, 0, 0, 0, 0, 0, 0, 0, 0, 0, 0, 0, 0, 0, 0, 0, 0], "is_anomalous": true, "anomaly_type": "variance_change", "anomaly_positions": [31, 32, 33, 34, 35, 36, 37, 38, 39, 40, 41, 42, 43, 44, 45, 46, 47, 48, 49, 50], "length": 100}