{"id": "anomalous_000447", "series": [53.19, 55.77, 58.99, 57.7, 58.3, 58.45, 60.42, 59.82, 57.98, 57.02, 58.37, 54.78, 55.68, 51.92, 52.11, 51.12, 50.58, 49.62, 48.44, 50.06, 52.02, 50.63, 52.16, 53.25, 54.78, 56.32, 59.68, 57.79, 60.4, 59.6, 60.81, 58.81, 58.91, 58.03, 57.73, 55.44, 53.7, 53.38, 50.54, 52.59, 49.83, 48.47, 49.56, 48.74, 48.61, 51.56, 54.26, 52.09, 51.71, 55.08, 56.25, 58.26, 58.39, 60.15, 59.27, 58.86, 59.5, 57.98, 57.16, 55.47, 55.13, 77.21634358441798, 75.75634358441799, 73.87634358441798, 73.486343584418, 73.296343584418, 74.08634358441799, 75.72634358441799, 75.96634358441798, 74.566343584418, 76.87634358441798, 53.72, 55.16, 55.11, 53.66, 59.33, 59.26, 63.1, 57.06, 58.61, 59.85, 59.25, 57.78, 57.77, 56.04, 54.92, 53.1, 51.44, 50.37, 49.87, 49.16, 53.09, 49.6, 52.8, 52.7, 54.15, 53.98, 55.55, 57.03, 59.03], "labels": [0, 0, 0, 0, 0, 0, 0, 0, 0, 0, 0, 0, 0, 0, 0, 0, 0, 0, 0, 0, 0, 0, 0, 0, 0, 0, 0, 0, 0, 0, 0, 0, 0, 0, 0, 0, 0, 0, 0, 0, 0, 0, 0, 0, 0, 0, 0, 0, 0, 0, 0, 0, 0, 0, 0, 0, 0, 0, 0, 0, 0, 1, 1, 1, 1, 1, 1, 1, 1, 1, 1, 0, 0, 0, 0, 0, 0, 0, 0, 0, 0, 0, 0, 0, 0, 0, 0, 0, 0, 0, 0, 0, 0, 0, 0, 0, 0, 0, 0, 0], "is_anomalous": true, "anomaly_type": "shift", "anomaly_positions": [61, 62, 63, 64, 65, 66, 67, 68, 69, 70], "length": 100}