{"id": "anomalous_000122", "series": [44.35, 47.26, 48.39, 47.49, 50.46, 48.81, 51.02, 50.15, 50.04, 48.07, 47.41, 46.39, 43.71, 43.29, 43.27, 40.55, 40.98, 41.27, 38.78, 40.05, 42.58, 43.08, 43.22, 42.63, 46.84, 47.59, 48.32, 47.92, 51.04, 49.82, 51.49, 52.78, 51.41, 51.77, 49.05, 47.61, 45.58, 45.29, 44.5, 43.04, 44.04, 42.11, 44.21, 42.55, 42.91, 43.64, 43.96, 43.45, 46.67, 48.67, 49.15, 47.76, 51.49, 52.32, 15.537925584374491, 15.267925584374495, 16.527925584374493, 14.847925584374494, 13.717925584374491, 11.137925584374493, 12.187925584374497, 10.407925584374496, 10.507925584374497, 9.347925584374494, 43.05, 43.66, 42.05, 42.21, 43.81, 45.24, 44.98, 45.68, 50.19, 49.01, 50.61, 51.72, 51.7, 49.62, 53.41, 54.08, 52.98, 50.46, 51.19, 49.15, 48.49, 47.04, 44.3, 43.3, 45.3, 45.13, 43.05, 44.39, 45.75, 45.92, 45.64, 47.75, 50.23, 49.15, 49.48, 51.06], "labels": [0, 0, 0, 0, 0, 0, 0, 0, 0, 0, 0, 0, 0, 0, 0, 0, 0, 0, 0, 0, 0, 0, 0, 0, 0, 0, 0, 0, 0, 0, 0, 0, 0, 0, 0, 0, 0, 0, 0, 0, 0, 0, 0, 0, 0, 0, 0, 0, 0, 0, 0, 0, 0, 0, 1, 1, 1, 1, 1, 1, 1, 1, 1, 1, 0, 0, 0, 0, 0, 0, 0, 0, 0, 0, 0, 0, 0, 0, 0, 0, 0, 0, 0, 0, 0, 0, 0, 0, 0, 0, 0, 0, 0, 0, 0, 0, 0, 0, 0, 0], "is_anomalous": true, "anomaly_type": "shift", "anomaly_positions": [54, 55, 56, 57, 58, 59, 60, 61, 62, 63], "length": 100}