{"id": "anomalous_000701", "series": [50.49, 52.94, 56.47, 53.96, 56.64, 57.19, 58.51, 57.24, 57.23, 56.23, 54.68, 53.01, 51.46, 50.54, 49.01, 47.44, 49.29, 48.95, 47.88, 47.2, 47.88, 48.25, 48.81, 52.13, 51.26, 52.55, 54.24, 55.45, 56.66, 56.52, 56.85, 57.12, 56.22, 54.32, 53.33, 51.67, 52.51, 50.31, 49.44, 48.79, 47.09, 45.5, 45.85, 48.11, 46.76, 46.96, 48.27, 49.69, 49.74, 52.11, 52.22, 55.74, 54.54, 55.73, 55.89, 57.17, 55.62, 53.57, 53.6, 53.47, 51.48, 81.9946491839268, 79.65464918392681, 78.3546491839268, 77.98464918392679, 76.5246491839268, 79.2946491839268, 77.1646491839268, 78.01464918392679, 78.17464918392679, 78.8546491839268, 48.5, 51.05, 51.68, 53.87, 55.29, 54.55, 54.51, 57.42, 54.75, 52.84, 54.31, 53.13, 51.95, 50.27, 49.76, 47.22, 45.69, 47.53, 44.38, 45.38, 45.32, 45.49, 46.21, 48.79, 49.41, 49.67, 50.84, 52.08, 53.27], "labels": [0, 0, 0, 0, 0, 0, 0, 0, 0, 0, 0, 0, 0, 0, 0, 0, 0, 0, 0, 0, 0, 0, 0, 0, 0, 0, 0, 0, 0, 0, 0, 0, 0, 0, 0, 0, 0, 0, 0, 0, 0, 0, 0, 0, 0, 0, 0, 0, 0, 0, 0, 0, 0, 0, 0, 0, 0, 0, 0, 0, 0, 1, 1, 1, 1, 1, 1, 1, 1, 1, 1, 0, 0, 0, 0, 0, 0, 0, 0, 0, 0, 0, 0, 0, 0, 0, 0, 0, 0, 0, 0, 0, 0, 0, 0, 0, 0, 0, 0, 0], "is_anomalous": true, "anomaly_type": "shift", "anomaly_positions": [61, 62, 63, 64, 65, 66, 67, 68, 69, 70], "length": 100}