{"id": "anomalous_000039", "series": [53.21, 57.16, 56.22, 55.56, 57.78, 59.56, 57.52, 57.48, 56.91, 57.86, 53.65, 52.34, 51.15, 50.36, 49.97, 49.07, 47.4, 48.88, 45.4, 44.73, 49.43, 49.75, 49.31, 51.83, 50.39, 51.24, 52.31, 52.94, 54.65, 54.64, 57.82, 56.93, 56.25, 54.35, 51.35, 52.13, 51.17, 50.83, 48.35, 45.75, 47.95, 43.91, 47.22, 45.34, 45.21, 48.04, 49.72, 58.9659681716351, 47.1216803985118, 36.71931359724954, 66.79395675448421, 55.690809012436844, 55.198569185412666, 57.394548347220045, 76.55107571432912, 49.02201913521536, 59.56279788001191, 54.12090547044328, 27.671623895119208, 86.89020152434472, 53.23626065931723, 53.79347288532283, 55.18132812626716, 54.92499148390618, 41.836691050102445, 48.720863181518425, 63.05499664687462, 42.23, 43.17, 45.85, 47.49, 49.32, 48.84, 51.23, 50.55, 52.16, 52.47, 55.45, 53.45, 54.53, 53.35, 53.83, 53.74, 50.42, 49.18, 45.54, 47.11, 45.07, 44.49, 43.43, 44.77, 44.24, 43.47, 43.66, 44.65, 44.36, 48.15, 50.7, 51.26, 49.65], "labels": [0, 0, 0, 0, 0, 0, 0, 0, 0, 0, 0, 0, 0, 0, 0, 0, 0, 0, 0, 0, 0, 0, 0, 0, 0, 0, 0, 0, 0, 0, 0, 0, 0, 0, 0, 0, 0, 0, 0, 0, 0, 0, 0, 0, 0, 0, 0, 1, 1, 1, 1, 1, 1, 1, 1, 1, 1, 1, 1, 1, 1, 1, 1, 1, 1, 1, 1, 0, 0, 0, 0, 0, 0, 0, 0, 0, 0, 0, 0, 0, 0, 0, 0, 0, 0, 0, 0, 0, 0, 0, 0, 0, 0, 0, 0, 0, 0, 0, 0, 0], "is_anomalous": true, "anomaly_type": "variance_change", "anomaly_positions": [47, 48, 49, 50, 51, 52, 53, 54, 55, 56, 57, 58, 59, 60, 61, 62, 63, 64, 65, 66], "length": 100}