{"id": "anomalous_000771", "series": [46.62, 46.51, 57.16, 55.86, 54.12, 50.91, 55.67, 54.13, 51.07, 53.48, 51.69, 50.47, 48.5, 47.59, 50.09, 47.36, 42.83, 45.24, 42.64, 43.76, 46.14, 44.39, 48.23, 46.61, 46.48, 51.22, 52.32, 49.92, 53.09, 52.94, 35.304793916369, 35.234793916369, 30.434793916369003, 31.054793916369, 28.444793916369, 25.204793916369006, 27.794793916369002, 26.214793916369004, 22.844793916369007, 22.514793916369, 44.27, 40.22, 44.62, 41.18, 42.98, 46.19, 48.42, 51.64, 49.59, 50.93, 49.88, 51.77, 50.77, 57.19, 52.48, 54.66, 52.09, 50.04, 51.76, 45.99, 47.63, 47.06, 43.76, 46.69, 42.94, 44.69, 41.46, 45.58, 40.9, 39.43, 47.28, 44.51, 48.3, 49.69, 53.02, 54.16, 52.86, 57.27, 55.2, 47.88, 54.33, 51.24, 44.11, 51.0, 45.17, 42.39, 43.28, 46.21, 40.82, 40.49, 42.27, 42.18, 48.09, 41.46, 49.35, 50.4, 49.7, 47.08, 48.84, 51.59], "labels": [0, 0, 0, 0, 0, 0, 0, 0, 0, 0, 0, 0, 0, 0, 0, 0, 0, 0, 0, 0, 0, 0, 0, 0, 0, 0, 0, 0, 0, 0, 1, 1, 1, 1, 1, 1, 1, 1, 1, 1, 0, 0, 0, 0, 0, 0, 0, 0, 0, 0, 0, 0, 0, 0, 0, 0, 0, 0, 0, 0, 0, 0, 0, 0, 0, 0, 0, 0, 0, 0, 0, 0, 0, 0, 0, 0, 0, 0, 0, 0, 0, 0, 0, 0, 0, 0, 0, 0, 0, 0, 0, 0, 0, 0, 0, 0, 0, 0, 0, 0], "is_anomalous": true, "anomaly_type": "shift", "anomaly_positions": [30, 31, 32, 33, 34, 35, 36, 37, 38, 39], "length": 100}