{"id": "anomalous_000685", "series": [53.04, 55.41, 53.61, 57.09, 56.61, 58.97, 60.81, 58.88, 58.27, 58.15, 55.99, 54.37, 54.27, 54.73, 54.29, 50.84, 46.41, 49.76, 46.91, 47.73, 50.1, 48.36, 50.32, 53.07, 54.27, 56.13, 56.83, 59.44, 62.21, 58.44, 57.92, 60.27, 59.3, 59.28, 55.8, 54.86, 53.43, 52.0, 49.39, 51.0, 48.72, 46.3, 50.48, 49.17, 48.97, 51.0, 52.73, 51.89, 53.67, 53.81, 55.65, 56.47, 60.39, 60.61, 56.87, 59.21, 56.49, 58.12814348646832, 57.621979193545116, 59.62325743918115, 60.45803127084251, 57.931575203751365, 58.66228928153291, 55.44647354162365, 57.71402219671653, 60.151974932851694, 55.82837233209131, 56.79969851035503, 65.47949367094019, 56.73293520639099, 62.15338530817102, 62.18945262521025, 76.43715071963467, 74.06611768431685, 75.17892345670673, 81.84246747057821, 76.00636516501068, 74.66024560547454, 78.45954655780002, 81.4118472733452, 76.03533197313178, 80.77233847382657, 71.64041225268602, 78.96891999978733, 78.10958634420601, 69.94066754946951, 72.16576422078796, 77.51274954567305, 73.09968559631236, 67.46349236350011, 85.59953615252442, 83.12874607414258, 81.29069036229615, 93.87068927393, 80.58853848096786, 96.9557726105977, 93.22212719269046, 109.97206988456703, 82.4513563427036, 88.1564091435381], "labels": [0, 0, 0, 0, 0, 0, 0, 0, 0, 0, 0, 0, 0, 0, 0, 0, 0, 0, 0, 0, 0, 0, 0, 0, 0, 0, 0, 0, 0, 0, 0, 0, 0, 0, 0, 0, 0, 0, 0, 0, 0, 0, 0, 0, 0, 0, 0, 0, 0, 0, 0, 0, 0, 0, 0, 0, 1, 1, 1, 1, 1, 1, 1, 1, 1, 1, 1, 1, 1, 1, 1, 1, 1, 1, 1, 1, 1, 1, 1, 1, 1, 1, 1, 1, 1, 1, 1, 1, 1, 1, 1, 1, 1, 1, 1, 1, 1, 1, 1, 1], "is_anomalous": true, "anomaly_type": "trend_change", "anomaly_positions": [56, 57, 58, 59, 60, 61, 62, 63, 64, 65, 66, 67, 68, 69, 70, 71, 72, 73, 74, 75, 76, 77, 78, 79, 80, 81, 82, 83, 84, 85, 86, 87, 88, 89, 90, 91, 92, 93, 94, 95, 96, 97, 98, 99], "length": 100}