{"id": "anomalous_000251", "series": [50.19, 52.0, 57.03, 55.58, 52.61, 49.36, 57.03, 56.43, 52.81, 52.4, 51.63, 56.86, 47.26, 50.3, 46.09, 40.86, 46.92, 45.11, 45.65, 44.83, 46.49, 45.09, 43.01, 49.9, 51.19, 43.81, 52.64, 55.52, 51.6, 50.73, 52.43, 52.8, 53.01, 50.16, 53.6, 48.83, 47.83, 48.98, 43.55, 43.33, 44.05, 43.25, 41.91, 41.94, 42.09, 42.29, 43.98, 47.79, 50.93, 53.08, 50.33, 51.67, 79.41121830221277, 77.37121830221278, 82.29121830221277, 78.86121830221278, 74.16121830221277, 78.06121830221278, 77.29121830221277, 70.37121830221278, 72.29121830221277, 70.64121830221276, 43.06, 42.94, 42.76, 41.4, 41.35, 41.12, 45.2, 48.98, 47.75, 51.51, 43.84, 48.5, 52.03, 48.88, 54.5, 56.01, 49.21, 51.64, 47.58, 52.09, 49.2, 49.35, 48.27, 42.88, 42.31, 43.82, 40.71, 39.93, 37.16, 41.24, 43.65, 42.74, 36.44, 44.38, 46.76, 47.6, 48.52, 46.22], "labels": [0, 0, 0, 0, 0, 0, 0, 0, 0, 0, 0, 0, 0, 0, 0, 0, 0, 0, 0, 0, 0, 0, 0, 0, 0, 0, 0, 0, 0, 0, 0, 0, 0, 0, 0, 0, 0, 0, 0, 0, 0, 0, 0, 0, 0, 0, 0, 0, 0, 0, 0, 0, 1, 1, 1, 1, 1, 1, 1, 1, 1, 1, 0, 0, 0, 0, 0, 0, 0, 0, 0, 0, 0, 0, 0, 0, 0, 0, 0, 0, 0, 0, 0, 0, 0, 0, 0, 0, 0, 0, 0, 0, 0, 0, 0, 0, 0, 0, 0, 0], "is_anomalous": true, "anomaly_type": "shift", "anomaly_positions": [52, 53, 54, 55, 56, 57, 58, 59, 60, 61], "length": 100}