{"id": "anomalous_000515", "series": [49.08, 48.64, 47.17, 50.91, 46.76, 52.13, 52.45, 51.22, 44.68, 47.49, 50.21, 42.54, 45.43, 42.59, 39.18, 40.79, 42.06, 38.93, 41.35, 40.86, 38.54, 38.87, 41.24, 41.5, 43.73, 46.19, 48.13, 50.45, 50.26, 47.33, 46.63, 47.24, 47.54, 46.22, 47.83, 42.96, 43.95, 43.45, 41.22, 42.86222709797006, 37.82772025751506, 46.12065061646849, 40.588598376667, 44.50808907216177, 52.21702787966014, 46.73124274018081, 54.7850783139689, 53.46738493475871, 57.344250229216705, 54.371685191118225, 54.71969219436852, 58.05920964923248, 72.60045121800243, 58.891042063394664, 69.26884444038885, 63.60287279395759, 67.43434176265481, 70.56753143965959, 61.68792048238225, 73.80571664310975, 69.01763944585093, 55.96373924735193, 57.506038233020476, 56.55514899545037, 72.50086144378247, 79.82234712797904, 63.49638848339188, 71.47404166003352, 58.68407187995375, 56.478109356870696, 74.15516499717694, 84.20665458841206, 88.58063452210652, 73.50493582844433, 84.35996561053557, 73.02929806381678, 75.40013137207195, 78.44624681988765, 75.88858336330577, 100.4251237016149, 70.03769376639941, 102.41269059185566, 93.02093651537236, 80.33582948330871, 94.3883081440352, 86.75159613884752, 77.04141580421881, 89.43766264551218, 105.28521492878028, 86.26476025242899, 107.82912254347805, 79.34803683406219, 77.11565249670356, 86.68968548979223, 113.79037195838902, 121.33148441397447, 106.86788992587194, 118.03021347601947, 75.82482812188778, 113.81099238666948], "labels": [0, 0, 0, 0, 0, 0, 0, 0, 0, 0, 0, 0, 0, 0, 0, 0, 0, 0, 0, 0, 0, 0, 0, 0, 0, 0, 0, 0, 0, 0, 0, 0, 0, 0, 0, 0, 0, 0, 1, 1, 1, 1, 1, 1, 1, 1, 1, 1, 1, 1, 1, 1, 1, 1, 1, 1, 1, 1, 1, 1, 1, 1, 1, 1, 1, 1, 1, 1, 1, 1, 1, 1, 1, 1, 1, 1, 1, 1, 1, 1, 1, 1, 1, 1, 1, 1, 1, 1, 1, 1, 1, 1, 1, 1, 1, 1, 1, 1, 1, 1], "is_anomalous": true, "anomaly_type": "trend_change", "anomaly_positions": [38, 39, 40, 41, 42, 43, 44, 45, 46, 47, 48, 49, 50, 51, 52, 53, 54, 55, 56, 57, 58, 59, 60, 61, 62, 63, 64, 65, 66, 67, 68, 69, 70, 71, 72, 73, 74, 75, 76, 77, 78, 79, 80, 81, 82, 83, 84, 85, 86, 87, 88, 89, 90, 91, 92, 93, 94, 95, 96, 97, 98, 99], "length": 100}