{"id": "anomalous_000019", "series": [54.32, 54.53, 58.56, 53.57, 58.18, 56.61, 55.49, 58.5, 57.58, 55.38, 56.58, 49.91, 54.2, 52.07, 48.14, 49.02, 48.25, 47.89, 46.21, 47.97, 47.84, 50.33, 49.19, 52.2, 53.27, 52.87, 54.79, 55.58, 55.21, 57.88, 55.61, 56.44, 55.82, 55.899045657680325, 55.03717277960593, 54.16829974220899, 55.897213140000304, 56.3085388171562, 54.76543031183935, 54.60403005021992, 56.32004663601375, 60.64770042456772, 60.82615618288666, 55.70871883091344, 63.9162696412976, 60.27539155968654, 63.80532831724939, 71.68066524766712, 67.55405567891825, 63.975688495809905, 77.29621347169007, 71.33576490837926, 78.09843210755577, 75.68919165193441, 68.35657377411644, 70.52984929562645, 80.8152072707796, 69.59335139008166, 83.98123529701567, 89.16915993336806, 73.95114384514643, 92.03850368254805, 65.91419671229784, 80.57124177761851, 91.13780304903578, 91.78822469850489, 63.454955133878485, 76.30093949056412, 75.4071381401517, 75.8148017621661, 95.86049329250295, 92.57215752598827, 84.03770598739565, 86.88818208313805, 92.45862409708955, 112.28353244630026, 86.41856515507286, 91.38647028751322, 104.66932451336936, 101.06949122383023, 87.34554301647493, 98.80568705256549, 86.81253671342677, 118.789681564474, 129.32549268902545, 110.30393213380107, 98.68474956082008, 90.83123605653242, 107.33539338864459, 79.65575066218162, 116.61610749309546, 77.9458628499242, 112.0839290404565, 103.06784563453526, 124.62629913892425, 114.55860494593009, 133.6211849592787, 129.2315263894184, 144.0414570279944, 132.020082146332], "labels": [0, 0, 0, 0, 0, 0, 0, 0, 0, 0, 0, 0, 0, 0, 0, 0, 0, 0, 0, 0, 0, 0, 0, 0, 0, 0, 0, 0, 0, 0, 0, 0, 1, 1, 1, 1, 1, 1, 1, 1, 1, 1, 1, 1, 1, 1, 1, 1, 1, 1, 1, 1, 1, 1, 1, 1, 1, 1, 1, 1, 1, 1, 1, 1, 1, 1, 1, 1, 1, 1, 1, 1, 1, 1, 1, 1, 1, 1, 1, 1, 1, 1, 1, 1, 1, 1, 1, 1, 1, 1, 1, 1, 1, 1, 1, 1, 1, 1, 1, 1], "is_anomalous": true, "anomaly_type": "trend_change", "anomaly_positions": [32, 33, 34, 35, 36, 37, 38, 39, 40, 41, 42, 43, 44, 45, 46, 47, 48, 49, 50, 51, 52, 53, 54, 55, 56, 57, 58, 59, 60, 61, 62, 63, 64, 65, 66, 67, 68, 69, 70, 71, 72, 73, 74, 75, 76, 77, 78, 79, 80, 81, 82, 83, 84, 85, 86, 87, 88, 89, 90, 91, 92, 93, 94, 95, 96, 97, 98, 99], "length": 100}