{"id": "anomalous_000645", "series": [49.02, 49.88, 54.41, 52.77, 52.94, 52.71, 54.0, 53.03, 53.5, 52.95, 51.29, 50.25, 49.23, 51.99, 46.91, 44.96, 44.09, 43.95, 43.86, 44.27, 47.02, 46.95, 49.48, 49.75, 50.62, 51.75, 50.16, 50.2, 54.34, 54.65, 54.72, 53.31, 53.68, 54.12, 51.53, 52.01, 48.58, 48.51, 45.92, 47.44, 44.85, 46.04, 45.03, 46.17, 45.85, 47.44, 47.41, 48.13, 49.7, 49.64, 49.78, 54.22, 54.27, 53.94, 57.68, 56.28, 55.12, 52.19, 51.62, 50.37, 49.18, 47.16, 46.56, 38.172605246783995, 38.38428409848736, 41.129390857430735, 58.286299144053665, 38.958447809277736, 41.66641429204428, 39.41886493960728, 50.486886954802195, 53.25444038966661, 61.408141790038215, 67.54461209426489, 74.07719695159795, 52.0282403950596, 60.57167961967349, 39.364421580695996, 64.85421112285444, 59.206252964711965, 58.3755537698255, 63.276023513609445, 75.14205384957178, 51.68, 51.26, 49.83, 47.8, 44.03, 46.38, 45.56, 42.2, 45.24, 45.13, 45.47, 46.52, 50.33, 49.5, 52.41, 52.94, 53.45], "labels": [0, 0, 0, 0, 0, 0, 0, 0, 0, 0, 0, 0, 0, 0, 0, 0, 0, 0, 0, 0, 0, 0, 0, 0, 0, 0, 0, 0, 0, 0, 0, 0, 0, 0, 0, 0, 0, 0, 0, 0, 0, 0, 0, 0, 0, 0, 0, 0, 0, 0, 0, 0, 0, 0, 0, 0, 0, 0, 0, 0, 0, 0, 0, 1, 1, 1, 1, 1, 1, 1, 1, 1, 1, 1, 1, 1, 1, 1, 1, 1, 1, 1, 1, 0, 0, 0, 0, 0, 0, 0, 0, 0, 0, 0, 0, 0, 0, 0, 0, 0], "is_anomalous": true, "anomaly_type": "variance_change", "anomaly_positions": [63, 64, 65, 66, 67, 68, 69, 70, 71, 72, 73, 74, 75, 76, 77, 78, 79, 80, 81, 82], "length": 100}