{"id": "anomalous_000403", "series": [52.83, 53.35, 52.91, 54.26, 54.79, 56.94, 59.89, 54.95, 56.25, 54.94, 56.57, 52.41, 51.53, 53.29, 50.18, 46.31, 46.49, 46.96, 46.72, 47.94, 48.02, 48.61, 50.68, 51.33, 52.64, 51.94, 56.01, 56.05, 55.93, 58.86, 57.28, 56.01, 57.41, 54.71, 54.38, 53.13, 51.86, 51.15, 48.86, 49.63, 47.83, 48.77, 46.84, 45.69, 47.09, 48.87, 50.74, 51.94, 51.42, 53.95, 55.0, 56.37, 56.24, 57.13, 59.19, 56.68, 56.77, 54.71, 53.95, 53.77, 53.48, 52.38, 49.95, 73.86609526376239, 75.24609526376238, 73.5760952637624, 74.03609526376239, 72.93609526376238, 74.91609526376239, 75.93609526376238, 76.80609526376239, 77.74609526376238, 79.05609526376239, 53.47, 54.01, 55.61, 55.81, 59.49, 57.97, 57.62, 57.86, 56.04, 55.85, 53.28, 52.55, 52.24, 50.88, 50.92, 47.48, 47.2, 47.54, 46.26, 49.46, 48.48, 49.19, 49.6, 54.05, 53.6, 55.22, 56.89], "labels": [0, 0, 0, 0, 0, 0, 0, 0, 0, 0, 0, 0, 0, 0, 0, 0, 0, 0, 0, 0, 0, 0, 0, 0, 0, 0, 0, 0, 0, 0, 0, 0, 0, 0, 0, 0, 0, 0, 0, 0, 0, 0, 0, 0, 0, 0, 0, 0, 0, 0, 0, 0, 0, 0, 0, 0, 0, 0, 0, 0, 0, 0, 0, 1, 1, 1, 1, 1, 1, 1, 1, 1, 1, 0, 0, 0, 0, 0, 0, 0, 0, 0, 0, 0, 0, 0, 0, 0, 0, 0, 0, 0, 0, 0, 0, 0, 0, 0, 0, 0], "is_anomalous": true, "anomaly_type": "shift", "anomaly_positions": [63, 64, 65, 66, 67, 68, 69, 70, 71, 72], "length": 100}