{"id": "anomalous_000608", "series": [51.96, 49.53, 53.48, 51.52, 53.62, 53.4, 55.98, 53.98, 52.7, 52.2, 47.53, 49.26, 48.07, 45.78, 46.6, 45.11, 43.94, 44.11, 43.44, 42.67, 43.01, 44.88, 43.45, 47.56, 48.41, 49.72, 48.9, 51.8, 52.12, 49.57, 30.938093166923917, 28.85809316692392, 26.238093166923914, 27.248093166923912, 24.118093166923916, 23.368093166923916, 23.798093166923916, 24.298093166923916, 21.738093166923914, 17.058093166923914, 43.7, 41.87, 41.67, 43.44, 42.15, 42.52, 44.48, 46.58, 46.73, 50.46, 51.02, 51.11, 51.09, 54.38, 50.86, 50.44, 51.17, 47.81, 47.21, 49.63, 47.59, 46.67, 46.63, 42.59, 43.98, 42.22, 43.7, 40.15, 43.07, 44.5, 43.24, 45.89, 44.4, 49.83, 49.18, 50.68, 52.09, 52.47, 51.58, 51.48, 52.26, 51.04, 47.87, 48.78, 44.88, 45.73, 42.4, 44.12, 42.7, 40.56, 41.57, 41.88, 40.81, 43.2, 42.82, 45.0, 45.96, 46.36, 47.29, 49.73], "labels": [0, 0, 0, 0, 0, 0, 0, 0, 0, 0, 0, 0, 0, 0, 0, 0, 0, 0, 0, 0, 0, 0, 0, 0, 0, 0, 0, 0, 0, 0, 1, 1, 1, 1, 1, 1, 1, 1, 1, 1, 0, 0, 0, 0, 0, 0, 0, 0, 0, 0, 0, 0, 0, 0, 0, 0, 0, 0, 0, 0, 0, 0, 0, 0, 0, 0, 0, 0, 0, 0, 0, 0, 0, 0, 0, 0, 0, 0, 0, 0, 0, 0, 0, 0, 0, 0, 0, 0, 0, 0, 0, 0, 0, 0, 0, 0, 0, 0, 0, 0], "is_anomalous": true, "anomaly_type": "shift", "anomaly_positions": [30, 31, 32, 33, 34, 35, 36, 37, 38, 39], "length": 100}