{"id": "anomalous_000734", "series": [48.56, 52.29, 53.49, 53.97, 54.01, 51.31, 52.78, 50.66, 52.49, 54.66, 53.14, 53.98, 50.68, 49.23, 46.24, 46.48, 48.34, 47.54, 44.39, 47.02, 44.86, 44.95, 48.2, 45.88, 49.63, 49.92, 51.95, 54.87, 54.27, 55.5, 57.72, 53.57, 52.81, 52.01, 53.58, 53.21, 49.65, 48.2, 47.06507991136574, 54.10997488053573, 49.38453360537707, 49.20044904199676, 53.05827036097904, 54.56956457837285, 50.20406558639458, 54.33307164431967, 60.58525385449621, 66.1159110515828, 66.98454186749291, 68.42201407251582, 75.76243457615814, 71.56770466444127, 66.34661315855284, 61.55174750518928, 74.06675552443872, 78.91561906912185, 67.74263991806258, 76.56843124272102, 78.26602628444289, 60.86957651529888, 76.04862579230074, 65.54071343267636, 67.43289351194838, 65.41800242140576, 88.51837060758355, 85.0373329791268, 86.44126455374715, 77.3881437225932, 68.37362692333339, 72.43665939470648, 70.37621206498868, 92.09889334654551, 83.67545317351578, 88.11895369610124, 106.01199180258061, 94.00838377265967, 104.12922386268468, 104.0498122804108, 78.94061904310232, 82.14082335017127, 84.51334344368763, 105.21881586690901, 91.33581620676543, 120.5566992934475, 93.72746229537312, 105.74229279731627, 122.00886404491231, 92.42858215458699, 96.89308737003026, 124.42027381214436, 84.4033964530013, 118.01161658374173, 86.94169154703161, 103.34496634138979, 101.35970960200612, 126.47811633738041, 92.65632829227202, 115.94445877378897, 144.42502969476882, 137.5683677906082], "labels": [0, 0, 0, 0, 0, 0, 0, 0, 0, 0, 0, 0, 0, 0, 0, 0, 0, 0, 0, 0, 0, 0, 0, 0, 0, 0, 0, 0, 0, 0, 0, 0, 0, 0, 0, 0, 0, 1, 1, 1, 1, 1, 1, 1, 1, 1, 1, 1, 1, 1, 1, 1, 1, 1, 1, 1, 1, 1, 1, 1, 1, 1, 1, 1, 1, 1, 1, 1, 1, 1, 1, 1, 1, 1, 1, 1, 1, 1, 1, 1, 1, 1, 1, 1, 1, 1, 1, 1, 1, 1, 1, 1, 1, 1, 1, 1, 1, 1, 1, 1], "is_anomalous": true, "anomaly_type": "trend_change", "anomaly_positions": [37, 38, 39, 40, 41, 42, 43, 44, 45, 46, 47, 48, 49, 50, 51, 52, 53, 54, 55, 56, 57, 58, 59, 60, 61, 62, 63, 64, 65, 66, 67, 68, 69, 70, 71, 72, 73, 74, 75, 76, 77, 78, 79, 80, 81, 82, 83, 84, 85, 86, 87, 88, 89, 90, 91, 92, 93, 94, 95, 96, 97, 98, 99], "length": 100}