{"id": "anomalous_000720", "series": [52.38, 54.2, 54.02, 57.17, 56.04, 54.28, 56.15, 56.67, 56.13, 55.78, 52.14, 55.21, 53.32, 50.31, 47.33, 49.67, 46.73, 44.76, 44.65, 46.09, 46.65, 48.76, 51.17, 45.89, 49.14, 52.78, 51.36, 55.41, 59.44, 54.04, 56.67, 54.17, 54.48, 52.19, 54.35, 53.12, 50.02, 50.27, 48.76, 45.92, 48.09, 48.07, 47.16, 43.32, 45.12, 47.27, 47.63, 49.1, 53.1, 53.08, 51.66, 51.99, 53.98, 54.69, 54.07, 54.18, 55.5, 53.41, 54.1331056545926, 53.78397405012034, 55.91864869812666, 51.54948062289245, 51.87083288839028, 50.49728581607346, 53.41303634124198, 52.133441628548425, 52.17734977621032, 51.12647819982949, 57.46035945914832, 55.71549895981913, 64.41646806116782, 55.83356785495413, 63.24720585349023, 73.69396995242047, 64.8995792444744, 72.50359697410092, 65.52928230847728, 69.24453711882606, 76.42628277573073, 69.70948192091576, 84.99345470053555, 70.26748208552662, 72.84657339079482, 74.09287547554051, 62.90049098851616, 85.3106192519662, 88.50247765366512, 89.31632534326829, 88.1343785833995, 84.50118520520692, 74.97318787227864, 91.57114391536857, 91.26574780647431, 81.38936151934146, 101.85768315319612, 105.23081581389653, 70.57103288000906, 106.04167613602576, 96.48783696110928, 115.69165580130476], "labels": [0, 0, 0, 0, 0, 0, 0, 0, 0, 0, 0, 0, 0, 0, 0, 0, 0, 0, 0, 0, 0, 0, 0, 0, 0, 0, 0, 0, 0, 0, 0, 0, 0, 0, 0, 0, 0, 0, 0, 0, 0, 0, 0, 0, 0, 0, 0, 0, 0, 0, 0, 0, 0, 0, 0, 0, 0, 1, 1, 1, 1, 1, 1, 1, 1, 1, 1, 1, 1, 1, 1, 1, 1, 1, 1, 1, 1, 1, 1, 1, 1, 1, 1, 1, 1, 1, 1, 1, 1, 1, 1, 1, 1, 1, 1, 1, 1, 1, 1, 1], "is_anomalous": true, "anomaly_type": "trend_change", "anomaly_positions": [57, 58, 59, 60, 61, 62, 63, 64, 65, 66, 67, 68, 69, 70, 71, 72, 73, 74, 75, 76, 77, 78, 79, 80, 81, 82, 83, 84, 85, 86, 87, 88, 89, 90, 91, 92, 93, 94, 95, 96, 97, 98, 99], "length": 100}