{"id": "anomalous_000433", "series": [53.26, 51.67, 55.22, 57.37, 55.2, 58.99, 58.19, 54.97, 56.58, 55.45, 57.07, 51.06, 50.71, 52.6, 50.03, 44.92, 47.35, 47.73, 45.97, 45.84, 43.91, 47.6, 51.28, 49.64, 52.43, 55.31, 54.68, 54.78, 54.0, 55.1, 55.41, 54.75, 58.52, 56.03, 53.82, 52.74, 51.4, 51.35, 49.48, 49.78, 46.44, 47.96, 45.51, 48.01, 46.8, 49.49, 48.62, 49.85, 28.044522958466256, 28.484522958466254, 32.07452295846626, 31.044522958466256, 32.87452295846626, 32.94452295846625, 33.05452295846625, 34.66452295846625, 33.37452295846626, 31.60452295846626, 52.32, 50.49, 52.58, 50.18, 50.59, 48.83, 46.89, 46.7, 46.42, 46.07, 44.73, 48.03, 48.88, 49.78, 52.91, 52.88, 58.2, 55.69, 55.79, 55.19, 55.55, 56.42, 55.11, 53.36, 53.17, 55.31, 51.68, 46.66, 46.51, 47.04, 48.83, 46.25, 46.49, 46.3, 48.2, 46.15, 46.79, 50.44, 51.52, 51.23, 53.54, 54.41], "labels": [0, 0, 0, 0, 0, 0, 0, 0, 0, 0, 0, 0, 0, 0, 0, 0, 0, 0, 0, 0, 0, 0, 0, 0, 0, 0, 0, 0, 0, 0, 0, 0, 0, 0, 0, 0, 0, 0, 0, 0, 0, 0, 0, 0, 0, 0, 0, 0, 1, 1, 1, 1, 1, 1, 1, 1, 1, 1, 0, 0, 0, 0, 0, 0, 0, 0, 0, 0, 0, 0, 0, 0, 0, 0, 0, 0, 0, 0, 0, 0, 0, 0, 0, 0, 0, 0, 0, 0, 0, 0, 0, 0, 0, 0, 0, 0, 0, 0, 0, 0], "is_anomalous": true, "anomaly_type": "shift", "anomaly_positions": [48, 49, 50, 51, 52, 53, 54, 55, 56, 57], "length": 100}