{"id": "anomalous_000590", "series": [55.08, 56.02, 54.18, 62.73, 56.48, 60.37, 58.71, 60.75, 60.25, 61.17, 55.83, 51.41, 54.94, 50.44, 54.5, 54.66, 49.99, 46.39, 46.96, 49.89, 50.86, 56.12, 48.78, 48.34, 51.18, 52.11, 54.44, 57.49, 52.84, 58.47, 56.96, 62.51, 52.98, 61.24, 55.53, 51.12, 53.07, 49.6, 51.86, 50.07, 48.08, 52.26, 45.04, 42.06, 50.33, 46.72, 50.08, 55.62, 49.11, 51.56, 58.25, 59.98, 54.66, 59.04, 53.5, 60.16, 54.79, 53.58, 53.73, 52.86, 52.88, 54.27, 46.13, 50.41, 50.58, 47.26, 50.85, 53.57, 48.61, 48.786342437845576, 49.42103322677841, 56.02142470024981, 57.80349252831908, 61.02321039598729, 62.956720117204405, 67.40514476259187, 68.3657305448339, 63.34690688491104, 66.6737055848973, 69.87086402939364, 72.78116146473451, 61.79566404528218, 69.86490912833402, 64.47343907725953, 61.14905389515164, 69.40052629388458, 62.20011992931734, 69.88449877123148, 76.55453426825541, 67.83764130880454, 63.78626168271416, 59.28285599560244, 70.23617619480592, 83.45468046219096, 77.98551711943993, 70.75622889215576, 83.71536221574986, 88.3837763283916, 81.66614298320683, 102.13791918484955], "labels": [0, 0, 0, 0, 0, 0, 0, 0, 0, 0, 0, 0, 0, 0, 0, 0, 0, 0, 0, 0, 0, 0, 0, 0, 0, 0, 0, 0, 0, 0, 0, 0, 0, 0, 0, 0, 0, 0, 0, 0, 0, 0, 0, 0, 0, 0, 0, 0, 0, 0, 0, 0, 0, 0, 0, 0, 0, 0, 0, 0, 0, 0, 0, 0, 0, 0, 0, 0, 1, 1, 1, 1, 1, 1, 1, 1, 1, 1, 1, 1, 1, 1, 1, 1, 1, 1, 1, 1, 1, 1, 1, 1, 1, 1, 1, 1, 1, 1, 1, 1], "is_anomalous": true, "anomaly_type": "trend_change", "anomaly_positions": [68, 69, 70, 71, 72, 73, 74, 75, 76, 77, 78, 79, 80, 81, 82, 83, 84, 85, 86, 87, 88, 89, 90, 91, 92, 93, 94, 95, 96, 97, 98, 99], "length": 100}