{"id": "anomalous_000007", "series": [50.71, 55.41, 52.39, 51.28, 48.2, 53.95, 50.64, 48.99, 50.24, 50.79, 52.8, 53.38, 43.59, 43.98, 43.74, 41.61, 44.08, 43.27, 41.6, 42.98, 43.03, 45.59, 44.29, 46.84, 46.99, 49.05, 48.31, 50.45, 52.4, 51.56, 52.5, 51.47, 61.27833548160097, 69.40600397118233, 34.86776013186791, 51.34503355881609, 29.505364603618684, 43.46496199859019, 37.14551518980021, 39.90108693651605, 30.617182705325757, 25.943380561974763, 67.5539385197585, 42.07000953449252, 61.542472546223365, 61.155612813717, 50.57100165975129, 49.65115024930174, 53.651215313055985, 22.324213836001938, 41.0956812490939, 80.71230687896403, 43.85, 56.77, 45.56, 50.82, 52.72, 48.05, 46.76, 46.95, 45.87, 45.1, 37.23, 41.92, 44.42, 38.7, 42.48, 40.06, 45.26, 43.34, 37.63, 45.25, 46.47, 45.47, 45.06, 49.21, 52.51, 53.89, 47.15, 49.16, 44.87, 46.21, 44.24, 42.63, 44.68, 48.46, 39.13, 40.84, 40.59, 37.43, 42.61, 43.92, 37.21, 44.07, 40.61, 44.46, 44.05, 48.68, 47.72, 51.58], "labels": [0, 0, 0, 0, 0, 0, 0, 0, 0, 0, 0, 0, 0, 0, 0, 0, 0, 0, 0, 0, 0, 0, 0, 0, 0, 0, 0, 0, 0, 0, 0, 0, 1, 1, 1, 1, 1, 1, 1, 1, 1, 1, 1, 1, 1, 1, 1, 1, 1, 1, 1, 1, 0, 0, 0, 0, 0, 0, 0, 0, 0, 0, 0, 0, 0, 0, 0, 0, 0, 0, 0, 0, 0, 0, 0, 0, 0, 0, 0, 0, 0, 0, 0, 0, 0, 0, 0, 0, 0, 0, 0, 0, 0, 0, 0, 0, 0, 0, 0, 0], "is_anomalous": true, "anomaly_type": "variance_change", "anomaly_positions": [32, 33, 34, 35, 36, 37, 38, 39, 40, 41, 42, 43, 44, 45, 46, 47, 48, 49, 50, 51], "length": 100}