{"id": "anomalous_000653", "series": [45.75, 46.43, 48.14, 50.42, 51.2, 53.13, 49.74, 53.27, 50.39, 48.85, 49.86, 49.04, 44.78, 41.93, 40.13, 42.37, 39.37, 38.57, 44.26, 38.52, 42.23, 44.33, 41.92, 45.12, 48.8, 45.18, 50.44, 50.12, 52.65, 49.99, 49.0, 50.23, 49.89, 53.11, 51.78, 47.12, 44.68, 41.79, 42.58, 43.08, 37.92, 42.27, 39.57, 43.68, 41.01, 48.8, 40.82, 45.66, 46.61, 48.36, 47.78, 44.54, 51.8, 48.75, 52.65, 51.2, 50.46, 51.09, 62.59136205655629, 17.328933770946083, 34.393048005633524, 45.41413176328241, 43.594773316315134, 48.9012549628498, 32.393444022621026, 64.11137492013341, 24.477421485898688, 39.89316411614837, 42.53141248309427, 55.590953820374494, 36.04036061779156, 33.06936719124906, 36.53597664615546, 16.223997806586354, 58.281500747359445, 39.57269096976421, 38.710483755090046, 69.59680543587041, 51.02, 51.61, 53.17, 50.55, 48.74, 45.65, 51.72, 46.64, 45.18, 43.13, 39.91, 38.51, 43.87, 44.02, 41.51, 44.26, 42.47, 44.05, 48.7, 51.22, 48.23, 48.91], "labels": [0, 0, 0, 0, 0, 0, 0, 0, 0, 0, 0, 0, 0, 0, 0, 0, 0, 0, 0, 0, 0, 0, 0, 0, 0, 0, 0, 0, 0, 0, 0, 0, 0, 0, 0, 0, 0, 0, 0, 0, 0, 0, 0, 0, 0, 0, 0, 0, 0, 0, 0, 0, 0, 0, 0, 0, 0, 0, 1, 1, 1, 1, 1, 1, 1, 1, 1, 1, 1, 1, 1, 1, 1, 1, 1, 1, 1, 1, 0, 0, 0, 0, 0, 0, 0, 0, 0, 0, 0, 0, 0, 0, 0, 0, 0, 0, 0, 0, 0, 0], "is_anomalous": true, "anomaly_type": "variance_change", "anomaly_positions": [58, 59, 60, 61, 62, 63, 64, 65, 66, 67, 68, 69, 70, 71, 72, 73, 74, 75, 76, 77], "length": 100}