{"id": "anomalous_000310", "series": [55.3, 50.68, 57.93, 58.58, 60.66, 57.97, 55.16, 63.52, 57.79, 56.32, 51.59, 55.11, 53.17, 57.83, 56.35, 50.39, 48.01, 46.52, 53.72, 46.37, 53.14, 51.66, 52.32, 51.53, 51.76, 58.9, 55.84, 61.94, 57.53, 57.66, 64.65, 61.06, 56.49, 54.82, 59.16, 56.03, 53.97, 56.66, 50.8, 52.01, 50.52, 46.14, 51.83, 47.37, 50.98, 49.29, 55.49, 56.702756318038446, 52.22217058150913, 58.139401184334254, 62.34404596446598, 57.540315048265875, 62.699138857896685, 63.496858473082405, 58.77671577085063, 70.29826871760285, 71.73830559205989, 66.46670394917328, 68.26788815509457, 70.47178701860393, 62.6309622431065, 58.92965026911604, 71.49442213203079, 66.05807993903096, 69.90594444241798, 76.02676872153938, 64.67335795632131, 76.70210086816986, 62.678058431972296, 61.16073468323711, 72.24538798031764, 76.57593041390318, 85.99548588103264, 67.31357526452005, 79.78271113541918, 78.54736912220535, 99.81961015403246, 92.40259658499596, 83.39877823192273, 77.68114252391763, 109.66516240433515, 79.26036241594689, 95.94810214649316, 72.13430670537585, 77.5649771285191, 70.83985190198052, 71.10244310559712, 83.28405948333968, 68.08263927015783, 95.84498861932188, 100.40634620382241, 86.43664604163502, 100.51693849727815, 102.62650355440007, 101.59977950848261, 85.80694333935463, 75.42362692202315, 134.5115441109039, 111.9698075967989, 115.63953967340433], "labels": [0, 0, 0, 0, 0, 0, 0, 0, 0, 0, 0, 0, 0, 0, 0, 0, 0, 0, 0, 0, 0, 0, 0, 0, 0, 0, 0, 0, 0, 0, 0, 0, 0, 0, 0, 0, 0, 0, 0, 0, 0, 0, 0, 0, 0, 0, 1, 1, 1, 1, 1, 1, 1, 1, 1, 1, 1, 1, 1, 1, 1, 1, 1, 1, 1, 1, 1, 1, 1, 1, 1, 1, 1, 1, 1, 1, 1, 1, 1, 1, 1, 1, 1, 1, 1, 1, 1, 1, 1, 1, 1, 1, 1, 1, 1, 1, 1, 1, 1, 1], "is_anomalous": true, "anomaly_type": "trend_change", "anomaly_positions": [46, 47, 48, 49, 50, 51, 52, 53, 54, 55, 56, 57, 58, 59, 60, 61, 62, 63, 64, 65, 66, 67, 68, 69, 70, 71, 72, 73, 74, 75, 76, 77, 78, 79, 80, 81, 82, 83, 84, 85, 86, 87, 88, 89, 90, 91, 92, 93, 94, 95, 96, 97, 98, 99], "length": 100}