{"id": "anomalous_000625", "series": [50.48, 53.42, 55.58, 54.28, 55.69, 55.37, 58.25, 57.42, 56.81, 55.8, 56.78, 53.54, 51.75, 49.77, 54.03, 49.83, 47.92, 50.35, 47.3, 45.46, 46.55, 51.08, 50.53, 52.09, 52.69, 53.96, 55.82, 55.31, 56.43, 58.38, 57.87, 58.02, 56.71, 59.38, 55.92, 55.93, 51.14, 49.85, 51.01, 48.03, 48.34, 49.39, 47.48, 89.12107858212367, 91.79107858212367, 88.34107858212367, 90.13107858212368, 91.50107858212368, 92.18107858212367, 92.28107858212367, 95.31107858212367, 94.66107858212368, 99.75107858212368, 57.36, 58.54, 56.05, 57.97, 57.23, 56.3, 53.84, 54.05, 51.92, 50.18, 49.65, 50.07, 50.17, 48.31, 49.16, 52.39, 49.49, 52.43, 54.22, 53.5, 54.76, 58.19, 56.22, 59.89, 57.52, 57.71, 58.0, 57.44, 58.89, 55.84, 53.95, 55.16, 53.91, 51.65, 51.06, 49.48, 48.91, 51.64, 51.07, 50.83, 50.86, 51.31, 54.85, 53.35, 56.23, 58.47, 58.18], "labels": [0, 0, 0, 0, 0, 0, 0, 0, 0, 0, 0, 0, 0, 0, 0, 0, 0, 0, 0, 0, 0, 0, 0, 0, 0, 0, 0, 0, 0, 0, 0, 0, 0, 0, 0, 0, 0, 0, 0, 0, 0, 0, 0, 1, 1, 1, 1, 1, 1, 1, 1, 1, 1, 0, 0, 0, 0, 0, 0, 0, 0, 0, 0, 0, 0, 0, 0, 0, 0, 0, 0, 0, 0, 0, 0, 0, 0, 0, 0, 0, 0, 0, 0, 0, 0, 0, 0, 0, 0, 0, 0, 0, 0, 0, 0, 0, 0, 0, 0, 0], "is_anomalous": true, "anomaly_type": "shift", "anomaly_positions": [43, 44, 45, 46, 47, 48, 49, 50, 51, 52], "length": 100}