{"id": "anomalous_000299", "series": [47.08, 50.94, 56.44, 57.7, 55.31, 55.87, 55.22, 54.78, 56.89, 56.64, 55.77, 52.86, 53.29, 47.79, 50.56, 47.71, 45.94, 46.84, 47.71, 43.93, 50.39, 48.91, 50.77, 49.06, 49.83, 53.16, 52.87, 54.75, 51.15, 56.02, 54.13, 57.42, 55.17, 54.36, 54.13, 54.3, 49.69, 48.4, 49.85, 46.3, 50.31, 44.69, 46.63, 47.16, 45.45, 47.18, 46.98, 48.55, 51.76, 55.16, 52.88, 56.91, 53.97, 57.92, 55.86, 53.27, 52.25, 56.04, 53.26, 48.54, 55.63, 50.5, 46.93, 48.49, 46.75, 74.02369487676285, 74.85369487676286, 73.07369487676286, 72.47369487676285, 76.12369487676285, 77.84369487676285, 77.05369487676285, 80.36369487676285, 77.22369487676285, 82.29369487676286, 53.49, 56.02, 56.17, 53.54, 53.67, 55.19, 58.25, 53.16, 56.89, 51.51, 48.74, 49.16, 49.26, 47.79, 45.45, 43.37, 46.45, 47.94, 47.35, 49.16, 49.97, 47.9, 50.12, 54.49, 54.15], "labels": [0, 0, 0, 0, 0, 0, 0, 0, 0, 0, 0, 0, 0, 0, 0, 0, 0, 0, 0, 0, 0, 0, 0, 0, 0, 0, 0, 0, 0, 0, 0, 0, 0, 0, 0, 0, 0, 0, 0, 0, 0, 0, 0, 0, 0, 0, 0, 0, 0, 0, 0, 0, 0, 0, 0, 0, 0, 0, 0, 0, 0, 0, 0, 0, 0, 1, 1, 1, 1, 1, 1, 1, 1, 1, 1, 0, 0, 0, 0, 0, 0, 0, 0, 0, 0, 0, 0, 0, 0, 0, 0, 0, 0, 0, 0, 0, 0, 0, 0, 0], "is_anomalous": true, "anomaly_type": "shift", "anomaly_positions": [65, 66, 67, 68, 69, 70, 71, 72, 73, 74], "length": 100}