{"id": "anomalous_000056", "series": [45.68, 45.62, 47.24, 47.5, 49.39, 49.39, 50.82, 47.38, 49.7, 49.2, 47.12, 44.01, 44.17, 44.46, 40.68, 42.02, 43.32, 38.44, 40.52, 40.02, 39.48, 40.28, 42.3, 43.83, 44.95, 45.58, 47.97, 46.94, 49.2, 48.19, 74.92917377889583, 41.84859191723777, 53.111757104296295, 41.90236981817091, 33.447612539028256, 19.819650633276872, 59.460002968708125, 48.074529164225815, 26.840011315207583, 52.491719865115584, 38.203204650947235, 28.339008047426123, 48.54367809006882, 35.334568029604235, 49.421222684416286, 36.25393964059193, 61.36282992340266, 44.346989838802855, 49.18977136012783, 52.9496199191948, 48.43, 46.26, 49.43, 48.82, 48.32, 48.27, 50.42, 47.51, 47.56, 46.92, 44.29, 44.16, 40.01, 41.61, 40.78, 39.12, 39.44, 37.76, 39.9, 39.27, 38.88, 42.3, 43.73, 46.55, 47.14, 49.23, 49.33, 49.82, 48.84, 49.17, 47.7, 45.69, 44.61, 44.5, 44.02, 43.68, 40.56, 38.15, 40.0, 39.4, 38.05, 38.28, 39.88, 40.76, 41.55, 42.77, 43.5, 44.81, 45.2, 46.82], "labels": [0, 0, 0, 0, 0, 0, 0, 0, 0, 0, 0, 0, 0, 0, 0, 0, 0, 0, 0, 0, 0, 0, 0, 0, 0, 0, 0, 0, 0, 0, 1, 1, 1, 1, 1, 1, 1, 1, 1, 1, 1, 1, 1, 1, 1, 1, 1, 1, 1, 1, 0, 0, 0, 0, 0, 0, 0, 0, 0, 0, 0, 0, 0, 0, 0, 0, 0, 0, 0, 0, 0, 0, 0, 0, 0, 0, 0, 0, 0, 0, 0, 0, 0, 0, 0, 0, 0, 0, 0, 0, 0, 0, 0, 0, 0, 0, 0, 0, 0, 0], "is_anomalous": true, "anomaly_type": "variance_change", "anomaly_positions": [30, 31, 32, 33, 34, 35, 36, 37, 38, 39, 40, 41, 42, 43, 44, 45, 46, 47, 48, 49], "length": 100}