{"id": "anomalous_000296", "series": [51.58, 51.19, 52.03, 52.56, 51.81, 54.53, 54.19, 52.02, 53.68, 55.67, 52.48, 49.12, 50.34, 49.17, 46.29, 45.92, 44.69, 42.14, 41.23, 42.76, 43.05, 44.71, 45.91, 44.9, 47.82, 49.93, 50.7, 51.79, 53.61, 53.66, 51.9, 52.23, 52.35, 51.37, 51.46, 50.66, 49.45, 46.08, 46.01, 47.76, 44.7, 44.1, 43.42, 44.38, 43.03, 45.39, 45.43, 46.5, 15.138321950299051, 14.598321950299052, 15.78832195029905, 19.00832195029905, 17.68832195029905, 18.25832195029905, 18.53832195029905, 18.82832195029905, 17.75832195029905, 16.088321950299054, 49.79, 46.45, 49.28, 44.38, 43.48, 45.68, 44.13, 44.12, 41.11, 42.52, 41.99, 41.81, 44.33, 48.15, 45.75, 48.23, 50.29, 51.51, 50.78, 51.29, 54.07, 52.35, 49.42, 49.0, 51.34, 48.09, 47.02, 46.31, 45.74, 41.57, 43.01, 42.74, 41.72, 39.96, 42.97, 42.41, 44.91, 48.14, 47.61, 48.24, 49.48, 51.36], "labels": [0, 0, 0, 0, 0, 0, 0, 0, 0, 0, 0, 0, 0, 0, 0, 0, 0, 0, 0, 0, 0, 0, 0, 0, 0, 0, 0, 0, 0, 0, 0, 0, 0, 0, 0, 0, 0, 0, 0, 0, 0, 0, 0, 0, 0, 0, 0, 0, 1, 1, 1, 1, 1, 1, 1, 1, 1, 1, 0, 0, 0, 0, 0, 0, 0, 0, 0, 0, 0, 0, 0, 0, 0, 0, 0, 0, 0, 0, 0, 0, 0, 0, 0, 0, 0, 0, 0, 0, 0, 0, 0, 0, 0, 0, 0, 0, 0, 0, 0, 0], "is_anomalous": true, "anomaly_type": "shift", "anomaly_positions": [48, 49, 50, 51, 52, 53, 54, 55, 56, 57], "length": 100}