{"id": "anomalous_000285", "series": [55.5, 54.76, 52.7, 55.92, 55.09, 55.76, 58.23, 56.94, 58.12, 58.69, 58.65, 55.05, 53.62, 50.57, 48.84, 48.43, 50.39, 43.15, 47.77, 50.74, 50.48, 48.52, 50.35, 49.56, 53.54, 54.25, 54.67, 57.22, 57.85, 57.46, 59.92, 56.65, 54.32, 57.86, 56.33933576244326, 53.71919278578747, 55.066900853288224, 57.16789751785964, 56.41540254067891, 56.50350765654885, 56.16831595593105, 51.766513014815445, 55.420230326417794, 56.564875285582715, 63.31878704437388, 66.38470129661646, 59.610972736161, 56.35394991035279, 67.21222589217408, 68.48804986301981, 64.00492682837002, 75.86365885857298, 65.7384673021309, 84.292883391729, 69.76976332724657, 76.2314455174702, 80.74144182315786, 77.31507696883352, 74.83165720050025, 75.65814063299163, 93.01852607788983, 81.04809917544253, 73.79601613489287, 73.95884625563988, 82.59041991941339, 82.4644033149702, 87.05287950379935, 77.51175980002174, 88.35941625049705, 79.47371492340118, 89.90888107969221, 96.38157137710742, 73.1336486924142, 85.60812588516241, 102.4359299151948, 84.82294082086439, 87.54386339363809, 110.19438438484895, 109.671551833665, 122.8677831422994, 89.57275224354274, 89.61454058546992, 88.95160542415042, 117.30597982556442, 101.34759857060888, 80.30895633326057, 109.62127146673498, 95.85457954836434, 110.65134196710666, 75.01856475231334, 79.00352639777586, 131.70882385049964, 90.3072437475347, 124.86383921997958, 121.9011132294367, 135.8068514739399, 126.77796728491529, 119.58092514236424, 102.5018200312702, 108.68972665196227], "labels": [0, 0, 0, 0, 0, 0, 0, 0, 0, 0, 0, 0, 0, 0, 0, 0, 0, 0, 0, 0, 0, 0, 0, 0, 0, 0, 0, 0, 0, 0, 0, 0, 0, 1, 1, 1, 1, 1, 1, 1, 1, 1, 1, 1, 1, 1, 1, 1, 1, 1, 1, 1, 1, 1, 1, 1, 1, 1, 1, 1, 1, 1, 1, 1, 1, 1, 1, 1, 1, 1, 1, 1, 1, 1, 1, 1, 1, 1, 1, 1, 1, 1, 1, 1, 1, 1, 1, 1, 1, 1, 1, 1, 1, 1, 1, 1, 1, 1, 1, 1], "is_anomalous": true, "anomaly_type": "trend_change", "anomaly_positions": [33, 34, 35, 36, 37, 38, 39, 40, 41, 42, 43, 44, 45, 46, 47, 48, 49, 50, 51, 52, 53, 54, 55, 56, 57, 58, 59, 60, 61, 62, 63, 64, 65, 66, 67, 68, 69, 70, 71, 72, 73, 74, 75, 76, 77, 78, 79, 80, 81, 82, 83, 84, 85, 86, 87, 88, 89, 90, 91, 92, 93, 94, 95, 96, 97, 98, 99], "length": 100}