{"id": "anomalous_000072", "series": [47.56, 44.18, 48.08, 48.32, 47.81, 48.03, 51.22, 48.1, 50.6, 49.42, 44.07, 47.44, 46.95, 50.22, 39.35, 40.29, 40.08, 40.97, 39.53, 42.12, 40.64, 47.52, 41.91, 43.19, 42.15, 49.96, 50.17, 48.21, 49.89, 51.94, 76.58240247209558, 76.48240247209557, 70.62240247209559, 79.35240247209558, 71.88240247209558, 73.28240247209558, 72.27240247209559, 70.95240247209559, 69.20240247209559, 71.39240247209558, 38.65, 41.11, 27.25, 39.13, 41.35, 41.38, 43.7, 43.78, 47.68, 50.63, 51.94, 48.6, 47.63, 48.19, 49.91, 47.91, 47.66, 47.49, 47.25, 39.46, 41.9, 42.19, 38.62, 44.09, 42.64, 39.48, 40.59, 34.67, 43.76, 36.41, 42.62, 46.4, 43.78, 46.31, 46.82, 53.17, 47.14, 51.89, 51.16, 45.96, 48.54, 47.21, 46.28, 43.18, 41.43, 40.5, 42.9, 36.38, 41.05, 40.26, 41.3, 40.54, 40.96, 39.76, 37.71, 42.81, 45.74, 43.08, 44.99, 46.67], "labels": [0, 0, 0, 0, 0, 0, 0, 0, 0, 0, 0, 0, 0, 0, 0, 0, 0, 0, 0, 0, 0, 0, 0, 0, 0, 0, 0, 0, 0, 0, 1, 1, 1, 1, 1, 1, 1, 1, 1, 1, 0, 0, 0, 0, 0, 0, 0, 0, 0, 0, 0, 0, 0, 0, 0, 0, 0, 0, 0, 0, 0, 0, 0, 0, 0, 0, 0, 0, 0, 0, 0, 0, 0, 0, 0, 0, 0, 0, 0, 0, 0, 0, 0, 0, 0, 0, 0, 0, 0, 0, 0, 0, 0, 0, 0, 0, 0, 0, 0, 0], "is_anomalous": true, "anomaly_type": "shift", "anomaly_positions": [30, 31, 32, 33, 34, 35, 36, 37, 38, 39], "length": 100}