{"id": "anomalous_000496", "series": [50.93, 50.99, 53.07, 55.53, 56.86, 52.41, 54.21, 57.63, 56.39, 51.14, 51.6, 51.75, 51.7, 50.39, 49.15, 47.0, 43.91, 48.29, 44.81, 48.76, 50.09, 49.07, 48.4, 49.86, 52.87, 54.85, 53.26, 57.39, 51.9, 57.33, 59.46, 55.35, 54.96, 56.57, 55.32, 55.4, 52.45, 49.26, 51.45, 52.79, 52.23, 47.36, 49.66, 48.85, 45.78, 49.91, 55.46, 46.5, 48.73, 55.72, 59.35, 54.36, 59.79, 62.01, 56.28, 57.66, 59.88, 51.82, 54.76, 55.86, 54.75, 17.96718714096886, 15.28718714096886, 12.517187140968865, 14.517187140968865, 16.99718714096886, 9.807187140968864, 14.547187140968866, 12.447187140968865, 17.75718714096886, 19.71718714096886, 52.76, 54.03, 56.29, 58.82, 57.27, 61.93, 59.34, 59.95, 59.17, 61.01, 54.42, 55.98, 59.54, 60.37, 49.97, 53.42, 50.51, 52.75, 52.2, 48.8, 50.3, 46.85, 54.32, 53.07, 54.52, 54.76, 52.6, 62.46, 61.62], "labels": [0, 0, 0, 0, 0, 0, 0, 0, 0, 0, 0, 0, 0, 0, 0, 0, 0, 0, 0, 0, 0, 0, 0, 0, 0, 0, 0, 0, 0, 0, 0, 0, 0, 0, 0, 0, 0, 0, 0, 0, 0, 0, 0, 0, 0, 0, 0, 0, 0, 0, 0, 0, 0, 0, 0, 0, 0, 0, 0, 0, 0, 1, 1, 1, 1, 1, 1, 1, 1, 1, 1, 0, 0, 0, 0, 0, 0, 0, 0, 0, 0, 0, 0, 0, 0, 0, 0, 0, 0, 0, 0, 0, 0, 0, 0, 0, 0, 0, 0, 0], "is_anomalous": true, "anomaly_type": "shift", "anomaly_positions": [61, 62, 63, 64, 65, 66, 67, 68, 69, 70], "length": 100}