{"id": "anomalous_000215", "series": [43.76, 46.2, 48.91, 49.08, 49.13, 54.12, 48.27, 54.22, 52.57, 52.0, 51.22, 51.14, 46.68, 46.39, 40.04, 46.84, 40.74, 42.97, 42.2, 35.34, 44.58, 40.98, 42.16, 44.49, 47.59, 45.17, 48.54, 49.85, 48.64, 45.86, 50.74, 52.41, 53.8, 46.71834859557695, 46.96586444027227, 31.038813342190274, 62.004496875165025, 46.25829485169185, 76.46626602188218, 44.42531092792987, 68.8287356101097, 36.630739808744096, 53.21303826543103, 51.206422469717616, 16.983919079641026, 30.77611034877581, 46.958598299902775, 26.275404210767483, 31.17732932684112, 55.98321507211949, 66.70101672273557, 50.422754680356846, 24.23133041776526, 54.97, 48.12, 50.72, 53.99, 48.94, 51.32, 47.45, 52.83, 48.57, 45.6, 42.1, 38.74, 44.79, 41.23, 41.46, 44.99, 44.92, 41.99, 51.67, 45.94, 48.38, 47.8, 51.6, 52.59, 53.55, 52.71, 48.04, 51.48, 55.12, 50.97, 51.08, 47.09, 45.45, 45.04, 49.14, 45.12, 42.78, 42.52, 41.56, 43.81, 43.56, 45.48, 48.6, 47.56, 52.72, 45.47, 51.02], "labels": [0, 0, 0, 0, 0, 0, 0, 0, 0, 0, 0, 0, 0, 0, 0, 0, 0, 0, 0, 0, 0, 0, 0, 0, 0, 0, 0, 0, 0, 0, 0, 0, 0, 1, 1, 1, 1, 1, 1, 1, 1, 1, 1, 1, 1, 1, 1, 1, 1, 1, 1, 1, 1, 0, 0, 0, 0, 0, 0, 0, 0, 0, 0, 0, 0, 0, 0, 0, 0, 0, 0, 0, 0, 0, 0, 0, 0, 0, 0, 0, 0, 0, 0, 0, 0, 0, 0, 0, 0, 0, 0, 0, 0, 0, 0, 0, 0, 0, 0, 0], "is_anomalous": true, "anomaly_type": "variance_change", "anomaly_positions": [33, 34, 35, 36, 37, 38, 39, 40, 41, 42, 43, 44, 45, 46, 47, 48, 49, 50, 51, 52], "length": 100}