{"id": "anomalous_000541", "series": [45.94, 49.04, 45.46, 49.26, 48.26, 50.12, 48.53, 50.59, 48.26, 48.85, 49.36, 47.41, 45.22, 43.29, 40.49, 40.98, 41.34, 39.8, 40.99, 39.82, 37.58, 40.86, 42.08, 43.45, 47.13, 47.74, 49.28, 48.58, 48.45, 49.74, 50.98, 48.97, 49.85, 51.1, 49.26, 43.47, 45.32, 42.97, 41.38, 41.15, 39.49, 43.56, 39.27, 41.77, 39.87, 42.94, 43.29, 41.42, 43.72, 47.05, 46.67, 46.64, 50.3, 47.87, 51.78, 50.68, 48.25, 48.03, 46.42, 45.33, 42.78, 42.92, 42.64, 41.53, 39.651511528576194, 40.730469196990015, 43.54400942609159, 46.57424638183139, 43.940429854039515, 46.958511791130704, 53.530481603524954, 54.798134025725865, 53.77360202694512, 53.41100847293456, 57.78012994540971, 60.6808790353886, 56.912799888254554, 61.6086651004173, 65.85447941666406, 60.20268718003639, 61.20859574317393, 61.47155354446267, 64.54000910187305, 67.83163007853952, 76.16243866755993, 61.425942869195204, 58.90440801302698, 65.52347605511011, 53.026502978125095, 61.2198850388468, 62.9259467057411, 63.00383531616786, 77.84759443317427, 82.52031351232885, 66.02793513197568, 68.12622835867008, 65.36545818485716, 79.28526393590437, 68.03750265563224, 91.34899303059865], "labels": [0, 0, 0, 0, 0, 0, 0, 0, 0, 0, 0, 0, 0, 0, 0, 0, 0, 0, 0, 0, 0, 0, 0, 0, 0, 0, 0, 0, 0, 0, 0, 0, 0, 0, 0, 0, 0, 0, 0, 0, 0, 0, 0, 0, 0, 0, 0, 0, 0, 0, 0, 0, 0, 0, 0, 0, 0, 0, 0, 0, 0, 0, 0, 1, 1, 1, 1, 1, 1, 1, 1, 1, 1, 1, 1, 1, 1, 1, 1, 1, 1, 1, 1, 1, 1, 1, 1, 1, 1, 1, 1, 1, 1, 1, 1, 1, 1, 1, 1, 1], "is_anomalous": true, "anomaly_type": "trend_change", "anomaly_positions": [63, 64, 65, 66, 67, 68, 69, 70, 71, 72, 73, 74, 75, 76, 77, 78, 79, 80, 81, 82, 83, 84, 85, 86, 87, 88, 89, 90, 91, 92, 93, 94, 95, 96, 97, 98, 99], "length": 100}