{"id": "anomalous_000377", "series": [45.0, 47.02, 49.24, 53.79, 49.89, 56.24, 53.5, 53.34, 52.11, 50.47, 48.48, 52.24, 47.65, 45.86, 42.45, 45.97, 43.46, 43.39, 41.31, 41.23, 45.42, 42.35, 47.16, 48.94, 44.88, 51.26, 53.52, 51.9, 51.27, 53.47, 53.49, 55.38, 50.82, 50.54, 50.47, 48.43, 43.55, 50.24, 45.2, 41.94, 43.1, 43.55, 42.33, 45.09, 39.3, 43.69, 49.24, 41.22, 53.99, 49.93, 51.64, 48.4, 55.531854423531556, 60.1091488673146, 53.545214467923124, 52.358187839082895, 52.765315261557845, 61.012954435173484, 56.80019285895968, 55.525056649846505, 56.65897704512363, 54.240791948973644, 56.074614423471886, 59.157554050980195, 51.27779588962895, 59.709974244579506, 62.510147726206796, 65.70909994777838, 52.88493824236517, 66.27168867323074, 65.7181033340595, 75.46559316584363, 69.48502381873338, 73.15203382137031, 80.95489147909953, 63.18924103354101, 64.09970909749728, 70.43526820793828, 85.21860457937777, 78.29221300535416, 79.86788033658095, 63.92391488498535, 64.79217110442568, 91.48172471108134, 84.40664019580268, 79.45111736246587, 91.7962240673921, 74.9271844832536, 86.46895285169224, 77.31518809483234, 77.87770321131511, 89.89907515588885, 89.58731444529603, 100.66318969089006, 82.25473352534382, 98.1355229966903, 101.87336950026568, 86.5080241817268, 94.1071081921159, 84.39293681453063], "labels": [0, 0, 0, 0, 0, 0, 0, 0, 0, 0, 0, 0, 0, 0, 0, 0, 0, 0, 0, 0, 0, 0, 0, 0, 0, 0, 0, 0, 0, 0, 0, 0, 0, 0, 0, 0, 0, 0, 0, 0, 0, 0, 0, 0, 0, 0, 0, 0, 0, 0, 0, 1, 1, 1, 1, 1, 1, 1, 1, 1, 1, 1, 1, 1, 1, 1, 1, 1, 1, 1, 1, 1, 1, 1, 1, 1, 1, 1, 1, 1, 1, 1, 1, 1, 1, 1, 1, 1, 1, 1, 1, 1, 1, 1, 1, 1, 1, 1, 1, 1], "is_anomalous": true, "anomaly_type": "trend_change", "anomaly_positions": [51, 52, 53, 54, 55, 56, 57, 58, 59, 60, 61, 62, 63, 64, 65, 66, 67, 68, 69, 70, 71, 72, 73, 74, 75, 76, 77, 78, 79, 80, 81, 82, 83, 84, 85, 86, 87, 88, 89, 90, 91, 92, 93, 94, 95, 96, 97, 98, 99], "length": 100}