{"id": "anomalous_000170", "series": [51.86, 55.28, 55.58, 51.97, 57.93, 54.9, 55.07, 58.43, 54.29, 52.12, 52.18, 53.9, 49.86, 46.8, 47.34, 45.12, 45.57, 44.55, 47.93, 45.73, 42.82, 44.63, 49.28, 50.41, 50.01, 51.57, 51.94, 57.58, 56.11, 54.91, 55.67, 52.72, 58.78, 56.64, 52.7, 48.82, 48.35, 49.38, 47.99, 47.51, 46.03, 43.94, 43.41, 46.16, 40.39, 47.01, 43.09, 48.98, 49.78, 25.05982082315514, 28.299820823155134, 26.26982082315514, 26.049820823155134, 33.81982082315514, 27.069820823155137, 28.37982082315514, 32.04982082315513, 24.259820823155135, 27.73982082315514, 52.49, 47.07, 46.25, 40.21, 43.35, 45.36, 45.85, 45.62, 44.1, 45.55, 42.63, 47.59, 46.87, 45.09, 55.69, 50.81, 53.8, 50.73, 54.46, 54.2, 57.31, 55.68, 55.26, 49.7, 51.47, 48.47, 47.07, 46.89, 48.4, 41.27, 41.05, 42.76, 41.04, 43.73, 42.15, 47.36, 46.84, 45.11, 49.09, 46.59, 51.54], "labels": [0, 0, 0, 0, 0, 0, 0, 0, 0, 0, 0, 0, 0, 0, 0, 0, 0, 0, 0, 0, 0, 0, 0, 0, 0, 0, 0, 0, 0, 0, 0, 0, 0, 0, 0, 0, 0, 0, 0, 0, 0, 0, 0, 0, 0, 0, 0, 0, 0, 1, 1, 1, 1, 1, 1, 1, 1, 1, 1, 0, 0, 0, 0, 0, 0, 0, 0, 0, 0, 0, 0, 0, 0, 0, 0, 0, 0, 0, 0, 0, 0, 0, 0, 0, 0, 0, 0, 0, 0, 0, 0, 0, 0, 0, 0, 0, 0, 0, 0, 0], "is_anomalous": true, "anomaly_type": "shift", "anomaly_positions": [49, 50, 51, 52, 53, 54, 55, 56, 57, 58], "length": 100}