{"id": "anomalous_000375", "series": [47.64, 52.34, 51.59, 52.78, 53.07, 59.41, 60.56, 53.53, 58.7, 55.54, 55.1, 50.78, 55.97, 52.41, 54.6, 47.74, 41.32, 46.72, 44.65, 44.98, 45.88, 45.49, 52.26, 51.82, 50.14, 52.72, 53.68, 52.7, 54.96, 53.51, 60.04, 55.23, 56.08, 58.05, 54.33, 53.31, 50.21, 50.25, 52.96, 47.3, 48.65, 46.7, 47.960205028612556, 43.251987366824565, 47.48054496719104, 50.83547899425382, 57.89136529846273, 54.882226339076524, 62.18190570363052, 61.252815044028, 67.96954462625935, 66.04032637479854, 71.42102712829808, 67.31503592695022, 59.70534794860911, 74.44587671311827, 70.08347790221555, 78.09442456873956, 67.20562495030784, 67.78614797950908, 65.58880362124586, 68.71693246175707, 75.47816388716399, 78.4093075238219, 75.8018659151827, 71.44764377094955, 63.034768433786624, 77.12369784898006, 73.31229491385595, 82.49383994921752, 70.76728907183588, 69.8268359312034, 76.8403681322279, 74.69350664323585, 89.78137745425998, 91.58934949457625, 95.03742643011425, 81.83988493752013, 84.94675541258417, 99.9038543140864, 115.93047358991828, 110.59282042047094, 104.44180486063075, 99.98284180342466, 77.14777744201896, 90.06105671617365, 79.78402456612434, 95.78516207114157, 87.1328532974916, 84.02064863679962, 105.96454667682394, 79.95573894679518, 93.59897472359688, 99.65093223459888, 129.00397421178877, 121.99237524988672, 89.44279548744058, 110.83362200898807, 112.41464507021047, 92.60591056631662], "labels": [0, 0, 0, 0, 0, 0, 0, 0, 0, 0, 0, 0, 0, 0, 0, 0, 0, 0, 0, 0, 0, 0, 0, 0, 0, 0, 0, 0, 0, 0, 0, 0, 0, 0, 0, 0, 0, 0, 0, 0, 0, 1, 1, 1, 1, 1, 1, 1, 1, 1, 1, 1, 1, 1, 1, 1, 1, 1, 1, 1, 1, 1, 1, 1, 1, 1, 1, 1, 1, 1, 1, 1, 1, 1, 1, 1, 1, 1, 1, 1, 1, 1, 1, 1, 1, 1, 1, 1, 1, 1, 1, 1, 1, 1, 1, 1, 1, 1, 1, 1], "is_anomalous": true, "anomaly_type": "trend_change", "anomaly_positions": [41, 42, 43, 44, 45, 46, 47, 48, 49, 50, 51, 52, 53, 54, 55, 56, 57, 58, 59, 60, 61, 62, 63, 64, 65, 66, 67, 68, 69, 70, 71, 72, 73, 74, 75, 76, 77, 78, 79, 80, 81, 82, 83, 84, 85, 86, 87, 88, 89, 90, 91, 92, 93, 94, 95, 96, 97, 98, 99], "length": 100}