{"id": "anomalous_000368", "series": [54.7, 53.22, 55.29, 56.24, 53.4, 61.7, 60.05, 59.11, 58.08, 60.9, 58.21, 56.38, 53.99, 55.47, 49.32, 48.63, 48.28, 50.34, 46.03, 46.58, 49.88, 48.91, 56.28, 50.94, 56.49, 54.99, 55.32, 56.61, 58.94, 56.93, 57.13, 59.01, 63.85, 57.7, 54.62, 57.39, 52.08, 55.53, 50.66, 52.81, 49.13, 51.7, 46.53, 52.05, 55.14, 41.20330099622693, 30.728409686150467, 27.88647599414348, 45.10743235354958, 43.654688293347775, 61.19923673312906, 68.30254877791229, 36.61643152124458, 69.32644707327563, 92.597185589626, 59.72959442782644, 76.84662276303462, 69.37357121919815, 86.80895121998478, 66.82504633801294, 64.4957630137199, 45.48431546935948, 27.670084421016462, 39.52930075516607, 26.911965431516826, 51.4, 49.24, 52.24, 52.05, 49.71, 56.95, 58.03, 57.9, 56.28, 59.72, 63.56, 59.98, 66.13, 58.01, 63.45, 59.43, 58.53, 60.54, 59.16, 57.57, 52.49, 56.09, 54.99, 51.27, 53.55, 55.73, 54.76, 53.2, 52.79, 56.4, 56.07, 58.77, 58.52, 62.0, 60.42], "labels": [0, 0, 0, 0, 0, 0, 0, 0, 0, 0, 0, 0, 0, 0, 0, 0, 0, 0, 0, 0, 0, 0, 0, 0, 0, 0, 0, 0, 0, 0, 0, 0, 0, 0, 0, 0, 0, 0, 0, 0, 0, 0, 0, 0, 0, 1, 1, 1, 1, 1, 1, 1, 1, 1, 1, 1, 1, 1, 1, 1, 1, 1, 1, 1, 1, 0, 0, 0, 0, 0, 0, 0, 0, 0, 0, 0, 0, 0, 0, 0, 0, 0, 0, 0, 0, 0, 0, 0, 0, 0, 0, 0, 0, 0, 0, 0, 0, 0, 0, 0], "is_anomalous": true, "anomaly_type": "variance_change", "anomaly_positions": [45, 46, 47, 48, 49, 50, 51, 52, 53, 54, 55, 56, 57, 58, 59, 60, 61, 62, 63, 64], "length": 100}