{"id": "anomalous_000328", "series": [50.72, 55.09, 55.42, 52.51, 56.05, 55.45, 58.1, 56.54, 55.13, 56.05, 52.99, 54.09, 53.0, 49.35, 49.19, 47.32, 47.92, 47.52, 47.67, 46.87, 48.58, 50.87, 50.92, 52.48, 48.53, 54.45, 52.87, 56.83, 54.13, 54.78, 56.45, 57.46, 54.41, 56.52, 55.51, 56.16, 54.36, 51.0, 49.03, 45.86, 44.62, 48.07, 4.614462808756883, 9.614462808756883, 5.714462808756885, 7.254462808756884, 11.044462808756883, 9.764462808756882, 11.964462808756885, 11.014462808756882, 16.854462808756885, 16.37446280875688, 55.14, 57.81, 55.01, 57.44, 57.94, 57.69, 54.89, 54.38, 51.41, 51.83, 51.05, 51.85, 49.69, 45.38, 48.09, 50.04, 46.19, 52.22, 50.53, 47.45, 52.09, 50.35, 52.77, 56.71, 55.75, 56.6, 59.33, 57.65, 58.28, 56.87, 52.72, 52.24, 52.52, 49.3, 48.57, 47.67, 46.25, 47.82, 46.13, 46.13, 51.34, 46.55, 52.78, 50.34, 54.61, 52.78, 57.6, 56.43], "labels": [0, 0, 0, 0, 0, 0, 0, 0, 0, 0, 0, 0, 0, 0, 0, 0, 0, 0, 0, 0, 0, 0, 0, 0, 0, 0, 0, 0, 0, 0, 0, 0, 0, 0, 0, 0, 0, 0, 0, 0, 0, 0, 1, 1, 1, 1, 1, 1, 1, 1, 1, 1, 0, 0, 0, 0, 0, 0, 0, 0, 0, 0, 0, 0, 0, 0, 0, 0, 0, 0, 0, 0, 0, 0, 0, 0, 0, 0, 0, 0, 0, 0, 0, 0, 0, 0, 0, 0, 0, 0, 0, 0, 0, 0, 0, 0, 0, 0, 0, 0], "is_anomalous": true, "anomaly_type": "shift", "anomaly_positions": [42, 43, 44, 45, 46, 47, 48, 49, 50, 51], "length": 100}