{"id": "anomalous_000630", "series": [42.72, 49.2, 49.44, 52.69, 51.52, 49.68, 53.85, 49.88, 52.9, 55.4, 53.48, 49.85, 46.41, 44.77, 44.27, 44.92, 44.99, 43.79, 42.71, 47.89, 41.5, 43.56, 46.26, 39.93, 48.61, 50.11, 49.15, 47.15, 51.71, 56.23, 50.22, 51.67, 48.58, 47.97, 52.71, 51.78, 45.59, 43.84, 42.08, 41.37, 43.66416548758036, 52.176311185903366, 33.04439830087205, 20.291468944122133, 38.57052656370928, 42.61084788742255, 61.414550562906854, 50.61961979856545, 56.14807702792654, 35.86773446907303, 61.457338914660916, 43.30499205638627, 43.615656316159004, 76.02195875387525, 41.42023325305156, 44.93735007042659, 36.56456407069897, 31.5851479596098, 62.12782570640336, 19.487029777558938, 45.7, 45.2, 38.89, 39.4, 41.86, 36.87, 38.72, 40.13, 42.43, 43.23, 45.13, 42.89, 46.16, 47.18, 43.21, 48.39, 48.68, 48.54, 49.56, 47.77, 43.95, 45.27, 44.63, 47.7, 45.06, 40.97, 41.41, 40.54, 38.94, 39.54, 37.5, 41.61, 37.11, 39.62, 38.59, 43.56, 38.47, 46.8, 44.18, 46.15], "labels": [0, 0, 0, 0, 0, 0, 0, 0, 0, 0, 0, 0, 0, 0, 0, 0, 0, 0, 0, 0, 0, 0, 0, 0, 0, 0, 0, 0, 0, 0, 0, 0, 0, 0, 0, 0, 0, 0, 0, 0, 1, 1, 1, 1, 1, 1, 1, 1, 1, 1, 1, 1, 1, 1, 1, 1, 1, 1, 1, 1, 0, 0, 0, 0, 0, 0, 0, 0, 0, 0, 0, 0, 0, 0, 0, 0, 0, 0, 0, 0, 0, 0, 0, 0, 0, 0, 0, 0, 0, 0, 0, 0, 0, 0, 0, 0, 0, 0, 0, 0], "is_anomalous": true, "anomaly_type": "variance_change", "anomaly_positions": [40, 41, 42, 43, 44, 45, 46, 47, 48, 49, 50, 51, 52, 53, 54, 55, 56, 57, 58, 59], "length": 100}