{"id": "anomalous_000398", "series": [47.14, 49.8, 52.26, 49.8, 52.13, 49.5, 53.37, 56.41, 52.96, 53.75, 52.74, 49.22, 47.18, 48.38, 47.5, 45.6, 45.36, 43.72, 44.02, 46.27, 42.03, 45.9, 45.54, 48.95, 48.47, 49.86, 51.67, 53.23, 53.47, 55.58, 56.31, 52.46, 54.07, 53.87, 52.17, 48.83, 49.78, 48.2, 46.04, 45.99, 45.51, 43.5, 43.46, 41.89, 45.03, 44.57, 46.5, 46.31, 50.66, 50.85, 52.63, 54.17, 55.03, 52.81, 53.63, 54.68, 55.89352584515789, 55.854832215684, 57.30431365022963, 56.38642783127459, 54.151342033954904, 53.45412940794622, 52.060264658785435, 53.644748184825936, 57.11173738915189, 53.997161901865496, 59.7665276626227, 56.879359243469736, 52.17930785800474, 62.340016877538076, 57.76248887692705, 57.40110552185285, 68.71980640674163, 76.33919232855591, 71.27703577728235, 63.07502333404001, 73.27889994693105, 69.30901147285383, 72.61571920445256, 80.91063215008721, 83.36008833974452, 77.43078169108604, 88.10576428360397, 67.60014720831455, 80.001243366895, 83.42899935432558, 81.5651230797632, 65.51373132034232, 91.89601522756709, 70.08434299682057, 64.58689523485175, 84.7414592524219, 100.04613463114997, 75.07261578456693, 73.98057668577212, 88.20958869743237, 87.16415288823745, 109.90619386582944, 96.48845373567383, 98.51154735656047], "labels": [0, 0, 0, 0, 0, 0, 0, 0, 0, 0, 0, 0, 0, 0, 0, 0, 0, 0, 0, 0, 0, 0, 0, 0, 0, 0, 0, 0, 0, 0, 0, 0, 0, 0, 0, 0, 0, 0, 0, 0, 0, 0, 0, 0, 0, 0, 0, 0, 0, 0, 0, 0, 0, 0, 0, 1, 1, 1, 1, 1, 1, 1, 1, 1, 1, 1, 1, 1, 1, 1, 1, 1, 1, 1, 1, 1, 1, 1, 1, 1, 1, 1, 1, 1, 1, 1, 1, 1, 1, 1, 1, 1, 1, 1, 1, 1, 1, 1, 1, 1], "is_anomalous": true, "anomaly_type": "trend_change", "anomaly_positions": [55, 56, 57, 58, 59, 60, 61, 62, 63, 64, 65, 66, 67, 68, 69, 70, 71, 72, 73, 74, 75, 76, 77, 78, 79, 80, 81, 82, 83, 84, 85, 86, 87, 88, 89, 90, 91, 92, 93, 94, 95, 96, 97, 98, 99], "length": 100}