{"id": "anomalous_000605", "series": [54.18, 51.41, 55.1, 50.89, 53.75, 56.99, 51.55, 55.3, 54.34, 52.9, 57.76, 54.51, 49.12, 44.67, 45.74, 46.08, 44.87, 41.41, 46.05, 50.67, 43.85, 53.8, 44.54, 48.51, 51.88, 52.34, 54.24, 56.53, 55.24, 59.9, 53.13, 56.48, 51.21, 55.78, 54.25, 49.62, 49.45, 48.24, 50.37, 48.62, 50.45, 47.5, 44.06, 52.89, 49.2, 48.41, 44.36, 45.75, 51.32, 51.0, 53.5, 53.98, 52.31, 53.89, 55.59, 54.33, 58.35, 58.24, 46.69, 45.82, 52.8, 46.29, 48.55, 45.87, 51.53, 44.57, 45.41, 42.62, 48.42, 46.14, 13.487752529711877, 14.317752529711875, 16.15775252971187, 16.887752529711875, 18.47775252971187, 16.177752529711874, 25.65775252971187, 28.967752529711873, 24.62775252971187, 16.19775252971187, 52.96, 50.79, 51.35, 54.71, 46.43, 48.07, 48.03, 49.13, 45.51, 42.65, 44.15, 41.01, 44.57, 51.71, 49.97, 48.72, 53.58, 46.27, 54.61, 54.42], "labels": [0, 0, 0, 0, 0, 0, 0, 0, 0, 0, 0, 0, 0, 0, 0, 0, 0, 0, 0, 0, 0, 0, 0, 0, 0, 0, 0, 0, 0, 0, 0, 0, 0, 0, 0, 0, 0, 0, 0, 0, 0, 0, 0, 0, 0, 0, 0, 0, 0, 0, 0, 0, 0, 0, 0, 0, 0, 0, 0, 0, 0, 0, 0, 0, 0, 0, 0, 0, 0, 0, 1, 1, 1, 1, 1, 1, 1, 1, 1, 1, 0, 0, 0, 0, 0, 0, 0, 0, 0, 0, 0, 0, 0, 0, 0, 0, 0, 0, 0, 0], "is_anomalous": true, "anomaly_type": "shift", "anomaly_positions": [70, 71, 72, 73, 74, 75, 76, 77, 78, 79], "length": 100}