{"id": "anomalous_000791", "series": [49.97, 49.93, 51.08, 51.25, 54.27, 53.69, 53.52, 55.67, 55.3, 54.33, 54.38, 49.33, 48.88, 47.11, 44.1, 45.02, 46.79, 45.87, 43.11, 43.59, 47.13, 45.14, 46.46, 46.43, 49.52, 49.62, 49.88, 53.7, 53.65, 52.7, 52.98, 56.85, 52.81, 50.25, 47.57, 52.72, 49.75, 49.75, 44.62, 44.27, 45.83, 44.91, 43.46, 40.43, 44.34, 44.0, 47.54, 47.42, 49.05, 52.47, 52.99, 52.33, 55.02, 55.02, 51.34, 53.2, 50.57, 52.71, 50.05, 52.67, 50.67, 46.58, 44.74, 44.89, 43.98, 44.58, 43.29, 43.11, 45.17, 47.86, 48.52512087628368, 49.04875016974736, 52.14555063319555, 52.9459186318966, 52.28934151826115, 62.09455232102856, 57.43338136315465, 63.27325257703742, 67.16444970252687, 59.55855864504365, 68.56138173349922, 66.18531953078227, 65.36626108625691, 57.70311509882569, 62.1520201286563, 56.82282234733541, 56.25063800938234, 62.925671402947195, 67.82024214685147, 69.9331424662451, 61.615064762053365, 67.88037315244803, 76.82095999183841, 59.13934750353903, 55.94402791256045, 86.03535941128354, 75.70327167387632, 86.00203382055003, 69.41637828327316, 82.52158272025582], "labels": [0, 0, 0, 0, 0, 0, 0, 0, 0, 0, 0, 0, 0, 0, 0, 0, 0, 0, 0, 0, 0, 0, 0, 0, 0, 0, 0, 0, 0, 0, 0, 0, 0, 0, 0, 0, 0, 0, 0, 0, 0, 0, 0, 0, 0, 0, 0, 0, 0, 0, 0, 0, 0, 0, 0, 0, 0, 0, 0, 0, 0, 0, 0, 0, 0, 0, 0, 0, 0, 1, 1, 1, 1, 1, 1, 1, 1, 1, 1, 1, 1, 1, 1, 1, 1, 1, 1, 1, 1, 1, 1, 1, 1, 1, 1, 1, 1, 1, 1, 1], "is_anomalous": true, "anomaly_type": "trend_change", "anomaly_positions": [69, 70, 71, 72, 73, 74, 75, 76, 77, 78, 79, 80, 81, 82, 83, 84, 85, 86, 87, 88, 89, 90, 91, 92, 93, 94, 95, 96, 97, 98, 99], "length": 100}