{"id": "anomalous_000288", "series": [54.82, 56.04, 56.11, 59.99, 56.85, 58.52, 59.94, 58.34, 60.52, 63.28, 55.87, 54.91, 54.75, 53.32, 50.69, 47.69, 51.19, 48.59, 50.34, 47.41, 49.96, 54.02, 53.27, 51.56, 54.1, 56.87, 58.11, 56.22, 61.54, 62.21, 60.65, 60.066015267642285, 60.1301253025307, 59.452223374969954, 61.20882647322444, 57.005948245806934, 60.161415906599686, 62.145572360753455, 63.53152722408736, 63.206815322778475, 56.03494112889431, 56.37479560277322, 66.6600007876865, 57.599062859745146, 62.96426513692829, 61.392584435159364, 68.40755436179556, 70.74539762706345, 76.41783698260237, 77.02883857700357, 79.75897937809921, 80.76935084923164, 88.2544424692826, 87.88488573571121, 83.81142277736583, 93.14667492472772, 92.12524939283051, 76.6259201385041, 76.13623046963687, 85.44220890565622, 74.88657685849516, 92.9368274098766, 83.49936375786243, 75.06172840373578, 82.23586839537754, 95.72659102026464, 95.71181799840633, 68.45333661805586, 84.6194516668872, 89.5183389848772, 75.43746733895051, 79.13756513300902, 97.98343243084403, 92.98103166659357, 115.24790622176778, 89.40927156085613, 115.80511552310962, 80.60720233479995, 85.24413212206125, 106.82870766068464, 98.75586964936586, 123.00221631107553, 105.09121784714176, 86.38137618472781, 125.02156132558159, 88.78083086231842, 103.63471915442639, 90.22845514867069, 81.5419556833466, 114.06233760692122, 130.07075438076777, 109.22753182189335, 107.6910781503124, 128.79806914187805, 107.21553563444098, 104.34874750367041, 136.45983784201331, 116.83141150270214, 93.8407514111766, 151.92130948279507], "labels": [0, 0, 0, 0, 0, 0, 0, 0, 0, 0, 0, 0, 0, 0, 0, 0, 0, 0, 0, 0, 0, 0, 0, 0, 0, 0, 0, 0, 0, 0, 1, 1, 1, 1, 1, 1, 1, 1, 1, 1, 1, 1, 1, 1, 1, 1, 1, 1, 1, 1, 1, 1, 1, 1, 1, 1, 1, 1, 1, 1, 1, 1, 1, 1, 1, 1, 1, 1, 1, 1, 1, 1, 1, 1, 1, 1, 1, 1, 1, 1, 1, 1, 1, 1, 1, 1, 1, 1, 1, 1, 1, 1, 1, 1, 1, 1, 1, 1, 1, 1], "is_anomalous": true, "anomaly_type": "trend_change", "anomaly_positions": [30, 31, 32, 33, 34, 35, 36, 37, 38, 39, 40, 41, 42, 43, 44, 45, 46, 47, 48, 49, 50, 51, 52, 53, 54, 55, 56, 57, 58, 59, 60, 61, 62, 63, 64, 65, 66, 67, 68, 69, 70, 71, 72, 73, 74, 75, 76, 77, 78, 79, 80, 81, 82, 83, 84, 85, 86, 87, 88, 89, 90, 91, 92, 93, 94, 95, 96, 97, 98, 99], "length": 100}