{"id": "anomalous_000074", "series": [55.12, 54.38, 57.27, 58.93, 60.65, 55.28, 56.81, 55.62, 56.63, 53.71, 55.0, 52.75, 53.57, 51.99, 45.73, 47.55, 46.37, 45.82, 45.06, 42.06, 43.81, 48.95, 47.91, 51.85, 52.83, 53.54, 52.79, 53.86, 53.45, 56.86, 69.48178488274642, 40.608860659088165, 29.949065451936626, 63.14759909744465, 47.062019317717784, 72.63562780063653, 49.32038085014092, 35.75843772151816, 51.898576320068145, 57.14504438075963, 58.04035695182951, 29.86520918592682, 41.24475982967106, 67.00142800912721, 40.686265335795234, 70.62308119285737, 24.558400420812326, 34.4235607087901, 68.76986993827038, 40.95089601784504, 53.32, 58.38, 52.65, 55.91, 52.61, 58.48, 56.57, 51.84, 53.18, 49.65, 45.36, 46.93, 51.32, 48.76, 41.38, 45.37, 41.68, 40.77, 49.56, 43.32, 48.32, 44.21, 48.41, 47.88, 51.19, 51.15, 51.04, 55.14, 52.17, 54.95, 51.08, 57.02, 53.66, 51.5, 48.88, 46.02, 49.41, 44.31, 43.01, 40.64, 42.73, 39.29, 42.39, 43.67, 39.17, 46.78, 45.94, 51.33, 50.89, 53.68], "labels": [0, 0, 0, 0, 0, 0, 0, 0, 0, 0, 0, 0, 0, 0, 0, 0, 0, 0, 0, 0, 0, 0, 0, 0, 0, 0, 0, 0, 0, 0, 1, 1, 1, 1, 1, 1, 1, 1, 1, 1, 1, 1, 1, 1, 1, 1, 1, 1, 1, 1, 0, 0, 0, 0, 0, 0, 0, 0, 0, 0, 0, 0, 0, 0, 0, 0, 0, 0, 0, 0, 0, 0, 0, 0, 0, 0, 0, 0, 0, 0, 0, 0, 0, 0, 0, 0, 0, 0, 0, 0, 0, 0, 0, 0, 0, 0, 0, 0, 0, 0], "is_anomalous": true, "anomaly_type": "variance_change", "anomaly_positions": [30, 31, 32, 33, 34, 35, 36, 37, 38, 39, 40, 41, 42, 43, 44, 45, 46, 47, 48, 49], "length": 100}