{"id": "anomalous_000272", "series": [47.77, 50.3, 53.68, 52.93, 49.57, 53.07, 52.85, 51.21, 53.9, 50.79, 47.13, 42.7, 45.5, 36.49, 40.84, 46.86, 36.4, 45.32, 45.17, 42.79, 41.84, 37.4, 44.0, 46.02, 45.95, 48.92, 47.68, 48.59, 46.94, 52.33, 52.98, 55.32, 45.66, 47.98, 43.28, 50.32, 45.26, 45.5, 40.88, 45.49, 40.33, 43.72, 38.32, 44.26, 39.25, 41.76, 45.42, 40.41, 44.15, 49.79, 48.43, 47.23, 48.24, 47.42, 46.39, 51.41, 47.33, 45.63, 47.28, 45.45, 41.88, 42.03, 33.84949141509908, 66.14832085395759, 70.26753551443079, 50.847244989007066, 37.85196536316003, 1.5349171793341085, 58.797581754411574, 18.43433653494258, 49.09410095408261, 21.94993372850848, 51.231395745723695, 44.222844314998646, 56.1068904792246, 58.15704669152038, 33.59147129107947, 27.71555796038982, 30.13996128242654, 39.85010248197977, 25.47298444508578, 48.86752197809659, 45.06, 47.48, 40.84, 40.57, 43.07, 38.49, 38.96, 38.38, 37.0, 36.15, 38.35, 37.3, 37.96, 41.82, 40.28, 48.99, 43.97, 43.81], "labels": [0, 0, 0, 0, 0, 0, 0, 0, 0, 0, 0, 0, 0, 0, 0, 0, 0, 0, 0, 0, 0, 0, 0, 0, 0, 0, 0, 0, 0, 0, 0, 0, 0, 0, 0, 0, 0, 0, 0, 0, 0, 0, 0, 0, 0, 0, 0, 0, 0, 0, 0, 0, 0, 0, 0, 0, 0, 0, 0, 0, 0, 0, 1, 1, 1, 1, 1, 1, 1, 1, 1, 1, 1, 1, 1, 1, 1, 1, 1, 1, 1, 1, 0, 0, 0, 0, 0, 0, 0, 0, 0, 0, 0, 0, 0, 0, 0, 0, 0, 0], "is_anomalous": true, "anomaly_type": "variance_change", "anomaly_positions": [62, 63, 64, 65, 66, 67, 68, 69, 70, 71, 72, 73, 74, 75, 76, 77, 78, 79, 80, 81], "length": 100}