{"id": "anomalous_000731", "series": [53.45, 51.92, 50.04, 50.22, 51.57, 52.54, 54.24, 52.94, 59.4, 51.83, 53.78, 56.55, 50.48, 52.82, 50.82, 48.12, 46.36, 41.97, 44.97, 40.07, 43.51, 50.43, 50.95, 54.48, 50.6, 57.27, 55.77, 51.25, 62.35, 59.26, 55.14, 54.75, 53.6, 58.41, 51.82, 52.97, 51.46, 48.62, 46.22, 46.47, 46.35, 43.34, 48.81, 45.7, 50.63, 49.8, 52.36, 54.44, 47.29, 54.47, 52.15, 52.3, 57.66381991822331, 61.24455081910177, 58.11061426378625, 58.20394377279926, 58.899959287101254, 62.38664801697508, 59.47014019685246, 60.80668434151252, 60.61964285147216, 61.4485135726517, 62.06024153192455, 57.172816785752595, 55.38961607180814, 56.4742355710857, 56.98319113625863, 68.27744015547377, 64.45547319327937, 67.7103770677467, 70.1469223097772, 68.29893259416423, 80.71217001289195, 73.13982333861266, 77.22326151566097, 81.84931097382898, 90.81580261174722, 87.05454930223976, 95.61001794237137, 72.14297487749066, 91.11982956496689, 92.32785011760478, 75.82273305329026, 88.51541745933761, 86.26353502911013, 98.3760044145592, 91.5079835240421, 66.02712723942987, 93.19435350088594, 74.86364466964935, 96.24695132987277, 72.75375087078723, 101.85282172069421, 114.58610856243534, 111.16450177865146, 73.91151590499253, 99.54161138834097, 83.95923983785707, 91.04864396584688, 116.98003720328819], "labels": [0, 0, 0, 0, 0, 0, 0, 0, 0, 0, 0, 0, 0, 0, 0, 0, 0, 0, 0, 0, 0, 0, 0, 0, 0, 0, 0, 0, 0, 0, 0, 0, 0, 0, 0, 0, 0, 0, 0, 0, 0, 0, 0, 0, 0, 0, 0, 0, 0, 0, 0, 1, 1, 1, 1, 1, 1, 1, 1, 1, 1, 1, 1, 1, 1, 1, 1, 1, 1, 1, 1, 1, 1, 1, 1, 1, 1, 1, 1, 1, 1, 1, 1, 1, 1, 1, 1, 1, 1, 1, 1, 1, 1, 1, 1, 1, 1, 1, 1, 1], "is_anomalous": true, "anomaly_type": "trend_change", "anomaly_positions": [51, 52, 53, 54, 55, 56, 57, 58, 59, 60, 61, 62, 63, 64, 65, 66, 67, 68, 69, 70, 71, 72, 73, 74, 75, 76, 77, 78, 79, 80, 81, 82, 83, 84, 85, 86, 87, 88, 89, 90, 91, 92, 93, 94, 95, 96, 97, 98, 99], "length": 100}