{"id": "anomalous_000291", "series": [47.63, 49.02, 49.95, 51.03, 50.48, 53.63, 52.04, 50.96, 52.09, 48.95, 50.66, 49.61, 47.5, 46.29, 44.99, 43.82, 45.38, 40.76, 42.99, 41.71, 44.02, 44.31, 45.67, 48.71, 48.01, 47.8, 53.0, 51.13, 51.26, 52.51, 53.21, 51.23, 51.58, 52.04, 51.02, 48.66, 48.13, 46.42, 46.08, 46.23, 41.42, 43.31, 43.99344909469853, 46.280959481728566, 47.072277074865426, 46.16811916034969, 52.70882510853508, 54.8443781665072, 55.67229490413399, 55.32992341089157, 58.98303079987475, 63.105407299180726, 60.75306028275902, 69.98002078530459, 70.75463804022986, 70.73505532656492, 65.8661670462065, 71.9169919518972, 62.8891159615955, 64.61643317655815, 75.08809464733461, 68.07363549208142, 70.35066597058206, 56.49049793782575, 71.37046674123258, 62.32152801035204, 70.69413976242, 72.22033165590695, 58.321555314892684, 74.85493954021098, 78.35378317337872, 79.20582560643048, 94.05640188053614, 81.4166191706622, 94.22084783705377, 100.14742120701911, 84.80685543523212, 86.24400578049325, 83.6174255490688, 85.79442300580263, 91.22886277162937, 77.35627361422667, 85.97219030314304, 105.50702777915052, 72.62401077157963, 111.82192182337272, 98.97554071353079, 89.21130734459874, 102.93470452661657, 87.42979773621099, 110.85237892948356, 92.85539027715498, 99.26541585679401, 89.03350648536383, 114.5122000953628, 77.84876632320284, 95.30735153940557, 89.47483303270758, 119.34952876083715, 89.83268850133967], "labels": [0, 0, 0, 0, 0, 0, 0, 0, 0, 0, 0, 0, 0, 0, 0, 0, 0, 0, 0, 0, 0, 0, 0, 0, 0, 0, 0, 0, 0, 0, 0, 0, 0, 0, 0, 0, 0, 0, 0, 0, 0, 1, 1, 1, 1, 1, 1, 1, 1, 1, 1, 1, 1, 1, 1, 1, 1, 1, 1, 1, 1, 1, 1, 1, 1, 1, 1, 1, 1, 1, 1, 1, 1, 1, 1, 1, 1, 1, 1, 1, 1, 1, 1, 1, 1, 1, 1, 1, 1, 1, 1, 1, 1, 1, 1, 1, 1, 1, 1, 1], "is_anomalous": true, "anomaly_type": "trend_change", "anomaly_positions": [41, 42, 43, 44, 45, 46, 47, 48, 49, 50, 51, 52, 53, 54, 55, 56, 57, 58, 59, 60, 61, 62, 63, 64, 65, 66, 67, 68, 69, 70, 71, 72, 73, 74, 75, 76, 77, 78, 79, 80, 81, 82, 83, 84, 85, 86, 87, 88, 89, 90, 91, 92, 93, 94, 95, 96, 97, 98, 99], "length": 100}