{"id": "anomalous_000154", "series": [46.08, 43.68, 46.71, 51.04, 50.95, 50.54, 49.65, 55.53, 52.77, 48.32, 49.29, 46.81, 44.73, 40.79, 47.59, 43.09, 44.43, 42.03, 44.64, 43.44, 41.63, 31.93, 43.78, 47.24, 44.78, 48.43, 48.45, 46.63, 50.55, 52.8, 58.29, 46.86, 55.3, 50.7, 51.57, 50.68, 44.69, 40.71, 44.65, 47.44, 43.19, 43.47, 43.42, 42.08, 46.22, 39.06, 50.26, 45.99, 47.19, 48.68, 49.71, 51.06, 51.59, 46.99, 54.6, 52.72, 49.82, 50.74, 50.55, 52.74, 47.98, 40.08, 46.02, 41.18, 43.40183559591483, 45.50776341818729, 43.75450056684814, 42.11023363110984, 44.638365980958916, 48.789191674843345, 57.841489966436065, 53.44286270065975, 55.04229938121182, 54.57150820774466, 63.70652953598307, 60.27657492614787, 66.30239477802245, 67.77729815491104, 67.78272281173541, 75.13977159405903, 72.82117055757372, 68.47473652947883, 74.75825735402508, 58.229842801184645, 65.76771731412886, 64.8106285791676, 77.44009578776163, 79.0527625417892, 63.233370978608036, 69.72017762436833, 77.7034758912057, 66.09999544212093, 75.4205973462247, 76.29196918277034, 77.168705082877, 79.2580341352535, 87.65766734427595, 93.66217955179432, 95.31777885819707, 72.12322535870885], "labels": [0, 0, 0, 0, 0, 0, 0, 0, 0, 0, 0, 0, 0, 0, 0, 0, 0, 0, 0, 0, 0, 0, 0, 0, 0, 0, 0, 0, 0, 0, 0, 0, 0, 0, 0, 0, 0, 0, 0, 0, 0, 0, 0, 0, 0, 0, 0, 0, 0, 0, 0, 0, 0, 0, 0, 0, 0, 0, 0, 0, 0, 0, 0, 1, 1, 1, 1, 1, 1, 1, 1, 1, 1, 1, 1, 1, 1, 1, 1, 1, 1, 1, 1, 1, 1, 1, 1, 1, 1, 1, 1, 1, 1, 1, 1, 1, 1, 1, 1, 1], "is_anomalous": true, "anomaly_type": "trend_change", "anomaly_positions": [63, 64, 65, 66, 67, 68, 69, 70, 71, 72, 73, 74, 75, 76, 77, 78, 79, 80, 81, 82, 83, 84, 85, 86, 87, 88, 89, 90, 91, 92, 93, 94, 95, 96, 97, 98, 99], "length": 100}