{"id": "anomalous_000100", "series": [49.67, 49.1, 46.66, 47.89, 50.94, 51.33, 50.74, 49.71, 49.6, 51.68, 49.28, 50.6, 44.97, 43.59, 42.97, 42.83, 43.19, 36.84, 40.35, 40.93, 38.39, 43.2, 41.45, 44.77, 45.77, 47.14, 47.94, 45.45, 47.44, 48.24, 47.63, 50.36, 47.93, 45.89, 48.28, 48.21, 44.13, 46.99, 43.82, 41.72, 44.71, 42.0, 38.94, 43.59, 43.63, 47.39, 43.56, 41.9, 45.41, 46.8, 49.44, 46.77, 48.51, 48.97, 50.2, 77.38496384602131, 71.4949638460213, 75.2949638460213, 74.2649638460213, 69.7249638460213, 69.1849638460213, 69.8249638460213, 66.0649638460213, 69.1549638460213, 64.11496384602131, 41.86, 39.55, 42.67, 43.08, 40.54, 42.21, 44.5, 44.16, 47.95, 53.99, 54.47, 55.33, 51.7, 51.33, 48.32, 48.14, 46.12, 45.92, 45.83, 45.63, 46.04, 46.57, 40.47, 41.09, 41.26, 38.07, 40.71, 40.39, 42.22, 44.18, 44.54, 43.49, 48.12, 46.86, 53.55], "labels": [0, 0, 0, 0, 0, 0, 0, 0, 0, 0, 0, 0, 0, 0, 0, 0, 0, 0, 0, 0, 0, 0, 0, 0, 0, 0, 0, 0, 0, 0, 0, 0, 0, 0, 0, 0, 0, 0, 0, 0, 0, 0, 0, 0, 0, 0, 0, 0, 0, 0, 0, 0, 0, 0, 0, 1, 1, 1, 1, 1, 1, 1, 1, 1, 1, 0, 0, 0, 0, 0, 0, 0, 0, 0, 0, 0, 0, 0, 0, 0, 0, 0, 0, 0, 0, 0, 0, 0, 0, 0, 0, 0, 0, 0, 0, 0, 0, 0, 0, 0], "is_anomalous": true, "anomaly_type": "shift", "anomaly_positions": [55, 56, 57, 58, 59, 60, 61, 62, 63, 64], "length": 100}