{"id": "anomalous_000571", "series": [52.07, 52.32, 54.86, 53.47, 50.52, 59.31, 53.64, 55.56, 57.2, 53.69, 54.82, 53.24, 52.3, 45.07, 47.34, 47.82, 45.34, 47.35, 47.7, 45.16, 47.08, 48.12, 53.8, 53.05, 49.55, 49.43, 54.17, 57.64, 57.21, 57.88, 56.6, 54.52, 57.19, 53.88, 49.26, 51.38, 47.12, 49.74, 46.62, 44.52, 49.45, 46.68, 44.61, 42.39, 44.73, 50.75, 48.43, 48.96, 51.72, 53.68, 50.88, 58.37, 50.95, 56.85, 54.82, 59.95, 54.63, 56.77, 52.55, 56.04, 51.4, 52.93, 43.89, 47.42, 44.89, 55.78, 46.58, 46.92, 46.41, 47.0, 23.62658443743188, 45.123827181894015, 32.862535399743635, 42.0863447259541, 41.424453057755144, 76.56031487775883, 58.78753032907386, 43.93319026763358, 59.102851863992846, 70.76929083441918, 28.66087910809918, 69.64386613620147, 74.8521869308041, 73.02471259524206, 70.0463146475849, 29.46356038093928, 39.916956838804154, 56.744952009182946, 69.773588368665, 49.27505650335463, 47.5, 46.38, 46.59, 43.47, 48.21, 48.36, 54.66, 53.06, 58.75, 53.12], "labels": [0, 0, 0, 0, 0, 0, 0, 0, 0, 0, 0, 0, 0, 0, 0, 0, 0, 0, 0, 0, 0, 0, 0, 0, 0, 0, 0, 0, 0, 0, 0, 0, 0, 0, 0, 0, 0, 0, 0, 0, 0, 0, 0, 0, 0, 0, 0, 0, 0, 0, 0, 0, 0, 0, 0, 0, 0, 0, 0, 0, 0, 0, 0, 0, 0, 0, 0, 0, 0, 0, 1, 1, 1, 1, 1, 1, 1, 1, 1, 1, 1, 1, 1, 1, 1, 1, 1, 1, 1, 1, 0, 0, 0, 0, 0, 0, 0, 0, 0, 0], "is_anomalous": true, "anomaly_type": "variance_change", "anomaly_positions": [70, 71, 72, 73, 74, 75, 76, 77, 78, 79, 80, 81, 82, 83, 84, 85, 86, 87, 88, 89], "length": 100}