{"id": "anomalous_000181", "series": [48.14, 46.23, 49.56, 51.43, 49.33, 51.93, 50.71, 48.74, 49.09, 47.71, 51.1, 48.29, 47.43, 47.22, 41.98, 41.74, 42.93, 41.7, 41.91, 41.94, 42.99, 41.36, 45.33, 44.38, 45.73, 49.25, 46.96, 47.17, 49.67, 52.58, 53.1, 51.79, 52.92, 48.36, 48.7, 47.82, 48.06, 43.46, 43.38, 43.61, 39.92, 40.3, 38.76, 40.09, 40.14, 42.55, 45.15, 47.04, 46.59, 44.82, 48.13, 48.24, 49.05, 49.26, 51.73, 49.38, 50.37, 49.89, 44.54, 50.59684655672448, 45.92099595077338, 47.11672846234215, 47.790063588341994, 43.71163337113961, 33.448369351377295, 41.50048293258874, 61.64762946409391, 34.01435212586208, 15.732656731522116, 57.076728515571574, 41.1930651654985, 30.40391408302188, 66.40863503087638, 44.170996900008795, 43.844686539025275, 23.895143260566446, 49.928771253868504, 60.077119458324034, 65.49506958480067, 50.67, 49.04, 47.42, 46.21, 47.19, 45.23, 43.57, 38.28, 39.21, 37.12, 39.12, 39.48, 37.36, 39.82, 41.11, 40.86, 42.01, 42.83, 44.54, 44.98, 49.02], "labels": [0, 0, 0, 0, 0, 0, 0, 0, 0, 0, 0, 0, 0, 0, 0, 0, 0, 0, 0, 0, 0, 0, 0, 0, 0, 0, 0, 0, 0, 0, 0, 0, 0, 0, 0, 0, 0, 0, 0, 0, 0, 0, 0, 0, 0, 0, 0, 0, 0, 0, 0, 0, 0, 0, 0, 0, 0, 0, 0, 1, 1, 1, 1, 1, 1, 1, 1, 1, 1, 1, 1, 1, 1, 1, 1, 1, 1, 1, 1, 0, 0, 0, 0, 0, 0, 0, 0, 0, 0, 0, 0, 0, 0, 0, 0, 0, 0, 0, 0, 0], "is_anomalous": true, "anomaly_type": "variance_change", "anomaly_positions": [59, 60, 61, 62, 63, 64, 65, 66, 67, 68, 69, 70, 71, 72, 73, 74, 75, 76, 77, 78], "length": 100}