{"id": "anomalous_000406", "series": [48.08, 52.35, 50.2, 50.96, 55.57, 53.15, 56.4, 56.09, 54.42, 52.17, 50.67, 48.87, 49.84, 45.75, 44.92, 47.36, 43.31, 45.76, 44.06, 48.01, 46.23, 45.47, 45.12, 49.38, 51.8, 52.51, 51.88, 51.33, 53.19, 55.52, 53.26, 56.7, 51.96, 52.67, 52.72, 50.97, 51.3, 48.99, 47.87, 48.15, 46.74, 45.52, 46.3, 45.87, 48.2, 46.57, 48.81, 50.01, 53.67, 52.2, 55.32, 54.63, 56.44, 54.72, 58.62, 56.0, 56.75, 53.45, 52.04, 54.65, 65.39538437860755, 56.731529433781766, 39.51682620476626, 75.85126367234867, 36.852851626106556, 37.46715034445983, 54.62361064766727, 68.29402308668224, 40.92323662697548, 44.73228929155599, 56.12185083382249, 51.69736278907212, 55.23163673935051, 42.98180354476358, 66.44458978198567, 53.79008652522445, 27.812354033584462, 55.6906558124048, 56.21781512542365, 94.3915519811867, 54.38, 56.2, 54.61, 53.24, 51.76, 49.71, 51.19, 49.87, 50.49, 46.57, 45.46, 47.01, 47.55, 48.53, 49.95, 50.39, 50.99, 53.8, 55.69, 56.76], "labels": [0, 0, 0, 0, 0, 0, 0, 0, 0, 0, 0, 0, 0, 0, 0, 0, 0, 0, 0, 0, 0, 0, 0, 0, 0, 0, 0, 0, 0, 0, 0, 0, 0, 0, 0, 0, 0, 0, 0, 0, 0, 0, 0, 0, 0, 0, 0, 0, 0, 0, 0, 0, 0, 0, 0, 0, 0, 0, 0, 0, 1, 1, 1, 1, 1, 1, 1, 1, 1, 1, 1, 1, 1, 1, 1, 1, 1, 1, 1, 1, 0, 0, 0, 0, 0, 0, 0, 0, 0, 0, 0, 0, 0, 0, 0, 0, 0, 0, 0, 0], "is_anomalous": true, "anomaly_type": "variance_change", "anomaly_positions": [60, 61, 62, 63, 64, 65, 66, 67, 68, 69, 70, 71, 72, 73, 74, 75, 76, 77, 78, 79], "length": 100}