{"id": "anomalous_000696", "series": [49.2, 51.62, 50.44, 55.89, 53.2, 56.36, 55.43, 57.0, 58.29, 52.54, 50.51, 52.63, 48.64, 50.24, 49.0, 47.69, 48.2, 44.41, 45.99, 48.04, 48.02, 47.8, 49.97, 50.19, 47.13, 54.49, 51.67, 53.95, 53.22, 55.69, 59.09, 53.6, 56.17, 53.67, 53.99, 53.44, 50.34, 48.42, 49.54, 47.25, 46.33652988336543, 49.544924090852504, 48.01977400688322, 51.32469410018679, 50.00585341881994, 54.39317223851947, 55.24671068131063, 57.94641196400552, 59.575158335709474, 65.02755035022935, 66.77488778817033, 67.6629842323135, 74.49910429217844, 66.63893018120797, 72.59486581964329, 68.5072257922817, 76.67873931431718, 79.18772198502046, 80.37279574294051, 63.86419027218952, 72.78848500286672, 65.89127913891788, 64.27608270583428, 67.35789641211387, 62.959536958538706, 80.91910389608095, 85.89391888190019, 66.04849967686735, 69.90363685619903, 68.62288443770078, 89.13186517266934, 84.48796144255975, 74.03634621343531, 95.49823169232778, 97.05062726120272, 104.53647658381522, 87.14738209934639, 90.2306889042774, 114.38399030729212, 89.24408261198874, 104.37750060181989, 79.14211258737967, 91.00036341511844, 81.60189016363206, 111.5105638674469, 86.06875910912163, 96.20830778878596, 118.96072997532477, 115.09342779696757, 80.79326496794948, 96.76826509165062, 122.04369832493273, 114.63685867557106, 88.12344051190536, 115.86446451487811, 81.58969724170086, 117.99906683934515, 101.14231210650642, 106.44707317540778, 102.45671642557889], "labels": [0, 0, 0, 0, 0, 0, 0, 0, 0, 0, 0, 0, 0, 0, 0, 0, 0, 0, 0, 0, 0, 0, 0, 0, 0, 0, 0, 0, 0, 0, 0, 0, 0, 0, 0, 0, 0, 0, 0, 1, 1, 1, 1, 1, 1, 1, 1, 1, 1, 1, 1, 1, 1, 1, 1, 1, 1, 1, 1, 1, 1, 1, 1, 1, 1, 1, 1, 1, 1, 1, 1, 1, 1, 1, 1, 1, 1, 1, 1, 1, 1, 1, 1, 1, 1, 1, 1, 1, 1, 1, 1, 1, 1, 1, 1, 1, 1, 1, 1, 1], "is_anomalous": true, "anomaly_type": "trend_change", "anomaly_positions": [39, 40, 41, 42, 43, 44, 45, 46, 47, 48, 49, 50, 51, 52, 53, 54, 55, 56, 57, 58, 59, 60, 61, 62, 63, 64, 65, 66, 67, 68, 69, 70, 71, 72, 73, 74, 75, 76, 77, 78, 79, 80, 81, 82, 83, 84, 85, 86, 87, 88, 89, 90, 91, 92, 93, 94, 95, 96, 97, 98, 99], "length": 100}