{"id": "anomalous_000300", "series": [58.49, 58.09, 56.03, 56.61, 57.86, 58.91, 57.59, 53.19, 51.92, 55.05, 53.2, 56.44, 51.23, 50.14, 59.93, 50.48, 48.61, 49.99, 50.59, 48.76, 50.85, 48.81, 46.98, 50.58, 53.74, 55.52, 56.59, 55.66, 55.99, 61.47, 60.37, 61.65, 52.0, 56.68, 53.51, 51.39, 51.14, 51.61, 48.28, 51.96, 49.65, 47.88, 47.38, 49.6, 49.48, 46.87, 48.68, 53.52, 50.69, 56.42, 53.49, 55.15, 62.87, 57.36, 57.92, 54.93, 52.33, 57.25, 50.12, 94.68051467290948, 92.37051467290948, 92.13051467290948, 83.79051467290948, 86.53051467290948, 86.23051467290948, 85.02051467290948, 84.18051467290948, 87.43051467290948, 84.12051467290948, 44.33, 46.83, 48.77, 52.47, 54.67, 53.55, 48.25, 56.41, 53.15, 50.27, 53.82, 50.88, 53.2, 54.42, 54.36, 45.71, 47.66, 51.13, 45.32, 51.77, 42.79, 42.01, 46.57, 44.98, 45.95, 51.48, 49.22, 46.04, 50.35, 48.5, 53.77], "labels": [0, 0, 0, 0, 0, 0, 0, 0, 0, 0, 0, 0, 0, 0, 0, 0, 0, 0, 0, 0, 0, 0, 0, 0, 0, 0, 0, 0, 0, 0, 0, 0, 0, 0, 0, 0, 0, 0, 0, 0, 0, 0, 0, 0, 0, 0, 0, 0, 0, 0, 0, 0, 0, 0, 0, 0, 0, 0, 0, 1, 1, 1, 1, 1, 1, 1, 1, 1, 1, 0, 0, 0, 0, 0, 0, 0, 0, 0, 0, 0, 0, 0, 0, 0, 0, 0, 0, 0, 0, 0, 0, 0, 0, 0, 0, 0, 0, 0, 0, 0], "is_anomalous": true, "anomaly_type": "shift", "anomaly_positions": [59, 60, 61, 62, 63, 64, 65, 66, 67, 68], "length": 100}