{"id": "anomalous_000668", "series": [50.34, 54.26, 55.4, 56.48, 57.73, 55.67, 57.86, 58.78, 56.01, 56.58, 52.27, 53.09, 50.52, 50.27, 50.49, 50.91, 49.38, 46.05, 45.18, 47.03, 47.0, 50.2, 48.32, 48.0, 54.06, 52.65, 54.18, 55.93, 55.99, 57.5, 57.32, 57.73, 56.8, 56.5, 19.16413757309771, 15.124137573097713, 14.324137573097708, 13.964137573097709, 12.184137573097708, 11.834137573097713, 11.434137573097708, 7.874137573097713, 6.454137573097711, 10.184137573097708, 45.59, 47.27, 49.03, 49.98, 52.33, 53.39, 53.35, 55.18, 54.95, 56.1, 55.84, 56.83, 55.51, 53.76, 51.6, 51.85, 50.6, 46.69, 48.28, 45.76, 46.4, 44.6, 44.62, 45.6, 46.16, 48.09, 46.33, 46.72, 49.89, 53.27, 54.24, 55.07, 57.85, 56.64, 53.52, 53.78, 53.76, 55.64, 52.56, 51.02, 47.76, 47.98, 49.32, 44.36, 44.35, 43.91, 42.93, 45.52, 45.41, 43.03, 47.46, 46.79, 50.38, 49.18, 51.32, 54.57], "labels": [0, 0, 0, 0, 0, 0, 0, 0, 0, 0, 0, 0, 0, 0, 0, 0, 0, 0, 0, 0, 0, 0, 0, 0, 0, 0, 0, 0, 0, 0, 0, 0, 0, 0, 1, 1, 1, 1, 1, 1, 1, 1, 1, 1, 0, 0, 0, 0, 0, 0, 0, 0, 0, 0, 0, 0, 0, 0, 0, 0, 0, 0, 0, 0, 0, 0, 0, 0, 0, 0, 0, 0, 0, 0, 0, 0, 0, 0, 0, 0, 0, 0, 0, 0, 0, 0, 0, 0, 0, 0, 0, 0, 0, 0, 0, 0, 0, 0, 0, 0], "is_anomalous": true, "anomaly_type": "shift", "anomaly_positions": [34, 35, 36, 37, 38, 39, 40, 41, 42, 43], "length": 100}