{"id": "anomalous_000426", "series": [51.21, 51.76, 53.05, 54.53, 52.61, 53.39, 54.62, 54.62, 53.37, 53.89, 52.2, 52.31, 49.93, 46.76, 48.63, 47.86, 47.82, 47.05, 45.26, 44.25, 47.95, 46.66, 45.67, 49.51, 50.8, 51.65, 53.41, 54.13, 56.7, 55.15, 56.89, 56.5, 54.83, 78.67258332347643, 77.72258332347643, 75.57258332347644, 75.95258332347643, 74.06258332347643, 74.52258332347643, 71.23258332347643, 71.78258332347643, 70.98258332347643, 71.15258332347642, 47.26, 48.97, 49.13, 48.84, 50.66, 51.72, 54.03, 57.01, 56.18, 58.32, 56.16, 56.03, 56.44, 57.49, 54.95, 54.92, 52.76, 52.96, 49.72, 48.85, 47.73, 48.11, 47.67, 46.08, 47.95, 48.62, 48.88, 51.16, 53.01, 52.72, 55.47, 56.09, 57.47, 56.39, 57.62, 57.25, 58.2, 58.51, 55.37, 54.34, 54.37, 54.65, 52.55, 49.94, 49.45, 49.93, 48.64, 47.53, 49.05, 50.02, 49.47, 50.72, 54.03, 56.55, 55.17, 56.89, 56.51], "labels": [0, 0, 0, 0, 0, 0, 0, 0, 0, 0, 0, 0, 0, 0, 0, 0, 0, 0, 0, 0, 0, 0, 0, 0, 0, 0, 0, 0, 0, 0, 0, 0, 0, 1, 1, 1, 1, 1, 1, 1, 1, 1, 1, 0, 0, 0, 0, 0, 0, 0, 0, 0, 0, 0, 0, 0, 0, 0, 0, 0, 0, 0, 0, 0, 0, 0, 0, 0, 0, 0, 0, 0, 0, 0, 0, 0, 0, 0, 0, 0, 0, 0, 0, 0, 0, 0, 0, 0, 0, 0, 0, 0, 0, 0, 0, 0, 0, 0, 0, 0], "is_anomalous": true, "anomaly_type": "shift", "anomaly_positions": [33, 34, 35, 36, 37, 38, 39, 40, 41, 42], "length": 100}