{"id": "anomalous_000287", "series": [48.04, 53.46, 57.99, 49.82, 58.78, 55.25, 63.11, 60.53, 48.17, 55.82, 54.76, 48.67, 51.78, 48.19, 56.3, 47.3, 50.99, 46.04, 46.76, 42.49, 45.95, 45.89, 48.67, 50.01, 55.91, 50.42, 53.47, 54.05, 50.86, 55.85, 51.59, 54.54, 55.63, 57.12, 51.71, 54.75, 80.83853217887584, 86.63853217887583, 80.16853217887584, 75.07853217887583, 80.13853217887583, 79.65853217887584, 84.66853217887584, 78.31853217887584, 81.59853217887584, 80.05853217887584, 50.02, 48.34, 53.33, 46.45, 53.33, 52.98, 51.76, 59.07, 53.77, 59.16, 54.03, 53.42, 50.6, 49.75, 51.43, 51.14, 44.37, 46.03, 44.54, 41.86, 40.6, 41.67, 45.28, 46.15, 50.35, 48.03, 44.52, 53.7, 55.19, 51.21, 53.11, 53.84, 51.68, 49.93, 55.3, 54.6, 53.59, 47.18, 50.31, 43.45, 47.1, 43.49, 40.13, 47.05, 41.39, 43.75, 42.07, 42.24, 49.37, 48.43, 48.5, 54.36, 51.7, 49.44], "labels": [0, 0, 0, 0, 0, 0, 0, 0, 0, 0, 0, 0, 0, 0, 0, 0, 0, 0, 0, 0, 0, 0, 0, 0, 0, 0, 0, 0, 0, 0, 0, 0, 0, 0, 0, 0, 1, 1, 1, 1, 1, 1, 1, 1, 1, 1, 0, 0, 0, 0, 0, 0, 0, 0, 0, 0, 0, 0, 0, 0, 0, 0, 0, 0, 0, 0, 0, 0, 0, 0, 0, 0, 0, 0, 0, 0, 0, 0, 0, 0, 0, 0, 0, 0, 0, 0, 0, 0, 0, 0, 0, 0, 0, 0, 0, 0, 0, 0, 0, 0], "is_anomalous": true, "anomaly_type": "shift", "anomaly_positions": [36, 37, 38, 39, 40, 41, 42, 43, 44, 45], "length": 100}