{"id": "anomalous_000060", "series": [56.87, 56.15, 55.74, 58.17, 59.58, 56.97, 59.57, 60.48, 56.45, 56.12, 58.55, 56.21, 55.39, 51.84, 51.02, 48.49, 51.38, 48.25, 51.3, 50.36, 53.02, 49.0, 51.51, 50.87, 53.97, 54.06, 56.84, 60.42, 59.27, 58.23, 60.34, 61.02, 61.63, 58.24, 57.26, 54.8, 53.47, 57.59514591000789, 55.86210226272692, 50.39316675554366, 55.21257135437091, 53.880955953227954, 53.012443525871454, 54.390276678782165, 54.82520278792677, 54.733803279490274, 57.694237241768576, 62.59343818422069, 64.0019212099266, 75.26732810097887, 72.96897162640968, 74.19973307417801, 74.42305801470434, 81.81620761660893, 79.07381629195166, 69.55959571869485, 72.8404854136843, 69.4243265427615, 84.14452695065272, 87.69551285282574, 81.43125228959958, 83.56215520662018, 80.99697383648679, 81.71291829516207, 65.57085015056282, 68.68308253801732, 68.95687418117508, 69.92033128837681, 86.1853421783312, 84.85211940130226, 103.818764016016, 91.57496628506237, 79.31478817626154, 105.69556315696543, 84.68252172880464, 87.58786225761038, 103.38542171220486, 96.15057582439208, 89.08460908243708, 96.85660589764385, 82.98963798255673, 117.80565007069214, 94.3333148316007, 113.53877942476817, 101.99813388966506, 112.81670946316808, 108.03306737797456, 124.90263492877796, 125.96065338668734, 106.12392032897824, 124.05882965704282, 117.36981174529828, 105.10369478001138, 111.28717481422416, 87.01351369014262, 135.976504110567, 103.96586154870386, 91.50393709784242, 102.58456077573734, 112.88947158304072], "labels": [0, 0, 0, 0, 0, 0, 0, 0, 0, 0, 0, 0, 0, 0, 0, 0, 0, 0, 0, 0, 0, 0, 0, 0, 0, 0, 0, 0, 0, 0, 0, 0, 0, 0, 0, 0, 1, 1, 1, 1, 1, 1, 1, 1, 1, 1, 1, 1, 1, 1, 1, 1, 1, 1, 1, 1, 1, 1, 1, 1, 1, 1, 1, 1, 1, 1, 1, 1, 1, 1, 1, 1, 1, 1, 1, 1, 1, 1, 1, 1, 1, 1, 1, 1, 1, 1, 1, 1, 1, 1, 1, 1, 1, 1, 1, 1, 1, 1, 1, 1], "is_anomalous": true, "anomaly_type": "trend_change", "anomaly_positions": [36, 37, 38, 39, 40, 41, 42, 43, 44, 45, 46, 47, 48, 49, 50, 51, 52, 53, 54, 55, 56, 57, 58, 59, 60, 61, 62, 63, 64, 65, 66, 67, 68, 69, 70, 71, 72, 73, 74, 75, 76, 77, 78, 79, 80, 81, 82, 83, 84, 85, 86, 87, 88, 89, 90, 91, 92, 93, 94, 95, 96, 97, 98, 99], "length": 100}