{"id": "anomalous_000440", "series": [46.87, 48.28, 49.61, 51.09, 51.07, 51.98, 52.58, 52.87, 52.07, 49.18, 48.72, 47.26, 48.45, 46.93, 46.21, 43.25, 43.36, 42.74, 42.03, 45.19, 42.57, 42.45, 43.87, 46.07, 47.75, 49.32, 48.75, 51.46, 49.45, 51.33, 51.79, 51.12, 52.2, 50.8, 49.73, 48.06, 47.13, 47.45, 44.7, 43.08, 41.12, 38.24, 42.52, 41.8, 41.86, 44.53, 44.39, 45.33, 20.81841951923778, 47.86249202536917, 46.90913310626418, 47.79738667876966, 78.0700163825439, 33.240787029640295, 46.060680265823606, 55.559957242750365, 35.403087189006456, 55.40854354472869, 24.00828652541888, 46.199385596083545, 63.50434477517085, 36.68114367328771, 49.13844122477324, 74.74727127727913, -4.907368223062548, 31.826446091654198, 31.264865177815892, 28.873419024908518, 42.44, 43.92, 45.41, 46.65, 47.77, 48.57, 48.44, 49.16, 51.72, 52.17, 50.65, 52.56, 50.6, 52.04, 47.14, 48.64, 45.85, 45.76, 44.63, 43.15, 40.53, 40.18, 40.32, 42.07, 40.56, 42.14, 45.34, 45.17, 44.22, 47.0, 48.64, 48.71], "labels": [0, 0, 0, 0, 0, 0, 0, 0, 0, 0, 0, 0, 0, 0, 0, 0, 0, 0, 0, 0, 0, 0, 0, 0, 0, 0, 0, 0, 0, 0, 0, 0, 0, 0, 0, 0, 0, 0, 0, 0, 0, 0, 0, 0, 0, 0, 0, 0, 1, 1, 1, 1, 1, 1, 1, 1, 1, 1, 1, 1, 1, 1, 1, 1, 1, 1, 1, 1, 0, 0, 0, 0, 0, 0, 0, 0, 0, 0, 0, 0, 0, 0, 0, 0, 0, 0, 0, 0, 0, 0, 0, 0, 0, 0, 0, 0, 0, 0, 0, 0], "is_anomalous": true, "anomaly_type": "variance_change", "anomaly_positions": [48, 49, 50, 51, 52, 53, 54, 55, 56, 57, 58, 59, 60, 61, 62, 63, 64, 65, 66, 67], "length": 100}