{"id": "anomalous_000759", "series": [53.49, 51.2, 55.16, 57.28, 58.08, 55.66, 56.14, 56.1, 56.85, 56.46, 54.51, 53.71, 50.05, 54.09, 50.24, 49.38, 47.26, 44.71, 46.39, 47.43, 42.26, 51.71, 47.54, 50.53, 52.1, 56.01, 52.67, 55.7, 56.44, 57.32, 59.57, 55.07, 59.47, 57.23, 56.328148779161246, 56.578743015613625, 57.84449589437358, 51.68941779520125, 57.396089343739696, 53.67029897536855, 57.312633395910744, 54.65356527852627, 60.76534979781917, 61.02577432007793, 57.84469530909263, 63.50213186634313, 60.117288704453195, 67.34831403106551, 61.10186233197543, 62.53562319545565, 62.440113420034805, 72.33804034215962, 82.81058798667209, 82.27296438041625, 83.90304021086433, 69.47452573801124, 67.45956692560262, 75.92949748009484, 87.03463672715156, 83.81312265895622, 84.90216792193294, 83.73914720115211, 74.12260571724764, 62.507958469998044, 59.75839805241063, 65.47253027522403, 85.76245807114438, 78.93611907929176, 80.41889961993738, 91.9873971563973, 76.64463044926485, 93.89338066084684, 84.31852647736059, 103.77824131513987, 98.81258996533938, 113.53902992965678, 105.56407774047494, 106.87806628843653, 105.48644614561437, 103.79451646828214, 123.10340991138487, 95.24311260057013, 118.79121648728473, 122.88950485681775, 75.16756435370178, 78.60728057383494, 74.12883029552583, 124.51380082794924, 73.4155069440581, 96.32682957445944, 125.11854355605084, 94.43137200529934, 97.09757896560862, 119.1227223520047, 115.58844302436447, 131.91321302511207, 110.9733162818079, 132.2284873189374, 140.13629657767268, 124.83515982656286], "labels": [0, 0, 0, 0, 0, 0, 0, 0, 0, 0, 0, 0, 0, 0, 0, 0, 0, 0, 0, 0, 0, 0, 0, 0, 0, 0, 0, 0, 0, 0, 0, 0, 0, 1, 1, 1, 1, 1, 1, 1, 1, 1, 1, 1, 1, 1, 1, 1, 1, 1, 1, 1, 1, 1, 1, 1, 1, 1, 1, 1, 1, 1, 1, 1, 1, 1, 1, 1, 1, 1, 1, 1, 1, 1, 1, 1, 1, 1, 1, 1, 1, 1, 1, 1, 1, 1, 1, 1, 1, 1, 1, 1, 1, 1, 1, 1, 1, 1, 1, 1], "is_anomalous": true, "anomaly_type": "trend_change", "anomaly_positions": [33, 34, 35, 36, 37, 38, 39, 40, 41, 42, 43, 44, 45, 46, 47, 48, 49, 50, 51, 52, 53, 54, 55, 56, 57, 58, 59, 60, 61, 62, 63, 64, 65, 66, 67, 68, 69, 70, 71, 72, 73, 74, 75, 76, 77, 78, 79, 80, 81, 82, 83, 84, 85, 86, 87, 88, 89, 90, 91, 92, 93, 94, 95, 96, 97, 98, 99], "length": 100}