{"id": "anomalous_000356", "series": [51.86, 54.61, 50.65, 54.28, 49.57, 54.59, 54.72, 53.04, 50.58, 52.49, 50.24, 52.74, 49.24, 49.04, 44.69, 43.29, 48.55, 44.8, 46.98, 43.44, 44.58, 48.49, 46.68, 52.35, 51.78, 48.26, 51.72, 53.35, 52.92, 55.53, 57.67, 54.26, 57.32, 52.58, 52.5, 56.87, 41.22368812531227, 54.594640585505545, 55.58516864462541, 54.26825706994406, 40.45156178446084, 31.954500136130626, 35.928961478189684, 38.44387004563491, 14.976469461170645, 20.569024132055084, 38.90978425252438, 36.584564118934736, 71.66560007714503, 42.33172489880259, 67.5677095600666, 30.53794484131291, 78.71108529252604, 47.663567100708526, 42.160201239940974, 50.16073517788975, 53.69, 53.99, 53.37, 47.58, 47.32, 43.48, 48.97, 49.4, 47.37, 44.95, 44.51, 48.95, 41.79, 45.26, 51.52, 39.94, 50.66, 49.23, 53.42, 51.31, 49.41, 49.86, 57.7, 47.1, 52.69, 53.65, 54.05, 51.78, 48.92, 43.77, 49.17, 42.55, 41.38, 48.17, 48.26, 43.84, 45.98, 44.34, 44.52, 50.85, 46.84, 52.62, 49.18, 52.82], "labels": [0, 0, 0, 0, 0, 0, 0, 0, 0, 0, 0, 0, 0, 0, 0, 0, 0, 0, 0, 0, 0, 0, 0, 0, 0, 0, 0, 0, 0, 0, 0, 0, 0, 0, 0, 0, 1, 1, 1, 1, 1, 1, 1, 1, 1, 1, 1, 1, 1, 1, 1, 1, 1, 1, 1, 1, 0, 0, 0, 0, 0, 0, 0, 0, 0, 0, 0, 0, 0, 0, 0, 0, 0, 0, 0, 0, 0, 0, 0, 0, 0, 0, 0, 0, 0, 0, 0, 0, 0, 0, 0, 0, 0, 0, 0, 0, 0, 0, 0, 0], "is_anomalous": true, "anomaly_type": "variance_change", "anomaly_positions": [36, 37, 38, 39, 40, 41, 42, 43, 44, 45, 46, 47, 48, 49, 50, 51, 52, 53, 54, 55], "length": 100}