{"id": "anomalous_000030", "series": [48.35, 51.74, 50.99, 53.18, 51.23, 54.27, 56.27, 53.23, 54.31, 52.82, 52.48, 50.62, 50.23, 46.85, 45.35, 44.99, 47.05, 46.21, 45.94, 43.98, 46.16, 46.81, 45.71, 47.75, 49.88, 50.55, 53.0, 54.19, 51.84, 54.82, 55.18, 55.03, 52.55, 83.42830510568072, 51.43203891139708, 46.5185610106284, 30.317871124489645, 83.05557850954119, 27.930326619670907, 31.942105060728508, 46.25433997413091, 54.965482783895936, 25.976494147149015, 48.998921116179616, 52.937941359654275, 30.69161929423715, 43.603963524548234, 54.499820760369566, 70.1349464828097, 45.39178954805022, 60.21587704719526, 55.07889986899051, 50.081081530130845, 55.21, 55.09, 55.39, 54.08, 54.27, 53.77, 51.44, 50.24, 50.16, 48.44, 48.36, 45.71, 47.8, 45.68, 47.33, 46.32, 45.9, 46.3, 50.37, 50.94, 50.83, 51.02, 53.35, 57.63, 55.33, 56.96, 54.7, 56.18, 56.0, 53.26, 55.15, 51.66, 49.6, 49.4, 47.22, 45.69, 46.89, 46.67, 47.21, 46.22, 46.96, 49.01, 49.53, 51.26, 51.47, 54.45, 54.83], "labels": [0, 0, 0, 0, 0, 0, 0, 0, 0, 0, 0, 0, 0, 0, 0, 0, 0, 0, 0, 0, 0, 0, 0, 0, 0, 0, 0, 0, 0, 0, 0, 0, 0, 1, 1, 1, 1, 1, 1, 1, 1, 1, 1, 1, 1, 1, 1, 1, 1, 1, 1, 1, 1, 0, 0, 0, 0, 0, 0, 0, 0, 0, 0, 0, 0, 0, 0, 0, 0, 0, 0, 0, 0, 0, 0, 0, 0, 0, 0, 0, 0, 0, 0, 0, 0, 0, 0, 0, 0, 0, 0, 0, 0, 0, 0, 0, 0, 0, 0, 0], "is_anomalous": true, "anomaly_type": "variance_change", "anomaly_positions": [33, 34, 35, 36, 37, 38, 39, 40, 41, 42, 43, 44, 45, 46, 47, 48, 49, 50, 51, 52], "length": 100}