{"id": "anomalous_000073", "series": [54.13, 54.7, 53.73, 57.27, 56.88, 57.95, 58.53, 57.01, 58.65, 54.75, 53.55, 56.45, 52.8, 50.79, 49.75, 48.77, 50.69, 48.51, 47.24, 48.19, 48.32, 50.17, 50.64, 50.14, 51.83, 54.34, 54.09, 56.33, 57.51, 58.38, 57.06, 57.39, 59.23, 56.39, 59.78322032909217, 72.6991518356516, 51.97901077238289, 67.65404285710005, 52.22128055316643, 50.97928854233161, 62.60235603683592, 55.46632704619415, 20.55770252226142, 57.020879808914415, 49.635481088649, 47.73733364715041, 30.7505931612086, 63.653492519684924, 49.897595069053345, 40.97085608756909, 77.32943988408351, 48.40013484363731, 42.5886137934403, 69.28267860987559, 57.6, 57.49, 57.72, 56.16, 54.23, 52.42, 53.37, 50.76, 50.56, 48.94, 49.55, 50.4, 48.88, 48.82, 45.82, 48.47, 49.88, 51.12, 54.33, 55.31, 55.7, 58.55, 55.77, 56.22, 59.97, 57.36, 57.08, 57.17, 55.21, 53.98, 53.93, 50.26, 51.65, 48.8, 49.35, 46.4, 49.58, 49.97, 48.49, 52.09, 48.05, 50.69, 53.3, 54.63, 54.57, 55.98], "labels": [0, 0, 0, 0, 0, 0, 0, 0, 0, 0, 0, 0, 0, 0, 0, 0, 0, 0, 0, 0, 0, 0, 0, 0, 0, 0, 0, 0, 0, 0, 0, 0, 0, 0, 1, 1, 1, 1, 1, 1, 1, 1, 1, 1, 1, 1, 1, 1, 1, 1, 1, 1, 1, 1, 0, 0, 0, 0, 0, 0, 0, 0, 0, 0, 0, 0, 0, 0, 0, 0, 0, 0, 0, 0, 0, 0, 0, 0, 0, 0, 0, 0, 0, 0, 0, 0, 0, 0, 0, 0, 0, 0, 0, 0, 0, 0, 0, 0, 0, 0], "is_anomalous": true, "anomaly_type": "variance_change", "anomaly_positions": [34, 35, 36, 37, 38, 39, 40, 41, 42, 43, 44, 45, 46, 47, 48, 49, 50, 51, 52, 53], "length": 100}