{"id": "anomalous_000229", "series": [47.55, 51.16, 51.08, 47.81, 52.83, 53.35, 51.36, 52.43, 54.54, 51.91, 49.65, 49.83, 49.27, 46.5, 45.01, 41.64, 44.32, 42.87, 41.93, 42.12, 46.04, 47.13, 44.33, 48.49, 46.98, 47.21, 51.86, 53.55, 54.73, 53.23, 50.85, 53.44, 53.62, 50.94, 53.95, 46.94, 52.39, 44.53, 43.48, 42.09, 41.03, 39.68, 45.07, 43.03, 40.27, 44.05, 42.49, 41.2, 45.57, 43.34, 51.54, 49.73926464382195, 51.65779124734814, 55.452787228511575, 53.77936668938443, 56.94783680473944, 57.813587324859405, 54.852328576553234, 63.510268564360274, 54.07412402538475, 56.772207251275134, 61.51086526138481, 56.48522701466248, 54.245866204577446, 55.12955287616411, 47.85800842122411, 56.975165715754855, 67.6268857910192, 68.73573444535019, 69.40509470707038, 54.80113391444809, 61.56812531976374, 59.03732975719638, 82.67301931297231, 76.43337258739209, 74.84927553752006, 64.13210299729727, 88.71600212817017, 64.66268369535817, 70.39123678833221, 65.25102739368924, 70.1948360951617, 83.87769511813346, 61.17159733173128, 94.48796890701549, 84.5131339942598, 78.17293641922808, 92.55444344891407, 80.06068216922269, 88.39805882126143, 62.19990623663135, 97.77651923380677, 103.61056329659458, 100.47348142734546, 82.22850962482589, 86.92730301757788, 104.73394222807656, 84.83052632879047, 72.79068462917849, 72.49316781294281], "labels": [0, 0, 0, 0, 0, 0, 0, 0, 0, 0, 0, 0, 0, 0, 0, 0, 0, 0, 0, 0, 0, 0, 0, 0, 0, 0, 0, 0, 0, 0, 0, 0, 0, 0, 0, 0, 0, 0, 0, 0, 0, 0, 0, 0, 0, 0, 0, 0, 0, 0, 1, 1, 1, 1, 1, 1, 1, 1, 1, 1, 1, 1, 1, 1, 1, 1, 1, 1, 1, 1, 1, 1, 1, 1, 1, 1, 1, 1, 1, 1, 1, 1, 1, 1, 1, 1, 1, 1, 1, 1, 1, 1, 1, 1, 1, 1, 1, 1, 1, 1], "is_anomalous": true, "anomaly_type": "trend_change", "anomaly_positions": [50, 51, 52, 53, 54, 55, 56, 57, 58, 59, 60, 61, 62, 63, 64, 65, 66, 67, 68, 69, 70, 71, 72, 73, 74, 75, 76, 77, 78, 79, 80, 81, 82, 83, 84, 85, 86, 87, 88, 89, 90, 91, 92, 93, 94, 95, 96, 97, 98, 99], "length": 100}