{"id": "anomalous_000684", "series": [54.79, 56.6, 57.75, 57.19, 58.26, 60.13, 58.69, 59.81, 57.05, 56.47, 54.56, 54.84, 51.01, 51.74, 54.23, 50.86, 50.34, 54.62, 46.67, 51.45, 51.55, 52.9, 52.29, 50.92, 54.36, 56.7, 55.63, 54.87, 59.11, 60.69, 59.05, 61.55, 58.3, 57.19, 53.66, 57.51, 57.09, 54.0, 52.1, 50.58, 50.63, 50.56, 49.37, 48.83, 48.79, 46.69, 51.56, 55.96, 55.8, 55.92, 54.52, 59.28, 57.18, 56.18, 59.04, 58.68, 58.46, 56.0, 59.48, 54.47, 54.92, 53.22, 48.97, 51.27, 47.49, 48.0, 46.56, 47.11, 48.0, 29.08739851980518, 86.68491022742413, 61.89630189698231, 34.696938134298804, 65.65722442988368, 71.10981180155872, 39.732993373696054, 78.11910197614029, 50.502570512967246, 61.12953322353279, 77.03897061294026, 66.54362078318728, 28.877244591994977, 69.49283604946157, 62.089749820194115, 34.05598127705423, 38.97533771538898, 74.35379581551905, 78.31752113887225, 43.254276654542196, 48.99, 46.83, 48.83, 46.72, 51.41, 50.13, 52.08, 51.19, 58.16, 55.59, 58.58], "labels": [0, 0, 0, 0, 0, 0, 0, 0, 0, 0, 0, 0, 0, 0, 0, 0, 0, 0, 0, 0, 0, 0, 0, 0, 0, 0, 0, 0, 0, 0, 0, 0, 0, 0, 0, 0, 0, 0, 0, 0, 0, 0, 0, 0, 0, 0, 0, 0, 0, 0, 0, 0, 0, 0, 0, 0, 0, 0, 0, 0, 0, 0, 0, 0, 0, 0, 0, 0, 0, 1, 1, 1, 1, 1, 1, 1, 1, 1, 1, 1, 1, 1, 1, 1, 1, 1, 1, 1, 1, 0, 0, 0, 0, 0, 0, 0, 0, 0, 0, 0], "is_anomalous": true, "anomaly_type": "variance_change", "anomaly_positions": [69, 70, 71, 72, 73, 74, 75, 76, 77, 78, 79, 80, 81, 82, 83, 84, 85, 86, 87, 88], "length": 100}