{"id": "anomalous_000794", "series": [45.94, 53.83, 52.15, 55.33, 55.56, 50.18, 58.61, 53.4, 51.34, 51.51, 54.26, 49.59, 52.47, 46.55, 43.61, 44.05, 46.87, 44.04, 43.48, 43.54, 47.33, 43.73, 49.67, 52.24, 47.93, 52.95, 51.28, 50.38, 55.11, 55.9, 53.64, 55.03, 58.3416753657955, 59.01587998454349, 55.357117170881764, 53.54734698538728, 55.75194391285199, 57.05899045446685, 50.1835808193552, 56.113460847770384, 51.0642379728503, 58.822312880074534, 57.27549199730661, 58.24273140823917, 66.5313954983971, 62.56057820737036, 67.59096441148063, 70.39238336398199, 65.06271656680644, 59.86779885036683, 64.96142684577762, 68.17743897850015, 79.91111067767858, 71.74219702959647, 75.08236250093852, 78.99995261271698, 73.43507647630068, 75.79889405347035, 69.36817807223971, 67.55632493343626, 90.74154916038164, 67.6113313833626, 71.85800402992645, 64.93630320479458, 63.057372292227356, 66.47410801043381, 80.39086336742997, 75.6863475826163, 68.80430271876749, 99.65016117186266, 82.45444728488914, 75.43365853908242, 91.33412536805513, 97.8367239032516, 100.90407597740017, 115.1061184205044, 94.56476201572991, 93.79334910072794, 120.90373630925205, 90.12419990712861, 84.86544769310419, 123.04242418446961, 79.10298041148708, 84.20817127257445, 78.94853332401748, 121.97869520913582, 117.65272031391109, 92.94056603346434, 74.96616939891051, 101.7910051254193, 81.22443225791463, 81.86378413204075, 103.33877666570326, 77.53399288692165, 93.72715150314257, 107.85741313107508, 115.19715213887568, 142.99392037180436, 99.7815584707247, 120.68905875437693], "labels": [0, 0, 0, 0, 0, 0, 0, 0, 0, 0, 0, 0, 0, 0, 0, 0, 0, 0, 0, 0, 0, 0, 0, 0, 0, 0, 0, 0, 0, 0, 0, 1, 1, 1, 1, 1, 1, 1, 1, 1, 1, 1, 1, 1, 1, 1, 1, 1, 1, 1, 1, 1, 1, 1, 1, 1, 1, 1, 1, 1, 1, 1, 1, 1, 1, 1, 1, 1, 1, 1, 1, 1, 1, 1, 1, 1, 1, 1, 1, 1, 1, 1, 1, 1, 1, 1, 1, 1, 1, 1, 1, 1, 1, 1, 1, 1, 1, 1, 1, 1], "is_anomalous": true, "anomaly_type": "trend_change", "anomaly_positions": [31, 32, 33, 34, 35, 36, 37, 38, 39, 40, 41, 42, 43, 44, 45, 46, 47, 48, 49, 50, 51, 52, 53, 54, 55, 56, 57, 58, 59, 60, 61, 62, 63, 64, 65, 66, 67, 68, 69, 70, 71, 72, 73, 74, 75, 76, 77, 78, 79, 80, 81, 82, 83, 84, 85, 86, 87, 88, 89, 90, 91, 92, 93, 94, 95, 96, 97, 98, 99], "length": 100}