{"id": "anomalous_000624", "series": [46.47, 45.1, 47.5, 49.85, 49.63, 52.0, 49.45, 49.66, 52.02, 46.29, 50.15, 49.23, 45.78, 41.32, 42.66, 44.45, 42.74, 35.93, 41.15, 42.88, 38.71, 45.2, 43.24, 46.39, 43.04, 48.62, 49.04, 49.59, 48.89, 49.95, 48.03, 47.23, 48.67, 50.44, 48.71, 52.71, 45.08, 45.24, 43.53, 44.36, 38.07, 37.34, 45.21, 38.54, 42.04, 39.84, 44.32, 41.4, 46.09, 43.59, 43.35, 50.66, 48.96, 33.162178744280524, 47.132665464411765, 35.67506376349789, 50.514564728932356, 59.49978300299111, 42.73275335130887, 32.76976544516771, 52.133781053498815, 42.91132448704203, 39.24386803392179, 45.31711399022683, 52.20041085349551, 53.76089340336946, 28.172649600549086, 24.94376750516659, 21.903696814017756, 40.83980832124753, 45.47110910969297, 17.39272525152702, 56.73131333751356, 50.01, 43.97, 47.95, 53.1, 47.62, 48.1, 46.33, 48.23, 48.1, 44.27, 45.56, 43.94, 46.9, 38.59, 38.64, 39.85, 41.6, 39.42, 39.69, 37.97, 40.73, 42.51, 43.42, 44.52, 45.27, 47.31, 51.03], "labels": [0, 0, 0, 0, 0, 0, 0, 0, 0, 0, 0, 0, 0, 0, 0, 0, 0, 0, 0, 0, 0, 0, 0, 0, 0, 0, 0, 0, 0, 0, 0, 0, 0, 0, 0, 0, 0, 0, 0, 0, 0, 0, 0, 0, 0, 0, 0, 0, 0, 0, 0, 0, 0, 1, 1, 1, 1, 1, 1, 1, 1, 1, 1, 1, 1, 1, 1, 1, 1, 1, 1, 1, 1, 0, 0, 0, 0, 0, 0, 0, 0, 0, 0, 0, 0, 0, 0, 0, 0, 0, 0, 0, 0, 0, 0, 0, 0, 0, 0, 0], "is_anomalous": true, "anomaly_type": "variance_change", "anomaly_positions": [53, 54, 55, 56, 57, 58, 59, 60, 61, 62, 63, 64, 65, 66, 67, 68, 69, 70, 71, 72], "length": 100}