{"id": "anomalous_000501", "series": [51.09, 55.05, 51.96, 52.8, 54.5, 55.93, 57.9, 57.38, 54.82, 52.34, 49.52, 53.12, 52.14, 50.62, 50.24, 45.52, 45.09, 48.28, 40.96, 46.23, 46.14, 46.1, 46.28, 46.65, 53.82, 46.22, 51.75, 53.15, 55.59, 53.91, 56.71, 54.06, 53.48, 53.0, 51.19, 49.75, 47.31, 49.43, 50.18, 45.46, 46.05, 45.4, 43.86, 45.21, 45.16, 49.5, 50.03, 49.0892381979408, 51.5205289024747, 55.930071418099686, 56.81577988634708, 56.378669632712175, 60.10181165668486, 60.954611556168295, 63.613751122377934, 59.42039055282577, 58.86905812363226, 65.1422893748796, 65.57098024983978, 61.434535910498326, 63.09911179638624, 60.43565639244543, 58.03310135863674, 69.53547485586421, 63.52382653356738, 56.779900691954595, 68.06936780656903, 57.74950325206601, 71.29828684571362, 59.597090953392595, 62.35292596803471, 67.02199557722136, 64.20928429101754, 79.92698967165275, 71.75701751603364, 71.62097186896263, 79.16820697705978, 80.02817149839316, 94.31713048631336, 100.83159299888283, 73.81555795353327, 95.53714924596107, 82.83429925141768, 98.96576734079032, 74.9807777880505, 85.52771470318388, 99.7658507695495, 104.86692511411997, 72.10700998305161, 104.3868621968156, 82.19532893077707, 92.7885081916036, 105.95099722715952, 96.98318463148033, 109.65716684836858, 100.12017737565876, 100.04920599415968, 127.42443503075054, 128.21890998302345, 97.23614820860081], "labels": [0, 0, 0, 0, 0, 0, 0, 0, 0, 0, 0, 0, 0, 0, 0, 0, 0, 0, 0, 0, 0, 0, 0, 0, 0, 0, 0, 0, 0, 0, 0, 0, 0, 0, 0, 0, 0, 0, 0, 0, 0, 0, 0, 0, 0, 0, 1, 1, 1, 1, 1, 1, 1, 1, 1, 1, 1, 1, 1, 1, 1, 1, 1, 1, 1, 1, 1, 1, 1, 1, 1, 1, 1, 1, 1, 1, 1, 1, 1, 1, 1, 1, 1, 1, 1, 1, 1, 1, 1, 1, 1, 1, 1, 1, 1, 1, 1, 1, 1, 1], "is_anomalous": true, "anomaly_type": "trend_change", "anomaly_positions": [46, 47, 48, 49, 50, 51, 52, 53, 54, 55, 56, 57, 58, 59, 60, 61, 62, 63, 64, 65, 66, 67, 68, 69, 70, 71, 72, 73, 74, 75, 76, 77, 78, 79, 80, 81, 82, 83, 84, 85, 86, 87, 88, 89, 90, 91, 92, 93, 94, 95, 96, 97, 98, 99], "length": 100}