{"id": "anomalous_000704", "series": [53.88, 55.44, 59.32, 58.58, 60.03, 62.98, 60.9, 55.6, 58.9, 55.12, 53.77, 48.62, 54.83, 49.5, 52.47, 49.38, 51.35, 50.95, 47.17, 50.29, 50.6, 47.12, 50.56, 46.81, 56.98, 55.03, 53.21, 56.16, 61.77, 59.4, 58.78, 56.69, 53.25, 55.04, 54.11, 52.54, 51.66, 52.26, 51.18, 48.9, 52.13, 48.25, 48.29, 49.18, 46.66, 51.18, 48.34, 55.41, 58.16, 51.88, 56.55, 54.92, 53.2, 51.62, 31.899730798134897, 33.4297307981349, 29.099730798134892, 33.189730798134896, 28.099730798134892, 30.159730798134895, 30.1397307981349, 25.919730798134893, 25.189730798134896, 28.039730798134897, 44.39, 40.79, 43.02, 44.9, 52.43, 49.17, 47.17, 50.29, 48.93, 53.79, 54.4, 53.41, 53.99, 52.86, 60.07, 53.16, 53.91, 55.37, 56.57, 54.71, 50.54, 51.03, 50.46, 49.07, 45.99, 40.8, 40.13, 44.97, 48.02, 50.9, 45.04, 45.78, 50.74, 51.92, 55.35, 52.99], "labels": [0, 0, 0, 0, 0, 0, 0, 0, 0, 0, 0, 0, 0, 0, 0, 0, 0, 0, 0, 0, 0, 0, 0, 0, 0, 0, 0, 0, 0, 0, 0, 0, 0, 0, 0, 0, 0, 0, 0, 0, 0, 0, 0, 0, 0, 0, 0, 0, 0, 0, 0, 0, 0, 0, 1, 1, 1, 1, 1, 1, 1, 1, 1, 1, 0, 0, 0, 0, 0, 0, 0, 0, 0, 0, 0, 0, 0, 0, 0, 0, 0, 0, 0, 0, 0, 0, 0, 0, 0, 0, 0, 0, 0, 0, 0, 0, 0, 0, 0, 0], "is_anomalous": true, "anomaly_type": "shift", "anomaly_positions": [54, 55, 56, 57, 58, 59, 60, 61, 62, 63], "length": 100}