{"id": "anomalous_000474", "series": [50.58, 47.79, 51.81, 48.81, 53.21, 49.7, 53.85, 52.56, 52.12, 49.83, 52.5, 48.91, 45.99, 47.61, 44.47, 46.29, 42.18, 39.08, 43.61, 42.08, 42.21, 47.28, 45.12, 48.05, 46.69, 48.92, 48.17, 49.94, 53.36, 53.43, 55.37, 51.91, 54.96, 49.97, 50.06, 45.14, 47.06, 44.33, 45.88, 42.82, 44.58, 41.12, 40.35, 43.13, 43.27, 44.23, 43.94, 44.69, 45.65, 49.77, 46.81, 50.2, 49.53, 50.36, 51.26, 51.34, 50.07, 48.83, 48.210139574776925, 47.069020724881604, 47.39086739946102, 50.97653915349356, 49.901379565310485, 47.28302144865226, 51.54045389917749, 49.197088823373996, 51.87205660432053, 53.27528019369285, 53.491460235601544, 58.28423477439801, 54.334561780802744, 55.21277342959843, 58.141574866239665, 67.41035623016685, 59.820695945706575, 71.48674892653332, 63.10999594794469, 72.45084965677519, 68.4931517917234, 76.57908584891499, 70.24338472354913, 75.7014573945678, 76.90381003156473, 82.46669632076964, 65.86014100421568, 67.66814830263118, 81.36280000529996, 58.40395595622701, 84.65974301628972, 59.51555736625115, 56.217737554565915, 66.53203521928351, 92.81434727207922, 71.57362148534443, 77.25609650430783, 75.7049212047463, 90.48716849513806, 89.60588559300808, 95.78553884336317, 106.1540861098674], "labels": [0, 0, 0, 0, 0, 0, 0, 0, 0, 0, 0, 0, 0, 0, 0, 0, 0, 0, 0, 0, 0, 0, 0, 0, 0, 0, 0, 0, 0, 0, 0, 0, 0, 0, 0, 0, 0, 0, 0, 0, 0, 0, 0, 0, 0, 0, 0, 0, 0, 0, 0, 0, 0, 0, 0, 0, 0, 1, 1, 1, 1, 1, 1, 1, 1, 1, 1, 1, 1, 1, 1, 1, 1, 1, 1, 1, 1, 1, 1, 1, 1, 1, 1, 1, 1, 1, 1, 1, 1, 1, 1, 1, 1, 1, 1, 1, 1, 1, 1, 1], "is_anomalous": true, "anomaly_type": "trend_change", "anomaly_positions": [57, 58, 59, 60, 61, 62, 63, 64, 65, 66, 67, 68, 69, 70, 71, 72, 73, 74, 75, 76, 77, 78, 79, 80, 81, 82, 83, 84, 85, 86, 87, 88, 89, 90, 91, 92, 93, 94, 95, 96, 97, 98, 99], "length": 100}