{"id": "anomalous_000084", "series": [55.12, 55.77, 57.62, 59.24, 59.68, 58.9, 59.54, 56.99, 57.42, 55.18, 58.69, 49.95, 53.19, 50.13, 48.97, 50.42, 48.45, 48.56, 50.2, 45.21, 43.95, 50.7, 49.94, 48.66, 52.83, 55.43, 55.23, 56.5, 56.4, 60.9, 60.45, 57.68, 55.67074201675038, 57.13474517129685, 55.38274746232169, 58.4383106956256, 56.94007302413286, 52.96895288874423, 59.40120732753748, 57.19701919863185, 56.93750827631078, 60.540972665649235, 61.14561831894233, 63.02758233865492, 64.44753273339808, 64.78983733794078, 61.09454522715972, 65.08960805612617, 67.09597577664559, 73.30313394018654, 80.59609439896805, 89.46596561377513, 73.76496622271435, 86.5638886088519, 70.4572713158847, 74.93550338093071, 68.95918192107132, 85.51547761337491, 69.9323831235208, 94.10161166890228, 81.80854550941017, 86.24100397972443, 79.30015243844561, 87.66455931838249, 65.4329786850252, 90.94018907207405, 96.14495338783647, 90.71109473586138, 73.77654317819717, 87.3081608094703, 108.28562940615922, 108.58318716099413, 111.07589925577787, 96.90483438882201, 87.91355239043529, 92.35524640644596, 119.97079288558315, 108.41464029422556, 120.18681185278791, 89.30108781549629, 88.85799373777229, 124.73391523629618, 118.46007256587458, 91.44034784321084, 87.0879723724529, 81.8626391101736, 121.84466472612655, 85.5174876436858, 91.63247402202478, 84.07174702459676, 105.42805669599983, 86.22195300508591, 129.94783869917202, 117.84566017347714, 134.47850872800268, 134.06305830743875, 142.48981816244824, 148.8110575254911, 96.5423504579415, 131.89449422818691], "labels": [0, 0, 0, 0, 0, 0, 0, 0, 0, 0, 0, 0, 0, 0, 0, 0, 0, 0, 0, 0, 0, 0, 0, 0, 0, 0, 0, 0, 0, 0, 0, 1, 1, 1, 1, 1, 1, 1, 1, 1, 1, 1, 1, 1, 1, 1, 1, 1, 1, 1, 1, 1, 1, 1, 1, 1, 1, 1, 1, 1, 1, 1, 1, 1, 1, 1, 1, 1, 1, 1, 1, 1, 1, 1, 1, 1, 1, 1, 1, 1, 1, 1, 1, 1, 1, 1, 1, 1, 1, 1, 1, 1, 1, 1, 1, 1, 1, 1, 1, 1], "is_anomalous": true, "anomaly_type": "trend_change", "anomaly_positions": [31, 32, 33, 34, 35, 36, 37, 38, 39, 40, 41, 42, 43, 44, 45, 46, 47, 48, 49, 50, 51, 52, 53, 54, 55, 56, 57, 58, 59, 60, 61, 62, 63, 64, 65, 66, 67, 68, 69, 70, 71, 72, 73, 74, 75, 76, 77, 78, 79, 80, 81, 82, 83, 84, 85, 86, 87, 88, 89, 90, 91, 92, 93, 94, 95, 96, 97, 98, 99], "length": 100}