{"id": "anomalous_000202", "series": [54.71, 53.71, 49.67, 56.06, 53.37, 55.86, 60.55, 55.77, 51.88, 55.39, 54.54, 57.17, 52.19, 49.99, 48.61, 47.06, 46.66, 49.92, 45.91, 46.09, 51.28, 51.66, 51.99, 53.25, 51.68, 52.95, 57.98, 55.74, 56.05, 56.13, 58.49, 56.3, 61.34, 58.74, 53.22, 53.86, 57.2, 53.59, 50.88, 49.82, 49.17, 49.75, 48.34, 52.17, 50.16, 50.33, 35.5975425715603, 61.689007525670235, 67.02221350355197, 56.919449292218346, 72.9999664703185, 43.57070020682033, 59.134458671543406, 76.60811233728217, 62.25450491884055, 49.5284370438829, 57.08170985241674, 34.71294500866436, 54.4013525140346, 61.88824504607491, 65.13747609638125, 63.860497438380676, 73.23851018360016, 24.518177751760362, 51.27241571974612, 49.41311947912302, 48.92, 48.27, 52.26, 51.31, 47.95, 53.12, 55.52, 60.87, 62.0, 59.81, 60.57, 62.08, 62.91, 59.34, 60.71, 59.79, 59.85, 55.26, 56.12, 55.37, 51.95, 50.34, 56.15, 51.16, 50.51, 51.62, 54.28, 55.34, 55.19, 54.29, 56.74, 55.69, 59.73, 61.33], "labels": [0, 0, 0, 0, 0, 0, 0, 0, 0, 0, 0, 0, 0, 0, 0, 0, 0, 0, 0, 0, 0, 0, 0, 0, 0, 0, 0, 0, 0, 0, 0, 0, 0, 0, 0, 0, 0, 0, 0, 0, 0, 0, 0, 0, 0, 0, 1, 1, 1, 1, 1, 1, 1, 1, 1, 1, 1, 1, 1, 1, 1, 1, 1, 1, 1, 1, 0, 0, 0, 0, 0, 0, 0, 0, 0, 0, 0, 0, 0, 0, 0, 0, 0, 0, 0, 0, 0, 0, 0, 0, 0, 0, 0, 0, 0, 0, 0, 0, 0, 0], "is_anomalous": true, "anomaly_type": "variance_change", "anomaly_positions": [46, 47, 48, 49, 50, 51, 52, 53, 54, 55, 56, 57, 58, 59, 60, 61, 62, 63, 64, 65], "length": 100}