{"id": "anomalous_000749", "series": [51.01, 56.21, 55.04, 55.94, 56.83, 57.17, 57.06, 54.71, 56.12, 57.58, 53.7, 53.75, 51.93, 52.63, 50.62, 48.13, 47.46, 46.72, 48.54, 48.24, 48.3, 49.64, 50.69, 53.48, 53.68, 53.59, 54.9, 57.82, 57.2, 58.15, 58.64, 57.53, 57.07, 56.26, 55.95, 51.87, 53.06, 52.01, 48.42, 49.95, 45.98, 48.06, 48.97, 47.55, 47.34, 48.72, 49.83, 50.65, 54.08, 55.29, 56.56, 32.51333571226408, 61.6907620700701, 42.02982736731408, 45.06661639113761, 42.43604991667769, 41.64765531635625, 60.0175627599092, 67.57949788466833, 61.075402180575566, 41.17371733683281, 44.837419211886214, 36.22230507173785, 56.32536033178375, 56.873605539796515, 44.15182496757933, 49.76486839725982, 50.960144517079414, 40.455919673897306, 45.76395831464536, 66.39803213115484, 50.31, 52.63, 53.92, 54.93, 56.47, 56.77, 58.0, 57.77, 57.87, 55.13, 54.81, 52.86, 54.33, 52.42, 52.64, 49.27, 47.82, 48.09, 48.17, 47.15, 45.77, 46.47, 47.7, 47.92, 51.29, 52.74, 52.93, 54.22, 53.74], "labels": [0, 0, 0, 0, 0, 0, 0, 0, 0, 0, 0, 0, 0, 0, 0, 0, 0, 0, 0, 0, 0, 0, 0, 0, 0, 0, 0, 0, 0, 0, 0, 0, 0, 0, 0, 0, 0, 0, 0, 0, 0, 0, 0, 0, 0, 0, 0, 0, 0, 0, 0, 1, 1, 1, 1, 1, 1, 1, 1, 1, 1, 1, 1, 1, 1, 1, 1, 1, 1, 1, 1, 0, 0, 0, 0, 0, 0, 0, 0, 0, 0, 0, 0, 0, 0, 0, 0, 0, 0, 0, 0, 0, 0, 0, 0, 0, 0, 0, 0, 0], "is_anomalous": true, "anomaly_type": "variance_change", "anomaly_positions": [51, 52, 53, 54, 55, 56, 57, 58, 59, 60, 61, 62, 63, 64, 65, 66, 67, 68, 69, 70], "length": 100}