{"id": "anomalous_000010", "series": [56.29, 53.93, 55.19, 55.76, 58.1, 56.63, 59.66, 59.27, 58.86, 57.59, 51.66, 50.35, 59.02, 51.17, 49.64, 46.52, 53.0, 48.64, 45.36, 50.27, 49.52, 46.38, 53.47, 51.01, 53.08, 51.68, 54.27, 61.01, 59.8, 62.11, 62.22, 52.83, 59.18, 55.01, 55.04, 55.6, 56.84, 52.47, 47.61, 77.35599977894901, 75.88599977894901, 76.215999778949, 74.63599977894901, 76.705999778949, 71.185999778949, 71.865999778949, 73.745999778949, 80.035999778949, 80.85599977894901, 54.81, 57.86, 55.74, 52.35, 59.83, 62.19, 63.95, 61.44, 60.03, 55.77, 57.09, 48.35, 53.27, 50.89, 49.96, 48.45, 47.82, 55.27, 54.26, 48.52, 47.98, 52.61, 55.63, 51.37, 54.35, 56.01, 59.46, 57.09, 59.13, 58.88, 59.26, 64.85, 61.48, 61.56, 52.31, 54.21, 55.31, 50.35, 52.21, 53.42, 50.5, 48.95, 48.78, 52.67, 55.89, 56.79, 55.65, 55.3, 57.2, 54.71, 63.15], "labels": [0, 0, 0, 0, 0, 0, 0, 0, 0, 0, 0, 0, 0, 0, 0, 0, 0, 0, 0, 0, 0, 0, 0, 0, 0, 0, 0, 0, 0, 0, 0, 0, 0, 0, 0, 0, 0, 0, 0, 1, 1, 1, 1, 1, 1, 1, 1, 1, 1, 0, 0, 0, 0, 0, 0, 0, 0, 0, 0, 0, 0, 0, 0, 0, 0, 0, 0, 0, 0, 0, 0, 0, 0, 0, 0, 0, 0, 0, 0, 0, 0, 0, 0, 0, 0, 0, 0, 0, 0, 0, 0, 0, 0, 0, 0, 0, 0, 0, 0, 0], "is_anomalous": true, "anomaly_type": "shift", "anomaly_positions": [39, 40, 41, 42, 43, 44, 45, 46, 47, 48], "length": 100}