{"id": "anomalous_000712", "series": [47.26, 50.34, 51.77, 53.35, 54.79, 53.26, 54.11, 54.19, 53.99, 53.74, 47.87, 46.89, 51.55, 44.75, 45.52, 45.03, 49.31, 43.59, 43.87, 37.03, 45.61, 42.05, 47.17, 50.5, 47.66, 50.88, 50.48, 56.39, 53.79, 55.19, 56.82, 53.33, 50.76, 53.7, 52.57, 52.93, 56.39, 49.36, 48.88, 45.84, 43.4, 43.91, 47.15, 44.74, 45.28, 46.08, 43.05, 50.51, 56.378515415375276, 73.87958373976835, 69.73530569736174, 46.988481562574755, 62.40512015406633, 38.591665778328974, 72.17639301483871, 37.36324386202807, 68.5576901593489, 69.26680194827117, 27.361840611083487, 69.48534202108934, 6.713938123970287, 58.78291576377954, 52.91588746421229, 59.61610682809036, 44.31117532426909, 25.591379676003214, 22.33321646315516, 35.85552919520032, 42.5, 48.17, 50.77, 48.7, 52.09, 48.83, 52.57, 55.37, 54.72, 53.6, 59.99, 58.45, 53.1, 55.79, 52.83, 59.81, 48.98, 53.24, 53.48, 46.35, 48.15, 50.62, 41.94, 46.43, 46.78, 51.03, 52.27, 52.87, 51.67, 56.67, 57.36, 56.91], "labels": [0, 0, 0, 0, 0, 0, 0, 0, 0, 0, 0, 0, 0, 0, 0, 0, 0, 0, 0, 0, 0, 0, 0, 0, 0, 0, 0, 0, 0, 0, 0, 0, 0, 0, 0, 0, 0, 0, 0, 0, 0, 0, 0, 0, 0, 0, 0, 0, 1, 1, 1, 1, 1, 1, 1, 1, 1, 1, 1, 1, 1, 1, 1, 1, 1, 1, 1, 1, 0, 0, 0, 0, 0, 0, 0, 0, 0, 0, 0, 0, 0, 0, 0, 0, 0, 0, 0, 0, 0, 0, 0, 0, 0, 0, 0, 0, 0, 0, 0, 0], "is_anomalous": true, "anomaly_type": "variance_change", "anomaly_positions": [48, 49, 50, 51, 52, 53, 54, 55, 56, 57, 58, 59, 60, 61, 62, 63, 64, 65, 66, 67], "length": 100}