{"id": "anomalous_000450", "series": [51.44, 50.61, 53.79, 53.46, 54.63, 57.15, 53.89, 55.41, 55.95, 54.76, 54.84, 53.29, 52.15, 51.68, 49.22, 47.74, 48.23, 47.23, 47.88, 45.29, 47.12, 48.43, 47.47, 50.15, 50.24, 52.63, 53.09, 56.58, 56.82, 57.24, 55.28, 57.9, 56.59, 55.51, 55.56, 52.72, 49.79, 49.73, 49.49, 49.67, 49.07, 46.68, 46.75, 47.68, 51.06, 49.03, 51.83, 50.68, 50.09, 52.14, 53.25, 55.43, 59.28, 56.49, 92.2078762946004, 92.8578762946004, 91.14787629460041, 89.5478762946004, 86.4878762946004, 87.31787629460041, 84.53787629460041, 85.62787629460041, 83.96787629460042, 81.8578762946004, 48.4, 49.84, 48.48, 47.1, 48.65, 48.38, 45.82, 52.21, 51.53, 50.4, 54.94, 54.22, 57.56, 55.01, 54.97, 57.79, 56.44, 58.15, 55.24, 53.41, 52.4, 50.04, 52.27, 47.58, 46.34, 47.35, 49.85, 48.74, 47.05, 46.86, 51.14, 51.44, 51.25, 52.17, 55.14, 57.11], "labels": [0, 0, 0, 0, 0, 0, 0, 0, 0, 0, 0, 0, 0, 0, 0, 0, 0, 0, 0, 0, 0, 0, 0, 0, 0, 0, 0, 0, 0, 0, 0, 0, 0, 0, 0, 0, 0, 0, 0, 0, 0, 0, 0, 0, 0, 0, 0, 0, 0, 0, 0, 0, 0, 0, 1, 1, 1, 1, 1, 1, 1, 1, 1, 1, 0, 0, 0, 0, 0, 0, 0, 0, 0, 0, 0, 0, 0, 0, 0, 0, 0, 0, 0, 0, 0, 0, 0, 0, 0, 0, 0, 0, 0, 0, 0, 0, 0, 0, 0, 0], "is_anomalous": true, "anomaly_type": "shift", "anomaly_positions": [54, 55, 56, 57, 58, 59, 60, 61, 62, 63], "length": 100}