{"id": "anomalous_000411", "series": [52.91, 55.82, 52.36, 50.92, 53.81, 55.96, 63.89, 58.51, 54.07, 58.18, 58.92, 53.77, 52.95, 51.52, 51.6, 45.85, 45.22, 51.22, 43.44, 45.9, 45.23, 46.38, 51.77, 53.01, 52.69, 54.92, 52.54, 59.31, 53.58, 58.93, 56.19, 58.26, 59.39, 52.15, 55.1, 54.72, 50.28, 46.27, 45.77, 32.80590878520538, 58.098878482184276, 69.70673006151017, 63.78097983706395, 48.74701179950878, 67.10400108336364, 48.19516946443121, 32.662957110414034, 44.33612815549489, 80.44939045665154, 55.39662885386142, 44.07517932881279, 82.90537853309738, 49.17007751462923, 62.77854199869838, 55.30502882626846, 43.23177340554291, 35.48705181418869, 11.241697057155491, 71.99911570495216, 52.69, 54.79, 53.02, 49.01, 50.7, 51.61, 46.94, 46.81, 45.51, 49.17, 44.53, 50.18, 52.7, 45.79, 51.66, 55.5, 53.9, 55.58, 51.08, 59.52, 55.65, 59.82, 57.6, 52.79, 52.75, 51.39, 50.74, 49.04, 46.51, 48.41, 52.08, 46.47, 49.47, 47.61, 49.72, 43.41, 54.09, 50.99, 50.86, 53.19, 62.52], "labels": [0, 0, 0, 0, 0, 0, 0, 0, 0, 0, 0, 0, 0, 0, 0, 0, 0, 0, 0, 0, 0, 0, 0, 0, 0, 0, 0, 0, 0, 0, 0, 0, 0, 0, 0, 0, 0, 0, 0, 1, 1, 1, 1, 1, 1, 1, 1, 1, 1, 1, 1, 1, 1, 1, 1, 1, 1, 1, 1, 0, 0, 0, 0, 0, 0, 0, 0, 0, 0, 0, 0, 0, 0, 0, 0, 0, 0, 0, 0, 0, 0, 0, 0, 0, 0, 0, 0, 0, 0, 0, 0, 0, 0, 0, 0, 0, 0, 0, 0, 0], "is_anomalous": true, "anomaly_type": "variance_change", "anomaly_positions": [39, 40, 41, 42, 43, 44, 45, 46, 47, 48, 49, 50, 51, 52, 53, 54, 55, 56, 57, 58], "length": 100}