{"id": "anomalous_000324", "series": [52.8, 54.01, 56.45, 56.52, 58.17, 60.35, 59.24, 58.67, 55.96, 56.99, 56.6, 53.66, 53.22, 48.71, 51.85, 48.45, 49.39, 49.64, 47.91, 48.2, 51.03, 48.77, 50.9, 50.06, 51.42, 54.85, 55.1, 56.43, 57.38, 58.37, 59.26, 59.29, 58.55, 56.95, 56.49, 54.73, 53.87, 53.26, 53.94, 50.96, 50.7, 50.05, 49.03, 47.75, 48.91, 50.53, 51.03, 51.12, 53.05, 54.01, 55.91, 57.4, 56.28, 59.0, 59.27, 84.16806126124098, 89.91806126124098, 86.75806126124098, 85.06806126124098, 83.89806126124097, 82.78806126124098, 80.00806126124098, 78.82806126124098, 79.70806126124097, 78.04806126124097, 48.16, 47.02, 49.34, 50.89, 50.15, 53.05, 51.94, 52.51, 54.56, 57.31, 56.48, 56.84, 59.01, 59.51, 58.28, 57.14, 57.6, 56.16, 54.17, 54.92, 52.37, 50.46, 50.74, 50.41, 49.55, 48.29, 48.68, 46.94, 49.62, 52.39, 53.01, 53.3, 53.47, 55.91, 57.79], "labels": [0, 0, 0, 0, 0, 0, 0, 0, 0, 0, 0, 0, 0, 0, 0, 0, 0, 0, 0, 0, 0, 0, 0, 0, 0, 0, 0, 0, 0, 0, 0, 0, 0, 0, 0, 0, 0, 0, 0, 0, 0, 0, 0, 0, 0, 0, 0, 0, 0, 0, 0, 0, 0, 0, 0, 1, 1, 1, 1, 1, 1, 1, 1, 1, 1, 0, 0, 0, 0, 0, 0, 0, 0, 0, 0, 0, 0, 0, 0, 0, 0, 0, 0, 0, 0, 0, 0, 0, 0, 0, 0, 0, 0, 0, 0, 0, 0, 0, 0, 0], "is_anomalous": true, "anomaly_type": "shift", "anomaly_positions": [55, 56, 57, 58, 59, 60, 61, 62, 63, 64], "length": 100}