{"id": "anomalous_000138", "series": [53.0, 52.54, 50.96, 56.61, 56.47, 53.54, 56.43, 53.77, 54.09, 53.78, 54.52, 51.25, 52.12, 47.76, 51.22, 46.77, 44.98, 47.33, 46.48, 46.6, 47.01, 48.5, 48.61, 49.95, 51.05, 49.93, 52.3, 56.29, 52.13, 53.84, 54.66, 56.04, 52.76, 54.44, 52.27, 51.83, 50.09, 49.22, 49.45, 47.47, 44.97, 43.76, 46.17, 45.05, 44.27, 46.69, 47.58, 49.47, 49.09, 50.55, 52.34, 54.89, 53.79, 55.37, 53.31, 57.29, 54.39, 54.82, 54.6, 53.74, 51.79, 45.21777483670821, 42.462455326330726, 25.993263839165238, 76.82285751067724, 58.38061558385637, 31.739038242925943, 48.93509423047078, 54.86303474465106, 33.631365153857445, 40.015237010032706, 71.84754448658862, 46.68377520193258, 61.67906275616474, 42.9475541802402, 55.482275300096205, 54.46993244673785, 38.83093564735878, 88.57459648144656, 50.91364310621864, 42.33887601886119, 56.19, 54.08, 52.26, 51.82, 47.15, 47.64, 48.31, 46.86, 43.87, 44.73, 45.73, 44.26, 45.05, 45.7, 49.33, 49.05, 52.39, 52.79, 53.19], "labels": [0, 0, 0, 0, 0, 0, 0, 0, 0, 0, 0, 0, 0, 0, 0, 0, 0, 0, 0, 0, 0, 0, 0, 0, 0, 0, 0, 0, 0, 0, 0, 0, 0, 0, 0, 0, 0, 0, 0, 0, 0, 0, 0, 0, 0, 0, 0, 0, 0, 0, 0, 0, 0, 0, 0, 0, 0, 0, 0, 0, 0, 1, 1, 1, 1, 1, 1, 1, 1, 1, 1, 1, 1, 1, 1, 1, 1, 1, 1, 1, 1, 0, 0, 0, 0, 0, 0, 0, 0, 0, 0, 0, 0, 0, 0, 0, 0, 0, 0, 0], "is_anomalous": true, "anomaly_type": "variance_change", "anomaly_positions": [61, 62, 63, 64, 65, 66, 67, 68, 69, 70, 71, 72, 73, 74, 75, 76, 77, 78, 79, 80], "length": 100}