{"id": "anomalous_000263", "series": [48.02, 52.69, 54.85, 49.42, 57.79, 55.3, 57.57, 54.25, 56.32, 55.24, 47.84, 52.92, 50.18, 46.34, 49.74, 49.06, 44.16, 46.22, 45.93, 48.1, 46.47, 49.51, 50.8, 43.86, 51.02, 50.17, 55.61, 55.22, 57.45, 49.55, 55.52, 55.24, 52.68, 54.0, 55.21, 79.96393511234751, 72.83393511234752, 77.57393511234753, 68.62393511234752, 69.43393511234751, 74.73393511234752, 69.24393511234751, 70.08393511234752, 73.85393511234753, 69.55393511234752, 46.78, 44.92, 46.85, 44.26, 50.21, 55.11, 50.78, 50.36, 57.31, 54.23, 55.13, 53.26, 55.08, 54.14, 50.88, 50.94, 52.19, 49.92, 47.24, 47.88, 50.34, 41.63, 50.04, 48.28, 45.38, 44.82, 51.31, 51.68, 52.39, 52.48, 57.49, 61.55, 57.97, 57.19, 55.35, 52.92, 54.19, 55.49, 46.33, 50.79, 49.98, 49.46, 48.23, 43.37, 45.03, 44.85, 46.8, 42.88, 47.53, 47.97, 46.99, 51.72, 52.96, 53.24, 50.49], "labels": [0, 0, 0, 0, 0, 0, 0, 0, 0, 0, 0, 0, 0, 0, 0, 0, 0, 0, 0, 0, 0, 0, 0, 0, 0, 0, 0, 0, 0, 0, 0, 0, 0, 0, 0, 1, 1, 1, 1, 1, 1, 1, 1, 1, 1, 0, 0, 0, 0, 0, 0, 0, 0, 0, 0, 0, 0, 0, 0, 0, 0, 0, 0, 0, 0, 0, 0, 0, 0, 0, 0, 0, 0, 0, 0, 0, 0, 0, 0, 0, 0, 0, 0, 0, 0, 0, 0, 0, 0, 0, 0, 0, 0, 0, 0, 0, 0, 0, 0, 0], "is_anomalous": true, "anomaly_type": "shift", "anomaly_positions": [35, 36, 37, 38, 39, 40, 41, 42, 43, 44], "length": 100}