{"id": "anomalous_000391", "series": [50.58, 51.29, 57.56, 56.86, 56.63, 52.31, 54.34, 52.52, 55.74, 52.31, 54.59, 48.92, 55.34, 50.99, 52.15, 52.52, 43.78, 45.48, 48.54, 44.24, 45.43, 47.02, 45.04, 47.47, 53.56, 48.63, 52.71, 52.88, 49.24, 51.71, 57.15, 54.65, 57.06, 51.88, 52.06, 51.68, 47.71, 46.99, 49.5, 48.81, 45.23, 40.64, 48.23, 42.96, 44.24, 48.21, 50.63, 50.75, 51.95, 52.25, 52.85, 53.54, 55.28, 49.69, 53.44, 52.42, 55.68, 46.38, 50.83, 55.78, 50.11, 50.03, 47.86, 47.64, 44.66, 39.99, 44.35335499088422, 47.967060866790355, 47.055428513929634, 46.622260290630834, 48.80544861383135, 52.143781813936634, 53.659618139017134, 56.46916122791894, 58.03184199235678, 56.24572676004864, 59.111449382111864, 67.23353898066414, 74.6550390322557, 65.45028308452171, 71.56872493110775, 71.47095294396718, 71.43565184116449, 80.58171556767022, 66.3356252426843, 74.44449443574979, 75.57752281628939, 60.857019963364294, 69.59067367950217, 63.91813642233192, 65.0723066009507, 62.05611696780021, 75.05914710483356, 56.43862584700072, 80.16047258545643, 64.29002776439981, 73.78573818462256, 94.78581123778042, 82.61292400614215, 81.77316465911503], "labels": [0, 0, 0, 0, 0, 0, 0, 0, 0, 0, 0, 0, 0, 0, 0, 0, 0, 0, 0, 0, 0, 0, 0, 0, 0, 0, 0, 0, 0, 0, 0, 0, 0, 0, 0, 0, 0, 0, 0, 0, 0, 0, 0, 0, 0, 0, 0, 0, 0, 0, 0, 0, 0, 0, 0, 0, 0, 0, 0, 0, 0, 0, 0, 0, 0, 1, 1, 1, 1, 1, 1, 1, 1, 1, 1, 1, 1, 1, 1, 1, 1, 1, 1, 1, 1, 1, 1, 1, 1, 1, 1, 1, 1, 1, 1, 1, 1, 1, 1, 1], "is_anomalous": true, "anomaly_type": "trend_change", "anomaly_positions": [65, 66, 67, 68, 69, 70, 71, 72, 73, 74, 75, 76, 77, 78, 79, 80, 81, 82, 83, 84, 85, 86, 87, 88, 89, 90, 91, 92, 93, 94, 95, 96, 97, 98, 99], "length": 100}