{"id": "anomalous_000050", "series": [44.03, 48.38, 48.35, 46.74, 50.09, 50.34, 50.91, 49.06, 45.92, 48.52, 49.9, 47.71, 46.44, 43.27, 41.99, 39.28, 41.93, 38.98, 39.81, 39.2, 41.08, 41.34, 42.12, 45.33, 42.92, 49.0, 45.89, 48.49, 51.13, 50.83, 50.23, 51.12, 49.83, 47.87, 45.88, 46.23, 44.0, 43.65, 42.7, 42.17, 38.24, 41.73, 42.66, 40.2, 43.6, 42.23, 44.71, 41.49, 44.96, 44.27, 46.58, 50.54, 48.6, 50.41, 50.52, 49.65, 48.43, 47.38, 48.01, 44.52, 43.12, 44.28, 41.97, 41.81, 40.09, 40.33, 44.457087617882735, 30.19358871841525, 43.61963916274597, 27.426390788132977, 68.5083935980612, 18.885905295268792, 33.685809702791346, 51.2652060245511, 28.12786119635616, 60.578145581217086, 57.97067160108323, 60.39607353795979, 54.03161108924042, 16.50870124532034, 57.748576937939994, 81.04780105635356, 63.854538959481474, 38.747907109795655, 38.58676018966343, 38.940055545003105, 43.79, 41.66, 41.37, 38.47, 39.89, 42.79, 40.29, 40.61, 41.49, 44.56, 44.06, 46.41, 45.82, 49.16], "labels": [0, 0, 0, 0, 0, 0, 0, 0, 0, 0, 0, 0, 0, 0, 0, 0, 0, 0, 0, 0, 0, 0, 0, 0, 0, 0, 0, 0, 0, 0, 0, 0, 0, 0, 0, 0, 0, 0, 0, 0, 0, 0, 0, 0, 0, 0, 0, 0, 0, 0, 0, 0, 0, 0, 0, 0, 0, 0, 0, 0, 0, 0, 0, 0, 0, 0, 1, 1, 1, 1, 1, 1, 1, 1, 1, 1, 1, 1, 1, 1, 1, 1, 1, 1, 1, 1, 0, 0, 0, 0, 0, 0, 0, 0, 0, 0, 0, 0, 0, 0], "is_anomalous": true, "anomaly_type": "variance_change", "anomaly_positions": [66, 67, 68, 69, 70, 71, 72, 73, 74, 75, 76, 77, 78, 79, 80, 81, 82, 83, 84, 85], "length": 100}