{"id": "anomalous_000200", "series": [50.68, 52.95, 51.73, 52.99, 53.5, 53.63, 51.71, 53.08, 50.35, 53.02, 49.47, 51.37, 52.25, 48.54, 50.03, 47.38, 40.16, 42.74, 44.54, 43.71, 43.88, 43.38, 42.91, 47.97, 49.47, 48.67, 51.05, 52.74, 52.24, 52.46, 52.63, 50.6, 52.47, 51.38, 51.62, 48.01, 47.52, 46.91, 43.4, 42.83, 41.34, 45.06, 42.86, 40.44, 42.33, 44.35, 44.35, 45.45, 47.83, 50.65, 53.49828433160279, 53.50381014505415, 53.004164587098686, 58.74267980119463, 59.18056185635604, 58.486341784636906, 67.3947213476216, 55.22002036211613, 64.12732376170726, 57.61395811050062, 58.40998169811842, 60.09287997222879, 58.82269490225255, 51.31358311795434, 50.929387469168674, 59.460161303192464, 64.6281084021216, 66.32142169600792, 64.09758523498543, 62.96482987644818, 67.39513872376507, 68.91742632093026, 61.56209158819724, 83.59674397571096, 86.40857709636785, 76.45671530013793, 86.35720911897968, 70.44586201360424, 71.4056197564654, 77.52543905257298, 78.31665676882473, 92.52910203561993, 92.09176592434747, 95.42593966994474, 90.18673491097013, 76.98185098197229, 97.60964407646335, 69.65174010052945, 64.72826115763944, 86.67517054514836, 98.48184667193058, 75.32562573785596, 91.81491974930981, 71.7539117249595, 96.94682826430332, 76.86781704437985, 108.55811332549413, 108.59331315219299, 88.60609902185914, 105.82450520777454], "labels": [0, 0, 0, 0, 0, 0, 0, 0, 0, 0, 0, 0, 0, 0, 0, 0, 0, 0, 0, 0, 0, 0, 0, 0, 0, 0, 0, 0, 0, 0, 0, 0, 0, 0, 0, 0, 0, 0, 0, 0, 0, 0, 0, 0, 0, 0, 0, 0, 0, 1, 1, 1, 1, 1, 1, 1, 1, 1, 1, 1, 1, 1, 1, 1, 1, 1, 1, 1, 1, 1, 1, 1, 1, 1, 1, 1, 1, 1, 1, 1, 1, 1, 1, 1, 1, 1, 1, 1, 1, 1, 1, 1, 1, 1, 1, 1, 1, 1, 1, 1], "is_anomalous": true, "anomaly_type": "trend_change", "anomaly_positions": [49, 50, 51, 52, 53, 54, 55, 56, 57, 58, 59, 60, 61, 62, 63, 64, 65, 66, 67, 68, 69, 70, 71, 72, 73, 74, 75, 76, 77, 78, 79, 80, 81, 82, 83, 84, 85, 86, 87, 88, 89, 90, 91, 92, 93, 94, 95, 96, 97, 98, 99], "length": 100}