{"id": "anomalous_000560", "series": [57.91, 54.98, 52.95, 61.65, 58.53, 59.29, 61.55, 58.95, 56.21, 53.38, 55.39, 57.44, 55.99, 51.22, 50.63, 47.28, 50.2, 48.74, 49.87, 52.45, 47.94, 52.27, 54.21, 58.03, 54.04, 58.06, 61.95, 57.88, 60.0, 62.5, 63.26, 60.74, 56.91, 57.51, 53.92, 55.13, 53.75, 55.03, 50.57, 47.57, 48.38, 50.45, 56.77, 50.53, 52.62, 52.0, 56.33, 54.41, 53.79, 60.46, 55.66, 59.55, 59.5, 61.04, 60.83, 61.15, 56.48, 60.31, 59.2, 58.82, 55.86, 60.61, 57.01, 55.07, 51.18, 52.83, 46.61, 55.6, 53.41, 54.68, 79.73404325354684, 83.55404325354685, 88.68404325354686, 86.26404325354684, 90.05404325354685, 83.85404325354685, 87.96404325354686, 92.65404325354686, 90.78404325354686, 88.53404325354686, 61.98, 59.66, 58.82, 61.15, 55.98, 58.17, 54.46, 53.47, 55.43, 50.86, 52.13, 46.75, 50.6, 59.29, 56.4, 59.71, 59.67, 60.06, 56.45, 57.22], "labels": [0, 0, 0, 0, 0, 0, 0, 0, 0, 0, 0, 0, 0, 0, 0, 0, 0, 0, 0, 0, 0, 0, 0, 0, 0, 0, 0, 0, 0, 0, 0, 0, 0, 0, 0, 0, 0, 0, 0, 0, 0, 0, 0, 0, 0, 0, 0, 0, 0, 0, 0, 0, 0, 0, 0, 0, 0, 0, 0, 0, 0, 0, 0, 0, 0, 0, 0, 0, 0, 0, 1, 1, 1, 1, 1, 1, 1, 1, 1, 1, 0, 0, 0, 0, 0, 0, 0, 0, 0, 0, 0, 0, 0, 0, 0, 0, 0, 0, 0, 0], "is_anomalous": true, "anomaly_type": "shift", "anomaly_positions": [70, 71, 72, 73, 74, 75, 76, 77, 78, 79], "length": 100}