{"id": "anomalous_000713", "series": [45.39, 49.14, 47.5, 51.92, 50.94, 51.57, 49.86, 52.9, 51.13, 51.86, 49.11, 48.76, 46.42, 46.68, 44.26, 41.07, 42.16, 43.35, 41.63, 40.13, 39.62, 42.36, 42.2, 43.81, 46.58, 46.18, 46.94, 50.91, 49.61, 51.06, 51.74, 47.05, 51.99, 53.42, 48.59, 46.89, 46.94, 39.45, 21.56264175244552, 21.102641752445518, 20.082641752445515, 19.252641752445516, 17.81264175244552, 17.992641752445518, 20.192641752445514, 20.962641752445517, 20.852641752445518, 21.332641752445515, 44.14, 47.25, 47.1, 48.45, 51.73, 49.62, 50.93, 48.53, 49.03, 48.37, 48.09, 46.81, 44.36, 43.06, 40.9, 39.55, 38.86, 36.52, 38.79, 43.22, 44.66, 41.87, 41.46, 43.41, 45.93, 45.66, 49.1, 49.0, 47.52, 50.04, 48.4, 49.88, 51.34, 48.32, 47.47, 44.34, 42.22, 42.13, 40.66, 41.53, 39.45, 40.84, 32.9, 37.53, 40.98, 39.84, 42.29, 43.02, 41.65, 42.19, 45.27, 48.38], "labels": [0, 0, 0, 0, 0, 0, 0, 0, 0, 0, 0, 0, 0, 0, 0, 0, 0, 0, 0, 0, 0, 0, 0, 0, 0, 0, 0, 0, 0, 0, 0, 0, 0, 0, 0, 0, 0, 0, 1, 1, 1, 1, 1, 1, 1, 1, 1, 1, 0, 0, 0, 0, 0, 0, 0, 0, 0, 0, 0, 0, 0, 0, 0, 0, 0, 0, 0, 0, 0, 0, 0, 0, 0, 0, 0, 0, 0, 0, 0, 0, 0, 0, 0, 0, 0, 0, 0, 0, 0, 0, 0, 0, 0, 0, 0, 0, 0, 0, 0, 0], "is_anomalous": true, "anomaly_type": "shift", "anomaly_positions": [38, 39, 40, 41, 42, 43, 44, 45, 46, 47], "length": 100}