{"id": "anomalous_000001", "series": [49.13, 52.9, 52.01, 55.97, 56.77, 59.01, 57.88, 54.46, 56.97, 52.02, 51.62, 53.7, 49.83, 45.83, 51.16, 43.27, 47.21, 48.63, 47.59, 42.72, 44.58, 43.14, 45.13, 53.14, 49.92, 51.45, 50.58, 50.66, 55.14, 50.35, 55.17, 51.6, 51.34, 49.4, 49.01, 47.1, 49.54, 46.95, 46.95, 46.65, 45.22, 41.86, 49.87286091498734, 39.90403262316408, 36.02708093692269, 43.27395212429281, 71.72521658231716, 24.01091974729902, 60.06611500059914, 64.37831892424312, 47.29435145176266, 56.75727936239646, 68.92261953890733, 48.637156963731385, 67.32396962956325, 51.42597515037911, 34.95267212568234, 28.82211503578248, 66.10087862384525, 37.73795638664424, 30.24511072832278, 55.41758765495679, 45.9, 45.0, 39.81, 39.36, 41.6, 44.11, 45.76, 40.71, 50.27, 42.49, 45.61, 49.95, 56.02, 50.29, 47.49, 50.58, 52.85, 51.45, 47.31, 48.59, 46.14, 43.72, 43.93, 45.92, 41.66, 42.84, 39.95, 46.8, 41.02, 42.74, 40.02, 41.56, 44.6, 40.88, 47.45, 46.24, 46.31, 47.3], "labels": [0, 0, 0, 0, 0, 0, 0, 0, 0, 0, 0, 0, 0, 0, 0, 0, 0, 0, 0, 0, 0, 0, 0, 0, 0, 0, 0, 0, 0, 0, 0, 0, 0, 0, 0, 0, 0, 0, 0, 0, 0, 0, 1, 1, 1, 1, 1, 1, 1, 1, 1, 1, 1, 1, 1, 1, 1, 1, 1, 1, 1, 1, 0, 0, 0, 0, 0, 0, 0, 0, 0, 0, 0, 0, 0, 0, 0, 0, 0, 0, 0, 0, 0, 0, 0, 0, 0, 0, 0, 0, 0, 0, 0, 0, 0, 0, 0, 0, 0, 0], "is_anomalous": true, "anomaly_type": "variance_change", "anomaly_positions": [42, 43, 44, 45, 46, 47, 48, 49, 50, 51, 52, 53, 54, 55, 56, 57, 58, 59, 60, 61], "length": 100}