{"id": "anomalous_000471", "series": [48.86, 50.46, 52.26, 48.23, 55.53, 50.66, 53.41, 52.65, 56.57, 49.42, 50.01, 48.42, 48.15, 44.63, 45.09, 42.29, 42.99, 46.06, 44.19, 39.63, 43.05, 41.77, 43.82, 44.53, 43.2, 46.75, 51.69, 48.66, 48.43, 53.67, 51.7, 51.69, 49.47, 49.49, 50.21, 45.49, 46.94, 43.24, 44.16, 45.09, 42.87, 78.66144839514405, 76.73144839514404, 77.90144839514406, 79.38144839514405, 77.33144839514405, 82.88144839514405, 81.29144839514404, 84.59144839514406, 84.36144839514405, 86.86144839514405, 50.96, 52.52, 51.58, 48.71, 53.73, 51.59, 47.29, 50.37, 48.12, 49.5, 44.71, 40.56, 43.21, 44.07, 41.58, 41.03, 42.11, 39.93, 42.93, 43.6, 44.76, 48.24, 47.39, 50.63, 50.12, 51.25, 51.82, 51.4, 50.99, 50.4, 51.34, 46.6, 48.57, 48.9, 43.06, 43.53, 41.63, 44.3, 44.91, 41.71, 39.3, 43.59, 42.84, 39.05, 46.43, 46.81, 49.12, 47.67, 47.28], "labels": [0, 0, 0, 0, 0, 0, 0, 0, 0, 0, 0, 0, 0, 0, 0, 0, 0, 0, 0, 0, 0, 0, 0, 0, 0, 0, 0, 0, 0, 0, 0, 0, 0, 0, 0, 0, 0, 0, 0, 0, 0, 1, 1, 1, 1, 1, 1, 1, 1, 1, 1, 0, 0, 0, 0, 0, 0, 0, 0, 0, 0, 0, 0, 0, 0, 0, 0, 0, 0, 0, 0, 0, 0, 0, 0, 0, 0, 0, 0, 0, 0, 0, 0, 0, 0, 0, 0, 0, 0, 0, 0, 0, 0, 0, 0, 0, 0, 0, 0, 0], "is_anomalous": true, "anomaly_type": "shift", "anomaly_positions": [41, 42, 43, 44, 45, 46, 47, 48, 49, 50], "length": 100}