{"id": "anomalous_000322", "series": [49.66, 54.64, 59.05, 62.43, 56.25, 58.25, 59.18, 65.04, 57.15, 58.92, 55.97, 60.81, 54.73, 51.48, 51.54, 47.49, 45.19, 45.72, 45.58, 52.09, 51.96, 50.68, 48.82, 55.43, 52.82, 55.03, 57.84, 57.59, 58.41, 51.65, 61.28, 55.93, 62.74, 55.28, 57.30391311000296, 56.80738201279576, 60.04734950385904, 57.60635906539029, 54.69879524808994, 59.98844850206568, 62.26997871105003, 55.21858292733426, 57.85687683744832, 59.652514973103635, 60.29150924585755, 68.80579343560942, 66.07534814730349, 74.59951991316558, 68.6501532653672, 73.27936820064605, 69.55213257762435, 79.58690075060036, 71.4135792951599, 89.83805775509211, 82.48144171252038, 78.49156310526354, 80.35737304259098, 80.59344476146462, 89.90956654124994, 74.10382498929478, 84.6130643041312, 79.8318630621799, 87.67652010025542, 77.25331848345691, 79.41122678844042, 87.83565976726472, 86.9200810023139, 77.46298666651663, 74.58203066040437, 91.56790390788055, 84.44713760041805, 104.01300320338896, 85.19890441807084, 104.25040104701904, 115.88473210554179, 87.43283350592334, 116.96531502848359, 89.79704809526656, 98.96289224110315, 115.00405433913511, 108.11861544263212, 101.32791783392119, 88.24189706636737, 95.43621422210558, 84.01530442787306, 87.43455328737866, 122.50256988986204, 120.8201981710627, 119.53440388730229, 117.11261645717319, 104.75810964700625, 91.6955264863064, 90.60337130512069, 113.8608861811873, 108.10637074635241, 97.05190629946995, 91.32893917294686, 126.60923554541034, 117.6818173141991, 121.22193348445697], "labels": [0, 0, 0, 0, 0, 0, 0, 0, 0, 0, 0, 0, 0, 0, 0, 0, 0, 0, 0, 0, 0, 0, 0, 0, 0, 0, 0, 0, 0, 0, 0, 0, 0, 1, 1, 1, 1, 1, 1, 1, 1, 1, 1, 1, 1, 1, 1, 1, 1, 1, 1, 1, 1, 1, 1, 1, 1, 1, 1, 1, 1, 1, 1, 1, 1, 1, 1, 1, 1, 1, 1, 1, 1, 1, 1, 1, 1, 1, 1, 1, 1, 1, 1, 1, 1, 1, 1, 1, 1, 1, 1, 1, 1, 1, 1, 1, 1, 1, 1, 1], "is_anomalous": true, "anomaly_type": "trend_change", "anomaly_positions": [33, 34, 35, 36, 37, 38, 39, 40, 41, 42, 43, 44, 45, 46, 47, 48, 49, 50, 51, 52, 53, 54, 55, 56, 57, 58, 59, 60, 61, 62, 63, 64, 65, 66, 67, 68, 69, 70, 71, 72, 73, 74, 75, 76, 77, 78, 79, 80, 81, 82, 83, 84, 85, 86, 87, 88, 89, 90, 91, 92, 93, 94, 95, 96, 97, 98, 99], "length": 100}