{"id": "anomalous_000765", "series": [48.59, 48.45, 51.87, 54.16, 53.74, 56.2, 55.69, 57.31, 54.25, 53.56, 54.11, 48.43, 47.4, 50.13, 47.79, 46.59, 44.1, 44.67, 43.81, 45.38, 44.82, 47.45, 46.21, 49.41, 51.47, 54.18, 52.45, 53.52, 55.69, 56.26, 55.28, 57.59, 52.51, 55.36, 50.56, 51.98, 53.53, 48.5, 47.93, 47.2, 46.57, 47.2, 48.5, 82.4680206251683, 78.1680206251683, 80.34802062516829, 83.9280206251683, 86.06802062516829, 88.3680206251683, 88.2680206251683, 88.1380206251683, 88.1980206251683, 88.60802062516831, 55.55, 56.99, 58.05, 56.76, 58.67, 54.54, 50.81, 51.49, 50.91, 48.8, 49.67, 48.14, 45.94, 47.14, 47.69, 48.06, 50.8, 49.39, 51.92, 50.59, 52.43, 52.29, 58.64, 56.72, 55.72, 56.71, 58.07, 56.78, 57.54, 56.22, 53.62, 55.33, 50.09, 49.34, 50.22, 51.52, 49.12, 48.86, 45.4, 47.94, 48.57, 53.39, 51.66, 53.66, 54.6, 55.22, 54.25], "labels": [0, 0, 0, 0, 0, 0, 0, 0, 0, 0, 0, 0, 0, 0, 0, 0, 0, 0, 0, 0, 0, 0, 0, 0, 0, 0, 0, 0, 0, 0, 0, 0, 0, 0, 0, 0, 0, 0, 0, 0, 0, 0, 0, 1, 1, 1, 1, 1, 1, 1, 1, 1, 1, 0, 0, 0, 0, 0, 0, 0, 0, 0, 0, 0, 0, 0, 0, 0, 0, 0, 0, 0, 0, 0, 0, 0, 0, 0, 0, 0, 0, 0, 0, 0, 0, 0, 0, 0, 0, 0, 0, 0, 0, 0, 0, 0, 0, 0, 0, 0], "is_anomalous": true, "anomaly_type": "shift", "anomaly_positions": [43, 44, 45, 46, 47, 48, 49, 50, 51, 52], "length": 100}