{"id": "anomalous_000237", "series": [50.9, 59.74, 55.56, 62.74, 58.31, 62.12, 59.45, 63.29, 58.84, 57.56, 60.55, 56.68, 54.58, 50.75, 49.84, 52.35, 53.92, 53.49, 53.01, 46.7, 51.19, 48.11, 47.43, 50.23, 59.0, 57.97, 65.42, 57.95, 60.15, 63.49, 59.53, 61.31, 62.87, 61.02, 58.03, 61.77, 50.8, 56.72, 52.14, 51.19, 49.65, 54.92, 52.37, 54.13, 50.62, 58.43, 49.26, 50.94, 54.08, 55.04, 61.95, 59.54, 63.85, 55.99, 61.04, 54.95, 62.8, 59.28, 60.83, 50.95, 57.17, 54.3, 56.91, 81.82038831767234, 22.457201538137934, 54.90924481318989, 45.49252243027966, 49.39443889904398, 31.35218501877838, 50.94970370970708, 46.863058583447454, 52.62565481425996, 60.55432387137147, 56.97889492080681, 59.10144035641056, 50.95475446248465, 47.92156151593674, 62.58885644175259, 66.71225609395283, 69.15093217197176, 74.61829709185209, 76.09381233800518, 72.60478998677515, 56.0, 53.0, 54.24, 52.6, 55.34, 50.13, 53.56, 52.35, 50.55, 53.53, 58.11, 53.82, 61.24, 54.1, 63.84, 60.45, 60.31], "labels": [0, 0, 0, 0, 0, 0, 0, 0, 0, 0, 0, 0, 0, 0, 0, 0, 0, 0, 0, 0, 0, 0, 0, 0, 0, 0, 0, 0, 0, 0, 0, 0, 0, 0, 0, 0, 0, 0, 0, 0, 0, 0, 0, 0, 0, 0, 0, 0, 0, 0, 0, 0, 0, 0, 0, 0, 0, 0, 0, 0, 0, 0, 0, 1, 1, 1, 1, 1, 1, 1, 1, 1, 1, 1, 1, 1, 1, 1, 1, 1, 1, 1, 1, 0, 0, 0, 0, 0, 0, 0, 0, 0, 0, 0, 0, 0, 0, 0, 0, 0], "is_anomalous": true, "anomaly_type": "variance_change", "anomaly_positions": [63, 64, 65, 66, 67, 68, 69, 70, 71, 72, 73, 74, 75, 76, 77, 78, 79, 80, 81, 82], "length": 100}