{"id": "anomalous_000789", "series": [48.73, 45.33, 57.32, 56.93, 51.46, 55.29, 54.62, 55.78, 56.79, 50.47, 53.09, 52.17, 51.98, 51.2, 47.17, 48.42, 44.84, 46.31, 46.55, 46.27, 44.49, 47.01, 44.14, 45.49, 42.22, 49.31, 49.7, 54.07, 55.72, 56.46, 54.43, 54.85, 54.54, 51.58, 47.08, 47.24, 48.26, 46.76, 44.94, 42.07, 32.58780905086927, 15.990457899970771, 34.9600036447513, 42.21640594417661, 23.914810226469648, 18.30428148879646, 48.93938111318192, 59.89937153787097, 74.73394213208748, 53.69154472825893, 52.91320752732505, 59.204097244637, 55.59079592485438, 30.841630328305925, 57.95832321233179, 72.31499303507051, 37.108495119026, 11.027805463814225, 26.216665013208488, 43.405310653460404, 48.29, 47.1, 46.36, 50.31, 44.07, 44.01, 37.04, 44.83, 39.37, 48.08, 47.24, 46.28, 50.42, 46.08, 47.76, 51.39, 52.81, 50.79, 53.23, 54.0, 55.66, 51.4, 48.32, 44.96, 47.62, 43.18, 42.64, 39.44, 45.31, 43.64, 43.43, 41.69, 42.1, 47.11, 45.41, 43.84, 46.54, 53.97, 52.23, 53.37], "labels": [0, 0, 0, 0, 0, 0, 0, 0, 0, 0, 0, 0, 0, 0, 0, 0, 0, 0, 0, 0, 0, 0, 0, 0, 0, 0, 0, 0, 0, 0, 0, 0, 0, 0, 0, 0, 0, 0, 0, 0, 1, 1, 1, 1, 1, 1, 1, 1, 1, 1, 1, 1, 1, 1, 1, 1, 1, 1, 1, 1, 0, 0, 0, 0, 0, 0, 0, 0, 0, 0, 0, 0, 0, 0, 0, 0, 0, 0, 0, 0, 0, 0, 0, 0, 0, 0, 0, 0, 0, 0, 0, 0, 0, 0, 0, 0, 0, 0, 0, 0], "is_anomalous": true, "anomaly_type": "variance_change", "anomaly_positions": [40, 41, 42, 43, 44, 45, 46, 47, 48, 49, 50, 51, 52, 53, 54, 55, 56, 57, 58, 59], "length": 100}