{"id": "anomalous_000211", "series": [47.11, 47.49, 48.74, 50.76, 45.12, 54.33, 49.79, 50.89, 49.12, 52.24, 48.86, 49.94, 47.06, 47.33, 43.04, 45.88, 41.05, 39.95, 43.8, 37.67, 40.82, 42.0, 38.65, 46.33, 46.59, 47.91, 50.92, 47.75, 50.4, 53.83, 49.95, 46.78, 47.28, 49.84, 45.68, 50.61, 43.67, 42.88, 45.41, 42.55, 38.02, 41.58, 40.23, 41.25, 39.33, 43.3, 43.21, 47.06, 44.61, 63.16895117266121, 33.050259791690806, 67.56171108320396, 39.16120488142205, 51.200263205920145, 43.20497824587967, 29.588953082938612, 32.36664502059712, 34.29757927996713, 29.400146442219917, 46.739926754560564, 46.406449417587254, 77.43198873802291, 48.01983034300647, 43.54367454180054, 58.82410942456537, 67.09487423855586, 45.707329558803266, 72.6619302004351, 47.549735135696075, 37.68, 43.54, 46.92, 45.64, 47.3, 46.29, 50.44, 50.49, 47.38, 52.42, 51.68, 48.56, 49.35, 46.6, 40.02, 46.36, 45.11, 41.78, 44.31, 40.85, 38.0, 38.18, 38.97, 39.81, 39.09, 38.8, 43.82, 43.35, 49.93, 45.42, 49.17], "labels": [0, 0, 0, 0, 0, 0, 0, 0, 0, 0, 0, 0, 0, 0, 0, 0, 0, 0, 0, 0, 0, 0, 0, 0, 0, 0, 0, 0, 0, 0, 0, 0, 0, 0, 0, 0, 0, 0, 0, 0, 0, 0, 0, 0, 0, 0, 0, 0, 0, 1, 1, 1, 1, 1, 1, 1, 1, 1, 1, 1, 1, 1, 1, 1, 1, 1, 1, 1, 1, 0, 0, 0, 0, 0, 0, 0, 0, 0, 0, 0, 0, 0, 0, 0, 0, 0, 0, 0, 0, 0, 0, 0, 0, 0, 0, 0, 0, 0, 0, 0], "is_anomalous": true, "anomaly_type": "variance_change", "anomaly_positions": [49, 50, 51, 52, 53, 54, 55, 56, 57, 58, 59, 60, 61, 62, 63, 64, 65, 66, 67, 68], "length": 100}