{"id": "anomalous_000255", "series": [55.08, 55.48, 55.45, 57.2, 56.72, 56.88, 61.17, 55.94, 57.81, 57.04, 55.77, 54.86, 54.48, 52.28, 51.15, 49.24, 48.19, 46.49, 46.53, 49.79, 48.91, 49.11, 49.18, 52.34, 55.29, 55.51, 57.19, 56.44, 59.8, 57.7, 55.62, 59.74, 56.59, 57.39, 55.43, 53.51, 52.96, 51.56, 50.38, 48.64, 48.41, 49.31, 45.76, 47.42, 47.51, 48.09, 48.85, 53.48, 51.74, 76.64188191906987, 80.29188191906987, 79.88188191906985, 80.01188191906986, 82.29188191906987, 79.80188191906987, 80.09188191906986, 79.36188191906987, 79.35188191906987, 78.10188191906987, 55.79, 53.43, 49.45, 49.35, 49.42, 50.63, 46.92, 47.12, 47.75, 48.45, 47.1, 49.23, 48.82, 52.26, 50.11, 52.38, 56.5, 56.28, 58.6, 59.36, 58.49, 55.4, 55.36, 53.88, 54.64, 50.91, 50.74, 50.65, 49.92, 49.92, 45.77, 46.03, 49.17, 46.7, 49.66, 49.56, 52.56, 52.72, 53.71, 57.0, 55.33], "labels": [0, 0, 0, 0, 0, 0, 0, 0, 0, 0, 0, 0, 0, 0, 0, 0, 0, 0, 0, 0, 0, 0, 0, 0, 0, 0, 0, 0, 0, 0, 0, 0, 0, 0, 0, 0, 0, 0, 0, 0, 0, 0, 0, 0, 0, 0, 0, 0, 0, 1, 1, 1, 1, 1, 1, 1, 1, 1, 1, 0, 0, 0, 0, 0, 0, 0, 0, 0, 0, 0, 0, 0, 0, 0, 0, 0, 0, 0, 0, 0, 0, 0, 0, 0, 0, 0, 0, 0, 0, 0, 0, 0, 0, 0, 0, 0, 0, 0, 0, 0], "is_anomalous": true, "anomaly_type": "shift", "anomaly_positions": [49, 50, 51, 52, 53, 54, 55, 56, 57, 58], "length": 100}