{"id": "anomalous_000210", "series": [51.41, 55.1, 56.23, 56.19, 55.01, 57.14, 56.22, 55.26, 57.67, 59.78, 55.71, 56.25, 58.15, 51.57, 42.89, 47.17, 47.59, 50.36, 50.44, 44.82, 50.35, 51.77, 51.61, 51.23, 52.55, 59.22, 55.74, 55.18, 55.21, 60.8, 64.2117635189443, 46.506405308781005, 87.92141883389584, 42.43147696074236, 11.496158461181565, 57.29928867237974, 57.013570737175414, 58.159443498481735, 46.94160534874358, 76.10872054257909, 46.25572175075446, 43.103777188612426, 57.48729560558307, 73.52820246350552, 38.9522663271102, 37.70214480976257, 65.06626820657209, 73.50997388232489, 44.443948794469215, 50.55216746635936, 60.44, 57.4, 57.75, 55.07, 58.06, 57.29, 58.31, 53.54, 59.83, 54.9, 49.08, 55.91, 49.09, 50.44, 48.85, 48.76, 50.15, 50.79, 49.49, 46.49, 48.75, 54.65, 52.96, 54.54, 59.58, 56.07, 59.42, 61.22, 60.52, 59.72, 56.44, 59.76, 52.28, 57.66, 59.15, 53.69, 53.96, 55.15, 46.02, 48.9, 44.45, 49.94, 52.86, 51.02, 50.59, 53.3, 50.42, 56.96, 57.83, 63.91], "labels": [0, 0, 0, 0, 0, 0, 0, 0, 0, 0, 0, 0, 0, 0, 0, 0, 0, 0, 0, 0, 0, 0, 0, 0, 0, 0, 0, 0, 0, 0, 1, 1, 1, 1, 1, 1, 1, 1, 1, 1, 1, 1, 1, 1, 1, 1, 1, 1, 1, 1, 0, 0, 0, 0, 0, 0, 0, 0, 0, 0, 0, 0, 0, 0, 0, 0, 0, 0, 0, 0, 0, 0, 0, 0, 0, 0, 0, 0, 0, 0, 0, 0, 0, 0, 0, 0, 0, 0, 0, 0, 0, 0, 0, 0, 0, 0, 0, 0, 0, 0], "is_anomalous": true, "anomaly_type": "variance_change", "anomaly_positions": [30, 31, 32, 33, 34, 35, 36, 37, 38, 39, 40, 41, 42, 43, 44, 45, 46, 47, 48, 49], "length": 100}