{"id": "anomalous_000103", "series": [45.49, 46.23, 51.28, 49.86, 52.92, 49.42, 48.29, 50.88, 51.52, 49.83, 48.59, 46.01, 47.18, 43.25, 41.15, 43.2, 40.47, 41.36, 40.64, 40.13, 42.44, 43.37, 41.59, 45.32, 45.45, 45.46, 47.32, 48.13, 49.1, 49.54, 49.47, 51.26, 48.79, 49.32, 45.91, 46.2, 45.17, 43.27, 42.92, 41.55, 40.7, 40.13, 39.21, 38.59, 42.22, 39.35, 41.67, 43.74, 42.53, 76.48973116987749, 76.48973116987749, 75.59973116987749, 78.25973116987748, 80.87973116987749, 79.74973116987749, 77.5897311698775, 77.74973116987749, 75.75973116987748, 77.5897311698775, 46.05, 43.47, 40.59, 42.09, 38.9, 41.06, 38.26, 41.06, 42.93, 39.52, 39.45, 39.51, 42.82, 42.67, 45.41, 45.94, 48.26, 49.26, 51.75, 51.31, 49.91, 49.86, 45.93, 48.47, 47.21, 44.79, 45.65, 40.69, 42.96, 39.03, 39.67, 36.43, 41.27, 41.2, 42.05, 43.14, 42.1, 46.34, 48.46, 47.74, 48.88], "labels": [0, 0, 0, 0, 0, 0, 0, 0, 0, 0, 0, 0, 0, 0, 0, 0, 0, 0, 0, 0, 0, 0, 0, 0, 0, 0, 0, 0, 0, 0, 0, 0, 0, 0, 0, 0, 0, 0, 0, 0, 0, 0, 0, 0, 0, 0, 0, 0, 0, 1, 1, 1, 1, 1, 1, 1, 1, 1, 1, 0, 0, 0, 0, 0, 0, 0, 0, 0, 0, 0, 0, 0, 0, 0, 0, 0, 0, 0, 0, 0, 0, 0, 0, 0, 0, 0, 0, 0, 0, 0, 0, 0, 0, 0, 0, 0, 0, 0, 0, 0], "is_anomalous": true, "anomaly_type": "shift", "anomaly_positions": [49, 50, 51, 52, 53, 54, 55, 56, 57, 58], "length": 100}