{"id": "anomalous_000418", "series": [46.47, 45.69, 52.27, 48.84, 54.77, 49.74, 53.49, 52.73, 59.1, 52.22, 55.42, 52.38, 48.11, 46.46, 47.93, 42.11, 43.59, 50.49, 45.85, 44.71, 42.89, 47.58, 52.84, 47.94, 49.07, 50.73, 58.03, 51.29, 57.2, 48.1, 56.39, 56.19, 52.51, 55.85, 49.79, 51.02, 48.65, 45.21, 56.74, 46.41, 39.57, 47.83, 44.89, 47.2, 44.28, 42.61, 52.69, 47.25, 49.76, 47.79, 57.53, 55.19, 54.54, 59.54, 50.14, 58.99, 57.32, 10.583734567254837, 32.95206513958128, 46.566868158385, 51.81635354527321, 18.843276619492407, 41.953390969776336, 38.74494890632988, 68.1788985124546, 49.614691329539134, 64.78921378747823, 51.71421799363598, 26.14677355436946, 61.45034845149828, 18.635238098945333, 53.12019884809283, 71.6323532629921, 29.39995559005222, 79.24974101367106, 52.67109185917372, 63.355512851237975, 53.08, 56.35, 63.79, 53.79, 56.41, 52.89, 50.63, 44.08, 49.01, 41.12, 42.11, 41.95, 47.07, 44.29, 40.97, 42.52, 49.74, 43.83, 48.07, 45.75, 47.53, 54.32, 57.06], "labels": [0, 0, 0, 0, 0, 0, 0, 0, 0, 0, 0, 0, 0, 0, 0, 0, 0, 0, 0, 0, 0, 0, 0, 0, 0, 0, 0, 0, 0, 0, 0, 0, 0, 0, 0, 0, 0, 0, 0, 0, 0, 0, 0, 0, 0, 0, 0, 0, 0, 0, 0, 0, 0, 0, 0, 0, 0, 1, 1, 1, 1, 1, 1, 1, 1, 1, 1, 1, 1, 1, 1, 1, 1, 1, 1, 1, 1, 0, 0, 0, 0, 0, 0, 0, 0, 0, 0, 0, 0, 0, 0, 0, 0, 0, 0, 0, 0, 0, 0, 0], "is_anomalous": true, "anomaly_type": "variance_change", "anomaly_positions": [57, 58, 59, 60, 61, 62, 63, 64, 65, 66, 67, 68, 69, 70, 71, 72, 73, 74, 75, 76], "length": 100}