{"id": "anomalous_000345", "series": [44.55, 47.25, 48.24, 45.87, 50.1, 49.53, 46.95, 49.08, 50.08, 47.17, 46.66, 44.79, 44.54, 42.49, 44.11, 41.14, 42.63, 42.33, 38.22, 42.83, 40.36, 40.71, 44.79, 44.57, 45.63, 49.3, 50.7, 47.79, 53.67, 51.18, 49.43, 53.83, 51.73, 49.61, 45.69, 46.9, 42.71, 44.24, 44.37, 44.33, 42.99, 41.02, 45.84, 39.66, 42.79, 45.51, 42.86, 42.55, 48.16, 50.16, 47.46, 50.52, 51.64, 51.61, 51.64, 49.86, 51.48, 52.58, 49.94, 45.271608872664544, 35.34537252493746, 40.951049021797246, 94.67377668922082, 52.088806194359634, 64.11124675188712, 47.09310112220018, 49.88049240097297, 72.21076069187315, 74.92310491974082, 51.43973814095588, 50.479880276941685, 35.625913067949845, 19.29620986219958, 33.506867519188035, 56.077217776475564, 62.16844824202387, 59.76059484834383, 53.66464662077861, 35.07353904264676, 52.33, 49.69, 52.06, 51.01, 48.83, 46.57, 46.82, 44.49, 46.5, 44.81, 43.76, 45.88, 41.6, 43.94, 44.43, 44.9, 45.29, 47.38, 47.44, 52.13, 51.3], "labels": [0, 0, 0, 0, 0, 0, 0, 0, 0, 0, 0, 0, 0, 0, 0, 0, 0, 0, 0, 0, 0, 0, 0, 0, 0, 0, 0, 0, 0, 0, 0, 0, 0, 0, 0, 0, 0, 0, 0, 0, 0, 0, 0, 0, 0, 0, 0, 0, 0, 0, 0, 0, 0, 0, 0, 0, 0, 0, 0, 1, 1, 1, 1, 1, 1, 1, 1, 1, 1, 1, 1, 1, 1, 1, 1, 1, 1, 1, 1, 0, 0, 0, 0, 0, 0, 0, 0, 0, 0, 0, 0, 0, 0, 0, 0, 0, 0, 0, 0, 0], "is_anomalous": true, "anomaly_type": "variance_change", "anomaly_positions": [59, 60, 61, 62, 63, 64, 65, 66, 67, 68, 69, 70, 71, 72, 73, 74, 75, 76, 77, 78], "length": 100}