{"id": "anomalous_000466", "series": [44.95, 50.38, 49.02, 50.03, 50.5, 53.19, 53.21, 52.75, 54.19, 51.45, 50.77, 46.84, 48.94, 42.92, 45.11, 40.8, 43.2, 43.52, 40.27, 41.17, 40.13, 45.28, 42.48, 47.12, 47.78, 48.3, 49.79, 52.9, 50.55, 50.15, 52.37, 53.21, 49.02, 46.58, 49.71, 30.59375517538274, 19.277202126493513, 46.131320987639505, 32.03021028927631, 57.45015614596862, 33.71826652445755, 31.767674326930315, 39.186354936176926, 37.81348872162885, 55.30459450213624, 38.35036696056675, 57.54644147329612, 47.617193989143544, 47.23260730493599, 48.72875722461766, 33.154835045902544, 33.36448792027626, 29.9184703863594, 85.47218145663217, 35.19977434634275, 50.47, 53.56, 51.06, 51.61, 50.34, 45.97, 42.85, 46.61, 44.58, 43.44, 44.26, 43.22, 42.64, 40.14, 43.59, 48.09, 48.49, 47.11, 48.61, 49.71, 51.47, 52.91, 54.07, 52.59, 52.21, 52.49, 54.28, 49.99, 46.98, 47.59, 45.56, 44.07, 43.55, 47.24, 43.36, 43.7, 43.02, 41.28, 46.11, 46.5, 44.39, 47.56, 51.79, 52.38, 52.22], "labels": [0, 0, 0, 0, 0, 0, 0, 0, 0, 0, 0, 0, 0, 0, 0, 0, 0, 0, 0, 0, 0, 0, 0, 0, 0, 0, 0, 0, 0, 0, 0, 0, 0, 0, 0, 1, 1, 1, 1, 1, 1, 1, 1, 1, 1, 1, 1, 1, 1, 1, 1, 1, 1, 1, 1, 0, 0, 0, 0, 0, 0, 0, 0, 0, 0, 0, 0, 0, 0, 0, 0, 0, 0, 0, 0, 0, 0, 0, 0, 0, 0, 0, 0, 0, 0, 0, 0, 0, 0, 0, 0, 0, 0, 0, 0, 0, 0, 0, 0, 0], "is_anomalous": true, "anomaly_type": "variance_change", "anomaly_positions": [35, 36, 37, 38, 39, 40, 41, 42, 43, 44, 45, 46, 47, 48, 49, 50, 51, 52, 53, 54], "length": 100}