{"id": "anomalous_000736", "series": [49.51, 52.73, 54.67, 52.97, 54.43, 56.82, 51.14, 56.14, 54.49, 55.03, 54.2, 55.05, 47.74, 49.84, 50.1, 47.24, 46.57, 44.61, 47.03, 48.56, 47.98, 47.33, 46.91, 50.93, 49.21, 54.56, 51.07, 50.02, 56.2, 54.11, 56.08, 55.28, 54.5, 54.63, 57.78, 51.62, 51.36, 50.12, 50.78, 45.68, 45.43, 46.14, 45.74, 46.74, 49.09, 46.34, 48.11, 21.580273051231956, 24.080273051231956, 28.400273051231956, 26.390273051231958, 26.260273051231955, 30.410273051231954, 29.020273051231953, 28.460273051231958, 28.160273051231954, 27.440273051231955, 54.73, 51.85, 54.47, 52.59, 52.11, 49.05, 48.23, 45.45, 44.09, 44.94, 45.21, 45.83, 46.55, 47.52, 50.1, 48.92, 51.97, 54.45, 53.19, 54.06, 57.22, 55.74, 57.63, 55.87, 53.63, 53.22, 51.0, 51.51, 52.04, 48.77, 47.12, 48.2, 43.8, 47.42, 43.26, 45.28, 47.29, 49.75, 52.25, 49.44, 52.9, 51.73, 54.38], "labels": [0, 0, 0, 0, 0, 0, 0, 0, 0, 0, 0, 0, 0, 0, 0, 0, 0, 0, 0, 0, 0, 0, 0, 0, 0, 0, 0, 0, 0, 0, 0, 0, 0, 0, 0, 0, 0, 0, 0, 0, 0, 0, 0, 0, 0, 0, 0, 1, 1, 1, 1, 1, 1, 1, 1, 1, 1, 0, 0, 0, 0, 0, 0, 0, 0, 0, 0, 0, 0, 0, 0, 0, 0, 0, 0, 0, 0, 0, 0, 0, 0, 0, 0, 0, 0, 0, 0, 0, 0, 0, 0, 0, 0, 0, 0, 0, 0, 0, 0, 0], "is_anomalous": true, "anomaly_type": "shift", "anomaly_positions": [47, 48, 49, 50, 51, 52, 53, 54, 55, 56], "length": 100}