{"id": "anomalous_000733", "series": [54.36, 56.48, 53.35, 56.89, 51.97, 59.1, 53.98, 54.89, 50.13, 57.69, 58.71, 49.19, 54.15, 57.19, 49.49, 48.1, 47.22, 46.78, 45.12, 46.34, 46.85, 45.02, 46.52, 51.12, 56.8, 59.94, 52.01, 57.21, 56.11, 55.68, 50.51, 58.46, 55.134155368208056, 61.21680856150141, 59.082458848007725, 53.28310546859946, 54.04515020919195, 58.142328838679525, 56.630954423553646, 53.367699072334915, 60.784782786389314, 50.426849364843136, 56.488250031129226, 54.7756988465742, 64.3850145103693, 60.1913597133966, 73.39931579252573, 70.58616828387787, 79.81101405866318, 63.40649382484235, 64.14728040314094, 71.54273727411714, 73.3089361442032, 69.80181633942985, 73.02130082242525, 68.79632193071262, 82.89161400134438, 80.15163511178301, 84.5485271063083, 77.06115704795289, 89.08367505313382, 69.32825594777566, 91.35737626652451, 69.02452766569631, 95.85076872809819, 95.19908411287591, 90.96021434907948, 98.89949670030929, 81.91888777751518, 93.90087759098624, 67.58641957881078, 102.10470508332168, 77.17928029298294, 89.89343804827223, 110.8134440733859, 82.93781450731385, 122.79401873402273, 108.6031622262685, 114.11482327620797, 82.81337930444847, 84.98192694208666, 119.477473375792, 98.11811031905323, 116.99648130132145, 102.95577927265892, 94.7044545277692, 128.8257735741591, 82.62470535171529, 72.80338912785902, 79.24014882167188, 120.70262442948459, 118.48689579158692, 100.06824201963815, 140.2252240226369, 85.4198195725266, 125.55772887463888, 104.16476708969333, 145.7378391042188, 132.77441139060343, 156.67531960348103], "labels": [0, 0, 0, 0, 0, 0, 0, 0, 0, 0, 0, 0, 0, 0, 0, 0, 0, 0, 0, 0, 0, 0, 0, 0, 0, 0, 0, 0, 0, 0, 0, 1, 1, 1, 1, 1, 1, 1, 1, 1, 1, 1, 1, 1, 1, 1, 1, 1, 1, 1, 1, 1, 1, 1, 1, 1, 1, 1, 1, 1, 1, 1, 1, 1, 1, 1, 1, 1, 1, 1, 1, 1, 1, 1, 1, 1, 1, 1, 1, 1, 1, 1, 1, 1, 1, 1, 1, 1, 1, 1, 1, 1, 1, 1, 1, 1, 1, 1, 1, 1], "is_anomalous": true, "anomaly_type": "trend_change", "anomaly_positions": [31, 32, 33, 34, 35, 36, 37, 38, 39, 40, 41, 42, 43, 44, 45, 46, 47, 48, 49, 50, 51, 52, 53, 54, 55, 56, 57, 58, 59, 60, 61, 62, 63, 64, 65, 66, 67, 68, 69, 70, 71, 72, 73, 74, 75, 76, 77, 78, 79, 80, 81, 82, 83, 84, 85, 86, 87, 88, 89, 90, 91, 92, 93, 94, 95, 96, 97, 98, 99], "length": 100}