{"id": "anomalous_000484", "series": [50.12, 58.83, 54.46, 56.45, 61.37, 54.79, 53.97, 58.16, 56.84, 53.43, 52.68, 58.4, 50.5, 52.99, 47.19, 45.68, 46.18, 47.78, 48.46, 47.43, 47.79, 50.23, 49.3, 51.07, 52.83, 50.64, 57.6, 52.55, 56.19, 55.83, 56.5, 57.35, 53.12, 54.58, 51.72, 51.31, 50.7, 49.25, 50.5, 49.29, 46.22, 46.47, 45.52, 45.69, 47.08, 46.84, 46.19, 48.42, 48.72, 45.36265002850596, 76.87916078291823, 53.6540103455983, 59.82551997365559, 60.07315923337869, 88.89106114605627, 75.76952336065979, 49.72143199170679, 47.4839388322257, 63.48232179134593, 73.1124345455633, 65.55634001471685, 43.86749002313208, 40.376597187178085, 50.62222766046003, 50.84690638101939, 44.45121233282693, 43.84817490508734, 50.19047854133079, 37.27514236939409, 43.39, 49.08, 51.46, 51.67, 50.12, 49.95, 52.69, 54.17, 55.8, 53.15, 60.36, 56.94, 54.19, 51.95, 51.76, 50.28, 50.93, 46.5, 50.28, 47.04, 46.25, 47.89, 42.24, 51.4, 47.05, 46.61, 46.65, 48.88, 52.38, 52.56, 52.34], "labels": [0, 0, 0, 0, 0, 0, 0, 0, 0, 0, 0, 0, 0, 0, 0, 0, 0, 0, 0, 0, 0, 0, 0, 0, 0, 0, 0, 0, 0, 0, 0, 0, 0, 0, 0, 0, 0, 0, 0, 0, 0, 0, 0, 0, 0, 0, 0, 0, 0, 1, 1, 1, 1, 1, 1, 1, 1, 1, 1, 1, 1, 1, 1, 1, 1, 1, 1, 1, 1, 0, 0, 0, 0, 0, 0, 0, 0, 0, 0, 0, 0, 0, 0, 0, 0, 0, 0, 0, 0, 0, 0, 0, 0, 0, 0, 0, 0, 0, 0, 0], "is_anomalous": true, "anomaly_type": "variance_change", "anomaly_positions": [49, 50, 51, 52, 53, 54, 55, 56, 57, 58, 59, 60, 61, 62, 63, 64, 65, 66, 67, 68], "length": 100}