{"id": "anomalous_000727", "series": [48.43, 46.59, 48.98, 49.13, 48.78, 49.16, 50.85, 48.56, 50.12, 44.73, 43.36, 43.99, 46.39, 43.53, 39.78, 39.09, 44.76, 40.87, 42.51, 41.28, 43.06, 43.37, 42.71, 42.84, 44.54, 48.65, 43.29, 48.26, 46.44, 50.21, 51.85, 49.13, 51.17, 45.8, 44.72, 47.35, 44.06, 41.65, 43.72, 53.63386180150897, 49.128985074283065, 57.98846928173055, 19.18346817520959, 40.77432935604057, 48.99526421863905, 39.494159978684586, 32.4109237801121, 38.17593593689698, -2.84547963307719, 38.87456958517269, 24.160430965974545, 72.94145749255304, 69.56053589756159, 32.88814655022679, 45.971741117823136, 39.50705403756125, 23.849033215725203, 53.03877423201695, 8.102104751052835, 46.12, 46.22, 43.36, 39.85, 37.02, 37.7, 36.37, 41.8, 38.56, 40.61, 39.35, 40.18, 39.92, 44.77, 48.72, 44.56, 47.17, 51.82, 45.52, 45.75, 48.19, 48.48, 44.43, 46.23, 47.04, 45.76, 39.15, 37.54, 38.89, 36.95, 33.83, 39.82, 44.42, 38.27, 40.87, 39.74, 42.68, 45.68, 44.11, 49.13, 43.33], "labels": [0, 0, 0, 0, 0, 0, 0, 0, 0, 0, 0, 0, 0, 0, 0, 0, 0, 0, 0, 0, 0, 0, 0, 0, 0, 0, 0, 0, 0, 0, 0, 0, 0, 0, 0, 0, 0, 0, 0, 1, 1, 1, 1, 1, 1, 1, 1, 1, 1, 1, 1, 1, 1, 1, 1, 1, 1, 1, 1, 0, 0, 0, 0, 0, 0, 0, 0, 0, 0, 0, 0, 0, 0, 0, 0, 0, 0, 0, 0, 0, 0, 0, 0, 0, 0, 0, 0, 0, 0, 0, 0, 0, 0, 0, 0, 0, 0, 0, 0, 0], "is_anomalous": true, "anomaly_type": "variance_change", "anomaly_positions": [39, 40, 41, 42, 43, 44, 45, 46, 47, 48, 49, 50, 51, 52, 53, 54, 55, 56, 57, 58], "length": 100}