{"id": "anomalous_000309", "series": [54.91, 52.96, 54.44, 58.56, 56.39, 56.25, 56.81, 56.12, 57.38, 58.55, 57.63, 56.33, 48.9, 51.61, 50.08, 50.75, 51.34, 49.95, 48.55, 45.47, 49.48, 49.87, 51.17, 49.43, 52.57, 53.42, 55.54, 58.33, 53.14, 59.04, 59.57, 55.17, 54.61, 54.31, 58.07, 54.63, 51.65, 51.39, 50.54, 47.4, 45.3, 46.36, 45.91, 49.61, 47.2, 48.13, 46.98, 49.42, 54.25, 53.29, 55.2, 57.04, 59.41, 56.64, 55.66, 42.45232547297953, 54.150849961251744, 54.934633422311364, 53.658577479445164, 47.08216324419286, 53.75627288917423, 47.088180064764465, 51.53473413725594, 18.850247797093377, 69.88579207701203, 60.97916686685055, 17.834134435645836, 60.574656187274556, 25.857039014500725, 49.87145213148387, 8.228706272347758, 44.31101862369504, 46.263934356604636, 61.27014598413901, 17.99080984628106, 52.95, 56.05, 57.6, 53.75, 56.6, 57.43, 54.66, 49.59, 52.55, 52.72, 47.96, 47.71, 44.09, 43.99, 43.26, 42.77, 43.82, 49.37, 42.32, 48.36, 47.81, 48.62, 49.49, 50.43, 52.31], "labels": [0, 0, 0, 0, 0, 0, 0, 0, 0, 0, 0, 0, 0, 0, 0, 0, 0, 0, 0, 0, 0, 0, 0, 0, 0, 0, 0, 0, 0, 0, 0, 0, 0, 0, 0, 0, 0, 0, 0, 0, 0, 0, 0, 0, 0, 0, 0, 0, 0, 0, 0, 0, 0, 0, 0, 1, 1, 1, 1, 1, 1, 1, 1, 1, 1, 1, 1, 1, 1, 1, 1, 1, 1, 1, 1, 0, 0, 0, 0, 0, 0, 0, 0, 0, 0, 0, 0, 0, 0, 0, 0, 0, 0, 0, 0, 0, 0, 0, 0, 0], "is_anomalous": true, "anomaly_type": "variance_change", "anomaly_positions": [55, 56, 57, 58, 59, 60, 61, 62, 63, 64, 65, 66, 67, 68, 69, 70, 71, 72, 73, 74], "length": 100}