{"id": "anomalous_000526", "series": [50.79, 53.13, 53.15, 56.05, 54.11, 57.68, 56.04, 54.08, 54.14, 57.51, 55.91, 52.37, 49.34, 48.23, 48.97, 47.85, 46.82, 48.23, 43.08, 43.49, 47.36, 47.65, 47.82, 49.53, 52.69, 53.38, 54.1, 54.8, 54.7, 55.19, 56.55, 54.85, 56.62, 56.79, 53.88, 54.55, 50.25, 49.77, 51.41, 50.19, 47.63, 46.6, 48.09, 48.63, 49.17, 51.11, 49.53, 51.21, 53.02, 53.76, 55.93, 55.27, 56.85, 56.51, 58.02, 57.71, 57.3, 57.76, 58.62, 52.72, 53.86553245868107, 55.36545595091407, 53.53430210053589, 50.74351061185276, 53.96474766410966, 58.38521070600801, 54.8932474079787, 52.03199006388137, 53.796987006277064, 63.17787798976997, 56.5928677348492, 63.58083800590663, 66.88957748061839, 70.84723800654508, 70.87121538135418, 80.23916441697149, 82.12698378256006, 77.67553310000847, 79.46334780670182, 82.0488843584365, 77.00190973438072, 71.62344892790462, 73.93210300984711, 80.06658980808291, 80.90747467649454, 78.79820494861764, 68.16859604018869, 77.39510986576695, 73.36295598238372, 80.56436794164499, 78.45106855290629, 78.29437293339954, 77.59019443957318, 81.20752757431234, 104.25413718303544, 76.71092572185218, 105.90738156012719, 75.66442194501471, 105.79094610185288, 104.54454254974004], "labels": [0, 0, 0, 0, 0, 0, 0, 0, 0, 0, 0, 0, 0, 0, 0, 0, 0, 0, 0, 0, 0, 0, 0, 0, 0, 0, 0, 0, 0, 0, 0, 0, 0, 0, 0, 0, 0, 0, 0, 0, 0, 0, 0, 0, 0, 0, 0, 0, 0, 0, 0, 0, 0, 0, 0, 0, 0, 0, 0, 1, 1, 1, 1, 1, 1, 1, 1, 1, 1, 1, 1, 1, 1, 1, 1, 1, 1, 1, 1, 1, 1, 1, 1, 1, 1, 1, 1, 1, 1, 1, 1, 1, 1, 1, 1, 1, 1, 1, 1, 1], "is_anomalous": true, "anomaly_type": "trend_change", "anomaly_positions": [59, 60, 61, 62, 63, 64, 65, 66, 67, 68, 69, 70, 71, 72, 73, 74, 75, 76, 77, 78, 79, 80, 81, 82, 83, 84, 85, 86, 87, 88, 89, 90, 91, 92, 93, 94, 95, 96, 97, 98, 99], "length": 100}