{"id": "anomalous_000079", "series": [45.02, 52.17, 52.91, 53.86, 55.9, 57.04, 57.28, 55.21, 54.9, 57.07, 51.02, 52.36, 53.06, 47.88, 50.38, 48.2, 44.46, 51.09, 47.15, 48.58, 44.02, 47.08, 45.82, 49.0, 50.39, 51.55, 57.94, 55.6, 56.26, 59.94, 60.14, 55.89, 54.51, 55.3, 52.69, 55.88, 49.93, 46.42, 44.19, 49.03, 47.53, 46.83, 49.12, 45.15, 43.16, 51.09, 45.96, 49.21, 50.8, 50.96, 54.52, 56.8, 59.62, 55.21, 59.51, 56.5, 57.04, 55.81, 58.52, 52.04, 51.46, 52.63, 49.35, 44.62, 40.76, 48.65, 76.69295206112199, 75.85295206112198, 78.572952061122, 76.16295206112198, 80.322952061122, 81.432952061122, 80.88295206112198, 83.73295206112199, 83.712952061122, 83.38295206112198, 57.51, 55.61, 57.76, 54.69, 53.95, 56.88, 54.16, 53.81, 48.81, 50.58, 52.04, 43.96, 43.41, 51.79, 45.64, 45.79, 47.08, 51.83, 45.13, 50.78, 45.31, 53.74, 51.98, 55.46], "labels": [0, 0, 0, 0, 0, 0, 0, 0, 0, 0, 0, 0, 0, 0, 0, 0, 0, 0, 0, 0, 0, 0, 0, 0, 0, 0, 0, 0, 0, 0, 0, 0, 0, 0, 0, 0, 0, 0, 0, 0, 0, 0, 0, 0, 0, 0, 0, 0, 0, 0, 0, 0, 0, 0, 0, 0, 0, 0, 0, 0, 0, 0, 0, 0, 0, 0, 1, 1, 1, 1, 1, 1, 1, 1, 1, 1, 0, 0, 0, 0, 0, 0, 0, 0, 0, 0, 0, 0, 0, 0, 0, 0, 0, 0, 0, 0, 0, 0, 0, 0], "is_anomalous": true, "anomaly_type": "shift", "anomaly_positions": [66, 67, 68, 69, 70, 71, 72, 73, 74, 75], "length": 100}