{"id": "anomalous_000275", "series": [59.33, 52.36, 57.05, 54.09, 54.88, 57.29, 58.66, 55.54, 58.18, 57.78, 56.42, 52.01, 53.26, 48.52, 44.64, 48.06, 45.48, 46.47, 49.46, 46.79, 49.69, 50.84, 49.36, 49.92, 51.04, 62.23, 56.07, 55.83, 54.88, 57.45, 57.92, 57.66, 57.42, 54.71, 51.92, 54.92, 52.56, 51.25, 48.59, 47.03, 46.0, 52.36, 56.47, 40.42, 43.66, 47.96, 49.22, 53.72, 54.4, 48.72, 53.92, 61.09, 56.29, 58.25, 55.42, 60.59, 56.13, 57.4, 54.31, 50.12, 52.52818870181162, 48.63030396675853, 54.32330943250465, 53.399618660490646, 51.185986236070136, 51.76247460580214, 48.791722825620155, 51.59306996297687, 50.632320204046394, 63.67973356675707, 54.597507035057085, 66.95077661273154, 59.0768484153958, 66.9118657533895, 72.54890612421488, 60.90697378880148, 83.2188901170381, 73.69760244628068, 80.08921793880036, 78.35118233992887, 69.87079498193307, 83.61408505468279, 69.42500568662696, 82.29450714823322, 82.45035618738484, 71.69121170535459, 89.29041884148117, 85.90703391838537, 77.51464105877305, 89.18931063803294, 91.66932669107193, 75.19970776196584, 66.05428732822409, 80.59457696715754, 100.32378899895633, 85.94524203350929, 105.96792494065275, 80.23846153120394, 91.76654812883946, 87.46982863800261], "labels": [0, 0, 0, 0, 0, 0, 0, 0, 0, 0, 0, 0, 0, 0, 0, 0, 0, 0, 0, 0, 0, 0, 0, 0, 0, 0, 0, 0, 0, 0, 0, 0, 0, 0, 0, 0, 0, 0, 0, 0, 0, 0, 0, 0, 0, 0, 0, 0, 0, 0, 0, 0, 0, 0, 0, 0, 0, 0, 0, 1, 1, 1, 1, 1, 1, 1, 1, 1, 1, 1, 1, 1, 1, 1, 1, 1, 1, 1, 1, 1, 1, 1, 1, 1, 1, 1, 1, 1, 1, 1, 1, 1, 1, 1, 1, 1, 1, 1, 1, 1], "is_anomalous": true, "anomaly_type": "trend_change", "anomaly_positions": [59, 60, 61, 62, 63, 64, 65, 66, 67, 68, 69, 70, 71, 72, 73, 74, 75, 76, 77, 78, 79, 80, 81, 82, 83, 84, 85, 86, 87, 88, 89, 90, 91, 92, 93, 94, 95, 96, 97, 98, 99], "length": 100}