{"id": "anomalous_000155", "series": [55.26, 53.51, 58.79, 53.56, 58.46, 57.83, 59.44, 54.99, 58.4, 53.86, 58.93, 55.83, 51.06, 53.58, 47.53, 47.38, 48.65, 46.22, 49.28, 49.09, 47.65, 50.11, 50.74, 51.72, 58.12, 57.09, 53.7, 60.27, 59.15, 56.14, 55.86, 54.51, 58.69, 56.44, 51.11, 58.15, 52.4, 53.67, 53.08, 52.55, 47.16, 50.36, 47.72, 45.79, 50.06, 47.6, 54.09, 51.7, 55.4, 55.79, 56.54, 56.2, 59.43, 63.81, 58.06, 54.2, 59.83, 58.18, 59.21, 56.18, 56.24, 50.52, 54.72, 49.8, 51.01, 48.95, 48.01, 51.51138322801715, 54.152203968777314, 52.51954040342048, 53.3912592053466, 58.47034026017713, 61.03109437892533, 62.680931693388196, 60.90577825980255, 65.06530058907326, 65.94991364994718, 71.20283224203146, 70.77866047722627, 78.97523536408961, 71.9052043366691, 73.43167879804675, 81.96550941447889, 79.8187329795467, 65.07614823776471, 73.49070821678204, 66.49911212532865, 69.0436960327885, 72.80545097141244, 77.4825783308499, 86.9374553794778, 66.38128157921123, 71.8028592925147, 90.89352227671574, 88.10295562102485, 79.56299069631038, 84.65221976649894, 79.40000099688696, 109.00671653925994, 96.50899824874045], "labels": [0, 0, 0, 0, 0, 0, 0, 0, 0, 0, 0, 0, 0, 0, 0, 0, 0, 0, 0, 0, 0, 0, 0, 0, 0, 0, 0, 0, 0, 0, 0, 0, 0, 0, 0, 0, 0, 0, 0, 0, 0, 0, 0, 0, 0, 0, 0, 0, 0, 0, 0, 0, 0, 0, 0, 0, 0, 0, 0, 0, 0, 0, 0, 0, 0, 0, 1, 1, 1, 1, 1, 1, 1, 1, 1, 1, 1, 1, 1, 1, 1, 1, 1, 1, 1, 1, 1, 1, 1, 1, 1, 1, 1, 1, 1, 1, 1, 1, 1, 1], "is_anomalous": true, "anomaly_type": "trend_change", "anomaly_positions": [66, 67, 68, 69, 70, 71, 72, 73, 74, 75, 76, 77, 78, 79, 80, 81, 82, 83, 84, 85, 86, 87, 88, 89, 90, 91, 92, 93, 94, 95, 96, 97, 98, 99], "length": 100}