{"id": "anomalous_000639", "series": [43.66, 47.86, 48.61, 48.63, 52.57, 48.82, 50.28, 49.39, 52.41, 50.78, 44.68, 47.27, 47.55, 42.89, 42.33, 39.29, 40.18, 37.61, 39.07, 38.93, 39.34, 43.67, 42.63, 42.92, 43.1, 45.17, 46.37, 49.79, 50.66, 49.84, 49.71, 49.22, 50.21, 48.2, 50.08, 47.85, 43.24, 44.28, 44.66, 40.49, 39.31, 37.41, 40.49, 37.75, 40.9, 42.3, 44.68, 43.45, 43.01, 47.95, 46.31, 48.55, 49.58, 49.45, 50.16, 47.7, 46.1, 48.89, 45.26, 16.45133948170494, 14.731339481704943, 13.731339481704943, 12.501339481704939, 13.061339481704941, 9.621339481704936, 9.681339481704939, 6.831339481704937, 11.291339481704938, 10.85133948170494, 41.02, 43.67, 44.59, 42.81, 42.93, 44.69, 47.67, 49.29, 49.48, 49.37, 51.25, 49.84, 50.17, 42.79, 45.81, 45.6, 40.67, 42.64, 42.78, 37.07, 38.31, 36.09, 38.76, 37.15, 38.77, 39.74, 40.27, 44.06, 44.51, 48.86, 47.12], "labels": [0, 0, 0, 0, 0, 0, 0, 0, 0, 0, 0, 0, 0, 0, 0, 0, 0, 0, 0, 0, 0, 0, 0, 0, 0, 0, 0, 0, 0, 0, 0, 0, 0, 0, 0, 0, 0, 0, 0, 0, 0, 0, 0, 0, 0, 0, 0, 0, 0, 0, 0, 0, 0, 0, 0, 0, 0, 0, 0, 1, 1, 1, 1, 1, 1, 1, 1, 1, 1, 0, 0, 0, 0, 0, 0, 0, 0, 0, 0, 0, 0, 0, 0, 0, 0, 0, 0, 0, 0, 0, 0, 0, 0, 0, 0, 0, 0, 0, 0, 0], "is_anomalous": true, "anomaly_type": "shift", "anomaly_positions": [59, 60, 61, 62, 63, 64, 65, 66, 67, 68], "length": 100}