{"id": "anomalous_000384", "series": [50.32, 51.54, 51.86, 57.88, 53.25, 54.35, 54.31, 58.15, 51.29, 57.1, 51.38, 48.49, 53.4, 52.43, 46.65, 44.66, 47.67, 42.29, 43.81, 50.18, 45.61, 46.75, 47.46, 47.65, 49.95, 53.64, 52.2, 53.82, 52.43, 54.99, 56.79, 54.21, 52.71, 53.12, 50.67, 49.89, 50.5, 49.56, 48.27, 41.57, 45.46, 45.44, 43.48, 44.25, 46.63, 42.08, 45.88, 50.0, 50.47, 46.11, 52.67, 53.4, 52.69, 50.63, 54.02, 53.73, 53.2, 51.51, 50.63, 53.75, 52.5, 49.95, 45.08, 49.23, 45.71, 42.37, 8.263507779518886, 61.5254312646784, 57.53113737054875, 16.446952903678707, 32.27830255536, 34.80109831289097, 50.61625729423021, 41.7993018414978, 61.80252273050472, 77.35893766139584, 50.88833346993175, 16.76198850124451, 46.78838085926262, 43.85846968304844, 50.18281421639694, 59.56549950428061, 75.454545790736, 57.712332953750014, 58.930740787383044, 54.84161044564487, 47.48, 45.12, 45.16, 42.55, 44.46, 45.59, 39.36, 45.15, 44.65, 46.85, 47.02, 52.32, 50.09, 51.59], "labels": [0, 0, 0, 0, 0, 0, 0, 0, 0, 0, 0, 0, 0, 0, 0, 0, 0, 0, 0, 0, 0, 0, 0, 0, 0, 0, 0, 0, 0, 0, 0, 0, 0, 0, 0, 0, 0, 0, 0, 0, 0, 0, 0, 0, 0, 0, 0, 0, 0, 0, 0, 0, 0, 0, 0, 0, 0, 0, 0, 0, 0, 0, 0, 0, 0, 0, 1, 1, 1, 1, 1, 1, 1, 1, 1, 1, 1, 1, 1, 1, 1, 1, 1, 1, 1, 1, 0, 0, 0, 0, 0, 0, 0, 0, 0, 0, 0, 0, 0, 0], "is_anomalous": true, "anomaly_type": "variance_change", "anomaly_positions": [66, 67, 68, 69, 70, 71, 72, 73, 74, 75, 76, 77, 78, 79, 80, 81, 82, 83, 84, 85], "length": 100}