{"id": "anomalous_000119", "series": [47.25, 46.48, 50.17, 49.04, 48.2, 48.99, 49.24, 47.8, 49.62, 47.44, 47.61, 45.3, 44.6, 44.69, 43.14, 42.26, 41.14, 38.66, 38.8, 36.24, 42.06, 41.31, 45.55, 44.89, 44.73, 47.23, 47.52, 50.28, 49.94, 51.88, 49.77, 44.25, 50.0, 48.68, 47.62, 46.64, 43.59, 42.41184143136196, 44.431933696642375, 44.71031865967462, 46.589003794074046, 41.312679658625925, 42.14219373926373, 44.83736560639089, 47.734212239187286, 51.72070636282797, 56.521857659968646, 47.721272010259796, 52.898411727247, 55.450130354798695, 66.51033192047983, 62.270517990669056, 73.17174861075422, 65.81915304759156, 61.97550396891564, 68.95829703009741, 66.4072903628396, 69.43022002385226, 74.91159513819517, 71.61124618147839, 77.75630321741508, 69.8361740683359, 58.50122692876417, 58.20427025143445, 79.22049022875245, 73.3865092253603, 65.51214022433916, 56.4893171824742, 55.29285867102614, 60.438663820558844, 72.51372014437548, 74.73116817606353, 87.51990281733754, 76.38956693750538, 82.5327283955926, 73.3782930241025, 86.42794365867353, 88.88148789410585, 74.9190527151564, 89.03123004176095, 80.17243049498666, 101.62718679152681, 87.32014325200561, 96.5494275110248, 101.00647636114117, 109.51946769669877, 89.76024459368293, 110.68084642496268, 84.46973558437985, 108.13212017182823, 103.56134852508838, 78.88736294700036, 70.38106091582983, 118.46386880925479, 91.74172685712801, 76.28177320032297, 96.58746319626067, 115.4459336013581, 76.24905300909921, 95.6668812675188], "labels": [0, 0, 0, 0, 0, 0, 0, 0, 0, 0, 0, 0, 0, 0, 0, 0, 0, 0, 0, 0, 0, 0, 0, 0, 0, 0, 0, 0, 0, 0, 0, 0, 0, 0, 0, 0, 1, 1, 1, 1, 1, 1, 1, 1, 1, 1, 1, 1, 1, 1, 1, 1, 1, 1, 1, 1, 1, 1, 1, 1, 1, 1, 1, 1, 1, 1, 1, 1, 1, 1, 1, 1, 1, 1, 1, 1, 1, 1, 1, 1, 1, 1, 1, 1, 1, 1, 1, 1, 1, 1, 1, 1, 1, 1, 1, 1, 1, 1, 1, 1], "is_anomalous": true, "anomaly_type": "trend_change", "anomaly_positions": [36, 37, 38, 39, 40, 41, 42, 43, 44, 45, 46, 47, 48, 49, 50, 51, 52, 53, 54, 55, 56, 57, 58, 59, 60, 61, 62, 63, 64, 65, 66, 67, 68, 69, 70, 71, 72, 73, 74, 75, 76, 77, 78, 79, 80, 81, 82, 83, 84, 85, 86, 87, 88, 89, 90, 91, 92, 93, 94, 95, 96, 97, 98, 99], "length": 100}