{"id": "anomalous_000233", "series": [50.81, 45.51, 48.6, 47.45, 54.9, 53.36, 58.02, 53.78, 51.49, 51.85, 49.31, 52.61, 51.26, 47.75, 46.59, 48.15, 42.54, 41.49, 40.62, 38.31, 41.6, 44.89, 46.2, 42.4, 49.07, 49.32, 51.5, 50.24, 50.45, 50.29, 52.41, 52.01, 54.41, 48.59, 48.44, 50.39, 47.35, 47.37, 43.64, 40.81, 44.42, 42.93, 44.83, 40.2, 44.14, 40.88, 46.28, 45.69, 47.24, 48.54, 46.19, 50.51, 49.25, 51.57, 52.2, 49.41, 49.63, 48.24, 50.44, 65.22168583002603, 69.02634504177962, 42.040052252153565, 21.798163801900724, 35.923922116233264, 49.16880559972431, 36.438231057752766, 32.73097074870549, 29.84008447459185, 56.82674060741237, 37.74520108567022, 58.32150199009369, 55.07121184108847, 61.97920883207393, 50.33760961736674, 78.32703874852274, 26.293939701766774, 9.375480108998403, 60.619561345783154, 59.76217862179546, 49.95, 53.32, 49.54, 50.17, 44.78, 47.97, 43.72, 40.36, 43.5, 38.52, 41.81, 39.8, 39.9, 41.0, 42.48, 41.76, 44.79, 41.21, 47.03, 51.63, 44.76], "labels": [0, 0, 0, 0, 0, 0, 0, 0, 0, 0, 0, 0, 0, 0, 0, 0, 0, 0, 0, 0, 0, 0, 0, 0, 0, 0, 0, 0, 0, 0, 0, 0, 0, 0, 0, 0, 0, 0, 0, 0, 0, 0, 0, 0, 0, 0, 0, 0, 0, 0, 0, 0, 0, 0, 0, 0, 0, 0, 0, 1, 1, 1, 1, 1, 1, 1, 1, 1, 1, 1, 1, 1, 1, 1, 1, 1, 1, 1, 1, 0, 0, 0, 0, 0, 0, 0, 0, 0, 0, 0, 0, 0, 0, 0, 0, 0, 0, 0, 0, 0], "is_anomalous": true, "anomaly_type": "variance_change", "anomaly_positions": [59, 60, 61, 62, 63, 64, 65, 66, 67, 68, 69, 70, 71, 72, 73, 74, 75, 76, 77, 78], "length": 100}