{"id": "anomalous_000798", "series": [44.89, 45.96, 48.88, 50.18, 49.04, 49.83, 49.47, 48.77, 49.27, 46.67, 46.34, 43.92, 44.29, 42.93, 41.57, 41.09, 40.13, 38.77, 37.4, 40.2, 41.02, 41.62, 41.97, 42.11, 45.56, 44.5, 48.93, 46.26, 46.36, 47.49, 48.37, 49.67, 47.32, 48.17, 44.97, 44.67, 42.2, 41.23, 41.28, 38.99, 40.7, 39.76, 38.55, 39.47, 39.49, 39.31, 40.64, 11.318316903741199, 14.748316903741198, 16.8883169037412, 17.5283169037412, 19.0983169037412, 17.3783169037412, 18.2083169037412, 18.048316903741195, 19.0583169037412, 18.408316903741195, 46.18, 45.86, 45.71, 42.83, 40.37, 40.92, 37.84, 35.75, 38.82, 36.89, 36.24, 37.82, 39.03, 39.89, 42.4, 41.13, 43.86, 43.23, 47.27, 44.07, 46.12, 44.21, 46.37, 46.86, 42.37, 45.37, 41.75, 40.66, 41.3, 40.01, 37.51, 38.65, 37.4, 36.0, 35.96, 35.81, 37.79, 36.55, 39.03, 40.33, 40.99, 42.3, 46.45], "labels": [0, 0, 0, 0, 0, 0, 0, 0, 0, 0, 0, 0, 0, 0, 0, 0, 0, 0, 0, 0, 0, 0, 0, 0, 0, 0, 0, 0, 0, 0, 0, 0, 0, 0, 0, 0, 0, 0, 0, 0, 0, 0, 0, 0, 0, 0, 0, 1, 1, 1, 1, 1, 1, 1, 1, 1, 1, 0, 0, 0, 0, 0, 0, 0, 0, 0, 0, 0, 0, 0, 0, 0, 0, 0, 0, 0, 0, 0, 0, 0, 0, 0, 0, 0, 0, 0, 0, 0, 0, 0, 0, 0, 0, 0, 0, 0, 0, 0, 0, 0], "is_anomalous": true, "anomaly_type": "shift", "anomaly_positions": [47, 48, 49, 50, 51, 52, 53, 54, 55, 56], "length": 100}