{"id": "anomalous_000353", "series": [50.65, 51.88, 52.49, 55.28, 55.06, 56.22, 54.87, 59.37, 56.36, 52.83, 56.92, 52.66, 52.07, 50.93, 49.53, 48.12, 46.63, 45.73, 46.57, 48.81, 45.91, 52.62, 49.25, 49.71, 54.15, 54.32, 52.52, 58.48, 57.08, 58.27, 56.23, 56.7, 57.83, 53.67, 54.39, 52.16, 56.19, 54.56, 48.66, 51.62, 50.58, 48.11, 48.94, 47.08, 51.87, 51.65, 51.84, 53.23, 51.14, 54.07, 54.4, 54.84, 58.44, 56.71, 58.02, 56.87, 55.28, 57.0, 58.41, 52.07, 52.33, 50.57, 48.71, 48.74, 50.01, 49.46, 47.45, 48.29, 50.82, 51.23, 89.41318002617939, 90.93318002617937, 95.08318002617938, 94.07318002617939, 92.16318002617939, 94.08318002617938, 97.22318002617939, 97.47318002617939, 99.06318002617938, 96.10318002617939, 60.75, 59.07, 54.86, 55.65, 55.05, 52.48, 51.89, 53.36, 49.85, 49.9, 51.31, 50.66, 50.0, 49.81, 50.53, 50.72, 54.84, 56.89, 58.53, 57.24], "labels": [0, 0, 0, 0, 0, 0, 0, 0, 0, 0, 0, 0, 0, 0, 0, 0, 0, 0, 0, 0, 0, 0, 0, 0, 0, 0, 0, 0, 0, 0, 0, 0, 0, 0, 0, 0, 0, 0, 0, 0, 0, 0, 0, 0, 0, 0, 0, 0, 0, 0, 0, 0, 0, 0, 0, 0, 0, 0, 0, 0, 0, 0, 0, 0, 0, 0, 0, 0, 0, 0, 1, 1, 1, 1, 1, 1, 1, 1, 1, 1, 0, 0, 0, 0, 0, 0, 0, 0, 0, 0, 0, 0, 0, 0, 0, 0, 0, 0, 0, 0], "is_anomalous": true, "anomaly_type": "shift", "anomaly_positions": [70, 71, 72, 73, 74, 75, 76, 77, 78, 79], "length": 100}