{"id": "anomalous_000761", "series": [46.17, 46.08, 50.23, 49.39, 50.76, 50.04, 52.34, 48.77, 48.07, 49.57, 48.15, 47.49, 44.01, 44.07, 44.43, 41.98, 38.31, 42.14, 38.9, 39.74, 41.76, 42.46, 42.59, 41.23, 45.6, 47.26, 47.67, 50.63, 52.3, 51.58, 51.24, 52.48, 50.05, 48.02, 47.27, 45.99, 80.36483308744208, 74.72483308744208, 71.97483308744208, 70.58483308744208, 73.44483308744208, 72.84483308744207, 73.99483308744207, 72.06483308744207, 73.61483308744208, 73.39483308744207, 42.37, 45.02, 43.88, 48.03, 46.59, 49.18, 50.41, 53.68, 53.0, 51.35, 54.82, 49.15, 46.78, 46.61, 50.41, 45.89, 44.75, 43.51, 40.54, 41.96, 37.27, 40.34, 39.5, 42.67, 45.41, 46.09, 45.14, 46.81, 44.37, 48.86, 52.36, 49.21, 51.53, 52.09, 51.2, 50.67, 46.35, 46.15, 48.77, 45.0, 44.36, 44.25, 39.31, 39.33, 39.48, 42.52, 43.62, 46.86, 43.52, 45.38, 46.29, 49.29, 50.28, 50.04], "labels": [0, 0, 0, 0, 0, 0, 0, 0, 0, 0, 0, 0, 0, 0, 0, 0, 0, 0, 0, 0, 0, 0, 0, 0, 0, 0, 0, 0, 0, 0, 0, 0, 0, 0, 0, 0, 1, 1, 1, 1, 1, 1, 1, 1, 1, 1, 0, 0, 0, 0, 0, 0, 0, 0, 0, 0, 0, 0, 0, 0, 0, 0, 0, 0, 0, 0, 0, 0, 0, 0, 0, 0, 0, 0, 0, 0, 0, 0, 0, 0, 0, 0, 0, 0, 0, 0, 0, 0, 0, 0, 0, 0, 0, 0, 0, 0, 0, 0, 0, 0], "is_anomalous": true, "anomaly_type": "shift", "anomaly_positions": [36, 37, 38, 39, 40, 41, 42, 43, 44, 45], "length": 100}