{"id": "anomalous_000423", "series": [52.95, 53.27, 52.26, 53.47, 52.03, 57.33, 53.0, 54.83, 55.73, 58.24, 52.72, 47.6, 46.68, 46.28, 52.78, 47.59, 42.35, 41.26, 49.58, 50.41, 39.33, 46.95, 49.49, 50.95, 45.54, 52.83, 49.09, 53.71, 51.03, 54.06, 53.93, 56.35, 52.75, 57.28, 53.39, 49.06, 49.77, 47.7, 42.75, 37.44, 41.26, 45.4, 49.35, 44.24, 53.58, 46.54, 47.93, 51.09352122697633, 48.64116340646595, 50.2510373166525, 55.827041828634684, 59.24171631270875, 52.11027936391389, 64.13101786142902, 63.040002963180996, 60.76895272500072, 60.341529265305084, 62.88042580295104, 66.45277710008395, 59.77295340311207, 56.43600570766743, 71.75585593808529, 68.91918846450776, 55.936258970822955, 59.63135662076625, 68.42529485516948, 57.464865876881916, 54.01062317141231, 61.452237472141725, 66.96776492411998, 63.97667804515202, 69.63162256418502, 70.21643740672546, 68.69303585969001, 81.6497336192883, 74.58430341567677, 63.50634648808898, 72.31087314311154, 86.20731529306521, 87.39989412815338, 89.19726007134261, 73.03013589153647, 73.79525819725386, 87.9688397422172, 75.88725477199225, 94.41560356236087, 98.50017211860143, 66.91656852722383, 88.140139617932, 71.14006747988293, 93.14517035748071, 95.32395049136503, 107.93330614648269, 94.33536553649506, 75.46560742573195, 104.01029639878092, 85.56882477036874, 109.41406540764098, 127.18093960759455, 104.33739076660552], "labels": [0, 0, 0, 0, 0, 0, 0, 0, 0, 0, 0, 0, 0, 0, 0, 0, 0, 0, 0, 0, 0, 0, 0, 0, 0, 0, 0, 0, 0, 0, 0, 0, 0, 0, 0, 0, 0, 0, 0, 0, 0, 0, 0, 0, 0, 0, 1, 1, 1, 1, 1, 1, 1, 1, 1, 1, 1, 1, 1, 1, 1, 1, 1, 1, 1, 1, 1, 1, 1, 1, 1, 1, 1, 1, 1, 1, 1, 1, 1, 1, 1, 1, 1, 1, 1, 1, 1, 1, 1, 1, 1, 1, 1, 1, 1, 1, 1, 1, 1, 1], "is_anomalous": true, "anomaly_type": "trend_change", "anomaly_positions": [46, 47, 48, 49, 50, 51, 52, 53, 54, 55, 56, 57, 58, 59, 60, 61, 62, 63, 64, 65, 66, 67, 68, 69, 70, 71, 72, 73, 74, 75, 76, 77, 78, 79, 80, 81, 82, 83, 84, 85, 86, 87, 88, 89, 90, 91, 92, 93, 94, 95, 96, 97, 98, 99], "length": 100}