{"id": "anomalous_000228", "series": [45.34, 52.4, 49.19, 52.99, 50.47, 52.02, 49.31, 53.86, 51.49, 53.67, 54.6, 47.98, 47.59, 46.41, 50.58, 42.91, 46.17, 40.24, 50.35, 48.36, 46.26, 44.83, 48.87, 44.96, 49.81, 55.8, 52.15, 53.28, 50.44, 59.39, 56.73, 60.04, 60.51, 55.91, 55.68, 48.67, 48.01, 53.81, 45.03, 47.63, 54.28, 41.2, 18.64214633283777, 19.502146332837775, 18.35214633283777, 14.902146332837773, 19.302146332837772, 22.302146332837772, 23.012146332837773, 24.96214633283777, 23.042146332837774, 24.16214633283777, 54.8, 58.5, 57.86, 61.19, 56.66, 56.32, 59.84, 51.21, 52.55, 48.18, 50.31, 50.17, 45.74, 51.7, 42.75, 50.46, 48.53, 50.22, 50.28, 49.19, 54.23, 51.85, 56.76, 57.46, 52.97, 58.19, 51.89, 53.73, 53.96, 57.63, 48.86, 53.22, 54.45, 53.51, 48.44, 48.26, 48.35, 46.56, 49.45, 47.23, 48.21, 51.3, 53.59, 46.3, 54.7, 61.72, 54.45, 57.53], "labels": [0, 0, 0, 0, 0, 0, 0, 0, 0, 0, 0, 0, 0, 0, 0, 0, 0, 0, 0, 0, 0, 0, 0, 0, 0, 0, 0, 0, 0, 0, 0, 0, 0, 0, 0, 0, 0, 0, 0, 0, 0, 0, 1, 1, 1, 1, 1, 1, 1, 1, 1, 1, 0, 0, 0, 0, 0, 0, 0, 0, 0, 0, 0, 0, 0, 0, 0, 0, 0, 0, 0, 0, 0, 0, 0, 0, 0, 0, 0, 0, 0, 0, 0, 0, 0, 0, 0, 0, 0, 0, 0, 0, 0, 0, 0, 0, 0, 0, 0, 0], "is_anomalous": true, "anomaly_type": "shift", "anomaly_positions": [42, 43, 44, 45, 46, 47, 48, 49, 50, 51], "length": 100}