{"id": "anomalous_000139", "series": [50.45, 55.78, 54.48, 58.14, 59.72, 57.09, 56.46, 54.41, 56.71, 54.32, 56.35, 52.33, 52.03, 50.09, 49.92, 50.43, 48.74, 42.37, 47.25, 47.11, 47.36, 43.65, 46.65, 50.45, 52.97, 56.13, 51.23, 57.16, 53.94, 55.0, 57.93, 52.21, 54.81, 52.87, 54.71, 56.78, 54.65, 49.34, 52.03, 48.87, 45.02, 48.27, 48.05, 45.77, 46.63, 47.73, 50.5, 52.71, 53.41, 54.99, 57.63, 55.77, 57.68, 56.86, 57.22, 53.47, 56.19, 31.346215027478568, 27.73621502747857, 27.62621502747857, 24.706215027478567, 27.996215027478566, 26.25621502747857, 23.036215027478566, 20.68621502747857, 24.44621502747857, 22.40621502747857, 46.47, 45.45, 48.78, 49.14, 48.81, 53.52, 54.08, 55.38, 53.28, 57.99, 54.18, 57.72, 56.79, 60.1, 52.22, 55.12, 54.1, 48.64, 51.94, 45.05, 47.06, 48.88, 44.35, 45.04, 50.26, 49.76, 49.13, 50.04, 49.63, 54.13, 54.24, 55.96, 56.87], "labels": [0, 0, 0, 0, 0, 0, 0, 0, 0, 0, 0, 0, 0, 0, 0, 0, 0, 0, 0, 0, 0, 0, 0, 0, 0, 0, 0, 0, 0, 0, 0, 0, 0, 0, 0, 0, 0, 0, 0, 0, 0, 0, 0, 0, 0, 0, 0, 0, 0, 0, 0, 0, 0, 0, 0, 0, 0, 1, 1, 1, 1, 1, 1, 1, 1, 1, 1, 0, 0, 0, 0, 0, 0, 0, 0, 0, 0, 0, 0, 0, 0, 0, 0, 0, 0, 0, 0, 0, 0, 0, 0, 0, 0, 0, 0, 0, 0, 0, 0, 0], "is_anomalous": true, "anomaly_type": "shift", "anomaly_positions": [57, 58, 59, 60, 61, 62, 63, 64, 65, 66], "length": 100}