{"id": "anomalous_000750", "series": [53.21, 55.45, 55.77, 56.79, 58.41, 59.46, 61.14, 58.76, 58.2, 58.68, 55.33, 54.24, 53.8, 51.98, 48.96, 52.2, 48.65, 47.82, 48.85, 50.98, 46.51, 51.38, 50.52, 54.98, 52.2, 55.34, 55.25, 57.21, 61.18, 58.89, 57.55, 55.89, 57.83, 55.94, 54.36, 55.36, 52.95, 54.31, 51.32, 47.1, 50.22, 48.17, 49.73, 50.35, 50.74, 53.21, 52.94, 52.45, 54.33, 55.07, 41.72240003791173, 82.35543136279148, 52.83151943820132, 54.63586439761951, 27.04214749827699, 53.78893767522885, 46.80079791960063, 68.30365197220969, 58.0257595878119, 55.389484261674674, 47.398687658297945, 54.273504756450286, 73.86666261942027, 57.099420937982046, 49.99297646517863, 47.45504999673547, 15.934440756290428, 30.914060334604336, 69.50439705519246, 61.69736181372819, 52.73, 53.19, 56.2, 57.46, 56.58, 57.95, 57.42, 60.93, 58.69, 58.01, 60.79, 60.31, 54.8, 57.14, 54.13, 52.57, 51.72, 50.8, 50.61, 49.7, 48.79, 49.5, 50.57, 50.94, 53.73, 54.61, 57.2, 56.63, 56.65, 56.96], "labels": [0, 0, 0, 0, 0, 0, 0, 0, 0, 0, 0, 0, 0, 0, 0, 0, 0, 0, 0, 0, 0, 0, 0, 0, 0, 0, 0, 0, 0, 0, 0, 0, 0, 0, 0, 0, 0, 0, 0, 0, 0, 0, 0, 0, 0, 0, 0, 0, 0, 0, 1, 1, 1, 1, 1, 1, 1, 1, 1, 1, 1, 1, 1, 1, 1, 1, 1, 1, 1, 1, 0, 0, 0, 0, 0, 0, 0, 0, 0, 0, 0, 0, 0, 0, 0, 0, 0, 0, 0, 0, 0, 0, 0, 0, 0, 0, 0, 0, 0, 0], "is_anomalous": true, "anomaly_type": "variance_change", "anomaly_positions": [50, 51, 52, 53, 54, 55, 56, 57, 58, 59, 60, 61, 62, 63, 64, 65, 66, 67, 68, 69], "length": 100}