{"id": "anomalous_000575", "series": [47.36, 48.03, 51.03, 51.77, 52.18, 53.7, 53.79, 53.75, 52.04, 52.3, 49.67, 49.94, 48.36, 46.72, 45.95, 45.37, 44.07, 42.15, 43.42, 43.19, 44.3, 45.3, 46.27, 46.75, 47.08, 47.96, 49.9, 50.87, 52.29, 54.16, 53.16, 53.34, 53.35, 50.29, 50.37, 51.84, 50.9, 47.21, 45.6, 44.47, 42.13, 45.07, 41.74, 41.69, 43.43, 44.36, 46.21, 46.77, 71.37160220651339, 71.43160220651339, 74.3216022065134, 75.2516022065134, 76.0116022065134, 75.6716022065134, 76.8316022065134, 74.6916022065134, 75.87160220651339, 75.9216022065134, 51.21, 48.37, 48.29, 47.24, 45.17, 44.99, 43.12, 43.3, 42.92, 43.4, 43.86, 44.55, 45.24, 47.15, 48.53, 47.91, 50.48, 52.21, 53.22, 52.46, 52.77, 54.87, 54.08, 53.79, 48.46, 49.76, 48.39, 47.36, 44.27, 45.29, 43.88, 42.99, 43.79, 42.81, 43.56, 44.06, 44.14, 48.11, 48.46, 48.37, 49.36, 51.34], "labels": [0, 0, 0, 0, 0, 0, 0, 0, 0, 0, 0, 0, 0, 0, 0, 0, 0, 0, 0, 0, 0, 0, 0, 0, 0, 0, 0, 0, 0, 0, 0, 0, 0, 0, 0, 0, 0, 0, 0, 0, 0, 0, 0, 0, 0, 0, 0, 0, 1, 1, 1, 1, 1, 1, 1, 1, 1, 1, 0, 0, 0, 0, 0, 0, 0, 0, 0, 0, 0, 0, 0, 0, 0, 0, 0, 0, 0, 0, 0, 0, 0, 0, 0, 0, 0, 0, 0, 0, 0, 0, 0, 0, 0, 0, 0, 0, 0, 0, 0, 0], "is_anomalous": true, "anomaly_type": "shift", "anomaly_positions": [48, 49, 50, 51, 52, 53, 54, 55, 56, 57], "length": 100}