{"id": "anomalous_000652", "series": [46.71, 46.11, 49.71, 48.46, 53.38, 49.92, 53.9, 48.82, 52.8, 47.68, 50.04, 49.99, 47.8, 46.71, 45.1, 43.29, 38.18, 43.32, 40.07, 38.13, 43.7, 41.51, 43.71, 43.22, 45.06, 46.9, 45.98, 50.7, 50.12, 52.86, 51.25, 51.47, 49.47, 51.42, 49.8, 48.11, 44.22, 43.15, 38.52, 40.3, 40.33, 43.69, 38.8, 38.49, 44.12, 41.63, 42.57, 46.82, 43.72, 48.35, 47.2, 50.31, 46.57, 50.19, 48.29, 51.01, 11.136153861285969, 9.036153861285968, 10.886153861285969, 6.5161538612859715, 4.826153861285967, 6.5361538612859675, 5.7761538612859695, 5.316153861285969, 1.91615386128597, 2.7861538612859675, 41.84, 40.08, 38.92, 39.31, 41.19, 43.72, 46.9, 45.24, 48.18, 45.68, 50.11, 52.22, 46.69, 49.42, 51.22, 49.39, 45.09, 44.14, 49.0, 41.11, 42.06, 42.34, 41.53, 39.16, 36.12, 37.85, 37.96, 40.08, 40.11, 37.22, 41.91, 48.09, 48.45, 47.82], "labels": [0, 0, 0, 0, 0, 0, 0, 0, 0, 0, 0, 0, 0, 0, 0, 0, 0, 0, 0, 0, 0, 0, 0, 0, 0, 0, 0, 0, 0, 0, 0, 0, 0, 0, 0, 0, 0, 0, 0, 0, 0, 0, 0, 0, 0, 0, 0, 0, 0, 0, 0, 0, 0, 0, 0, 0, 1, 1, 1, 1, 1, 1, 1, 1, 1, 1, 0, 0, 0, 0, 0, 0, 0, 0, 0, 0, 0, 0, 0, 0, 0, 0, 0, 0, 0, 0, 0, 0, 0, 0, 0, 0, 0, 0, 0, 0, 0, 0, 0, 0], "is_anomalous": true, "anomaly_type": "shift", "anomaly_positions": [56, 57, 58, 59, 60, 61, 62, 63, 64, 65], "length": 100}