{"id": "anomalous_000167", "series": [48.73, 52.92, 51.83, 51.64, 53.48, 51.74, 53.53, 53.09, 55.02, 50.97, 51.07, 50.05, 47.09, 50.68, 46.94, 44.49, 45.25, 43.77, 45.01, 45.99, 45.52, 44.59, 48.0, 51.12, 47.52, 49.85, 51.68, 51.86, 51.43, 52.03, 53.21, 51.97, 52.85, 51.62, 52.72, 51.54, 49.23, 48.51, 45.64, 45.61, 46.82, 43.96, 44.77, 44.85, 47.45, 46.51, 48.99458817542434, 51.29859698990894, 55.00070925916307, 52.48976174686026, 56.42879932456893, 58.24473991510738, 55.556955133242795, 65.43278366596721, 65.75983210848656, 66.10345833671066, 60.217968686055535, 61.09570844261693, 62.69538161854011, 69.14112360786294, 70.58634638530665, 66.04891754472072, 70.67511198719899, 66.51393292028108, 55.89769000629602, 71.67154122052276, 61.96915168697183, 59.99881635780805, 57.73171567238376, 63.44167375827564, 84.7767710581864, 74.78171479034745, 79.39152315304327, 84.22111245923188, 76.90386993864934, 75.4103992315165, 71.65373062069457, 97.65675725154182, 93.80513166644957, 88.7435197633616, 104.09053575944505, 78.89529021270735, 93.76422193514416, 72.55390078381178, 78.74409742512569, 103.91387105590631, 71.6342410937919, 94.03977547305465, 82.28938559907357, 105.57156109472635, 71.8849614237205, 90.47281584213917, 86.99471754120306, 112.62918763111307, 96.38038599105184, 77.41932583860051, 99.48100914828643, 122.4132223831786, 99.5860723189515, 93.29734855317514], "labels": [0, 0, 0, 0, 0, 0, 0, 0, 0, 0, 0, 0, 0, 0, 0, 0, 0, 0, 0, 0, 0, 0, 0, 0, 0, 0, 0, 0, 0, 0, 0, 0, 0, 0, 0, 0, 0, 0, 0, 0, 0, 0, 0, 0, 0, 1, 1, 1, 1, 1, 1, 1, 1, 1, 1, 1, 1, 1, 1, 1, 1, 1, 1, 1, 1, 1, 1, 1, 1, 1, 1, 1, 1, 1, 1, 1, 1, 1, 1, 1, 1, 1, 1, 1, 1, 1, 1, 1, 1, 1, 1, 1, 1, 1, 1, 1, 1, 1, 1, 1], "is_anomalous": true, "anomaly_type": "trend_change", "anomaly_positions": [45, 46, 47, 48, 49, 50, 51, 52, 53, 54, 55, 56, 57, 58, 59, 60, 61, 62, 63, 64, 65, 66, 67, 68, 69, 70, 71, 72, 73, 74, 75, 76, 77, 78, 79, 80, 81, 82, 83, 84, 85, 86, 87, 88, 89, 90, 91, 92, 93, 94, 95, 96, 97, 98, 99], "length": 100}