{"id": "anomalous_000219", "series": [53.75, 52.66, 55.58, 55.39, 56.51, 56.82, 58.15, 57.68, 56.45, 57.0, 55.05, 52.86, 53.08, 53.6, 49.64, 47.37, 48.79, 49.35, 47.62, 49.04, 48.85, 48.54, 48.2, 52.94, 53.73, 54.62, 56.11, 54.11, 56.04, 60.08, 57.82, 57.51, 58.16, 58.33, 54.67, 53.15, 53.68, 49.54, 49.89, 50.35, 49.62, 49.99, 48.54, 49.36, 48.9, 50.03, 48.92, 51.58, 54.4, 54.82, 55.41, 57.11, 59.04, 58.77, 58.82, 56.78, 56.97, 83.3352476435199, 82.37524764351991, 83.5852476435199, 79.71524764351992, 77.74524764351992, 74.3552476435199, 76.5852476435199, 75.25524764351991, 73.84524764351991, 72.55524764351992, 48.9, 49.56, 49.89, 51.29, 52.97, 55.99, 56.45, 57.7, 59.26, 59.23, 59.44, 60.07, 58.38, 58.88, 59.93, 57.88, 54.77, 55.67, 54.22, 51.46, 49.85, 52.37, 49.37, 50.27, 52.32, 50.6, 53.65, 55.32, 54.65, 56.87, 58.7, 58.55, 59.91], "labels": [0, 0, 0, 0, 0, 0, 0, 0, 0, 0, 0, 0, 0, 0, 0, 0, 0, 0, 0, 0, 0, 0, 0, 0, 0, 0, 0, 0, 0, 0, 0, 0, 0, 0, 0, 0, 0, 0, 0, 0, 0, 0, 0, 0, 0, 0, 0, 0, 0, 0, 0, 0, 0, 0, 0, 0, 0, 1, 1, 1, 1, 1, 1, 1, 1, 1, 1, 0, 0, 0, 0, 0, 0, 0, 0, 0, 0, 0, 0, 0, 0, 0, 0, 0, 0, 0, 0, 0, 0, 0, 0, 0, 0, 0, 0, 0, 0, 0, 0, 0], "is_anomalous": true, "anomaly_type": "shift", "anomaly_positions": [57, 58, 59, 60, 61, 62, 63, 64, 65, 66], "length": 100}