{"id": "anomalous_000325", "series": [45.71, 44.19, 50.42, 50.2, 51.9, 53.75, 50.4, 50.8, 50.32, 51.21, 45.95, 44.39, 45.81, 47.35, 46.01, 39.44, 41.33, 37.0, 40.1, 41.42, 46.34, 43.65, 42.74, 46.11, 45.68, 43.52, 49.6, 51.71, 47.52, 46.97, 47.65, 51.04, 46.47, 53.31, 53.59, 43.75, 44.01, 43.54, 46.81, 39.89, 44.36, 43.39, 41.57, 41.75, 41.97, 44.52, 41.99, 46.58, 46.6, 47.1, 50.07, 46.26, 49.04, 50.09, 46.74, 50.39, 51.05941375558456, 53.06778785214158, 45.642256561865466, 57.727800189775046, 51.25888896943454, 54.58329441183988, 52.6544429566464, 52.59551002155428, 53.533806248905, 48.20776236446471, 53.821693924668864, 49.99559292089881, 54.29618164597363, 44.402086646922626, 62.15614343115182, 52.873537544265545, 61.24985692658164, 60.153426690788876, 65.6236686991094, 80.1893447395873, 65.75539645017871, 78.96081268392005, 74.28245959073925, 64.28519753780898, 74.25548152025252, 66.83928452969693, 77.33432354639078, 81.43897835435618, 83.3821104677007, 86.24749720105507, 73.0279632999231, 71.0093647266755, 82.59286783686595, 81.52300096244606, 65.55563119920384, 92.52660451880242, 64.98243598464937, 89.75702893037428, 83.67307717643993, 100.26031412182958, 72.44124410003093, 73.11663165668246, 76.81839698163004, 69.82544025786024], "labels": [0, 0, 0, 0, 0, 0, 0, 0, 0, 0, 0, 0, 0, 0, 0, 0, 0, 0, 0, 0, 0, 0, 0, 0, 0, 0, 0, 0, 0, 0, 0, 0, 0, 0, 0, 0, 0, 0, 0, 0, 0, 0, 0, 0, 0, 0, 0, 0, 0, 0, 0, 0, 0, 0, 0, 1, 1, 1, 1, 1, 1, 1, 1, 1, 1, 1, 1, 1, 1, 1, 1, 1, 1, 1, 1, 1, 1, 1, 1, 1, 1, 1, 1, 1, 1, 1, 1, 1, 1, 1, 1, 1, 1, 1, 1, 1, 1, 1, 1, 1], "is_anomalous": true, "anomaly_type": "trend_change", "anomaly_positions": [55, 56, 57, 58, 59, 60, 61, 62, 63, 64, 65, 66, 67, 68, 69, 70, 71, 72, 73, 74, 75, 76, 77, 78, 79, 80, 81, 82, 83, 84, 85, 86, 87, 88, 89, 90, 91, 92, 93, 94, 95, 96, 97, 98, 99], "length": 100}