{"id": "anomalous_000221", "series": [51.86, 51.84, 53.61, 56.78, 57.47, 57.91, 58.88, 55.95, 56.25, 56.81, 54.72, 51.97, 51.31, 49.9, 48.19, 47.93, 46.67, 47.22, 45.17, 44.56, 47.94, 48.36, 48.02, 50.87, 51.94, 52.94, 54.18, 55.32, 56.83, 54.93, 54.81, 59.32, 57.79, 57.12, 54.59, 51.65, 55.86, 51.03, 49.33, 49.54, 46.85, 46.47, 48.31, 49.38, 46.52, 47.45, 49.83, 50.93, 53.46, 52.04, 53.16, 56.11, 58.12, 57.5, 56.5, 57.02, 57.75, 57.3, 54.16, 54.11, 59.425586335073845, 46.93051321257345, 52.840309351782174, 61.78180800338039, 47.74503515479253, 30.356395840851672, 47.433756458442815, 42.212619063877774, 47.181860301859054, 43.522314602485935, 64.03356322380493, 59.32769377100462, 69.5447443274581, 57.823244442234596, 43.82692425627294, 55.287854483469246, 53.749123903432334, 55.8618484905659, 40.29729001960572, 68.52034952808997, 57.15, 56.97, 55.61, 53.99, 50.06, 52.63, 49.3, 49.68, 49.53, 48.78, 46.55, 47.98, 49.71, 47.42, 50.33, 50.74, 53.49, 52.35, 57.27, 56.83], "labels": [0, 0, 0, 0, 0, 0, 0, 0, 0, 0, 0, 0, 0, 0, 0, 0, 0, 0, 0, 0, 0, 0, 0, 0, 0, 0, 0, 0, 0, 0, 0, 0, 0, 0, 0, 0, 0, 0, 0, 0, 0, 0, 0, 0, 0, 0, 0, 0, 0, 0, 0, 0, 0, 0, 0, 0, 0, 0, 0, 0, 1, 1, 1, 1, 1, 1, 1, 1, 1, 1, 1, 1, 1, 1, 1, 1, 1, 1, 1, 1, 0, 0, 0, 0, 0, 0, 0, 0, 0, 0, 0, 0, 0, 0, 0, 0, 0, 0, 0, 0], "is_anomalous": true, "anomaly_type": "variance_change", "anomaly_positions": [60, 61, 62, 63, 64, 65, 66, 67, 68, 69, 70, 71, 72, 73, 74, 75, 76, 77, 78, 79], "length": 100}