{"id": "anomalous_000554", "series": [40.42, 43.9, 48.47, 48.51, 49.7, 53.78, 53.22, 44.19, 50.28, 47.54, 53.67, 46.92, 45.46, 46.51, 44.03, 41.84, 41.28, 39.51, 42.38, 40.21, 39.69, 42.6, 48.07, 47.67, 45.28, 46.9, 50.14, 47.01, 52.26, 49.55, 51.16, 54.99, 52.83, 51.86, 45.62, 43.65, 45.4, 44.16, 40.37, 43.68, 44.19, 39.65, 37.29, 36.07, 39.49, 37.82, 40.43, 45.08, 42.49, 44.52, 45.01, 45.85, 48.17, 53.41, 47.65, 49.7, 46.22, 50.99, 45.7, 43.69, 44.27, 39.83, 43.94315007455231, 12.713852830022041, 54.0964066158458, 39.64789168335256, 18.337259658699143, 47.109948334881146, 41.353211527219656, 49.335918034198784, 45.39042762315712, 46.64502655560338, 19.955128675541765, 53.61211444235009, 40.67581999633117, 55.87873803195534, 27.80507939447688, 65.7525792975049, 27.950252210503418, 59.80436874011226, 37.857171990650365, 53.38855757931382, 46.31, 45.18, 43.75, 47.68, 41.34, 36.84, 32.09, 37.05, 39.16, 36.62, 38.55, 39.79, 39.61, 37.46, 41.37, 43.22, 43.19, 45.35], "labels": [0, 0, 0, 0, 0, 0, 0, 0, 0, 0, 0, 0, 0, 0, 0, 0, 0, 0, 0, 0, 0, 0, 0, 0, 0, 0, 0, 0, 0, 0, 0, 0, 0, 0, 0, 0, 0, 0, 0, 0, 0, 0, 0, 0, 0, 0, 0, 0, 0, 0, 0, 0, 0, 0, 0, 0, 0, 0, 0, 0, 0, 0, 1, 1, 1, 1, 1, 1, 1, 1, 1, 1, 1, 1, 1, 1, 1, 1, 1, 1, 1, 1, 0, 0, 0, 0, 0, 0, 0, 0, 0, 0, 0, 0, 0, 0, 0, 0, 0, 0], "is_anomalous": true, "anomaly_type": "variance_change", "anomaly_positions": [62, 63, 64, 65, 66, 67, 68, 69, 70, 71, 72, 73, 74, 75, 76, 77, 78, 79, 80, 81], "length": 100}