{"id": "anomalous_000109", "series": [49.95, 49.55, 50.33, 54.45, 55.88, 52.07, 53.8, 54.54, 51.77, 58.5, 47.01, 52.22, 51.77, 45.33, 46.38, 46.51, 43.04, 51.38, 44.25, 47.24, 45.16, 46.97, 48.56, 49.61, 53.85, 51.59, 58.22, 52.55, 54.27, 55.24, 49.93, 55.82, 54.3, 49.03, 55.24, 52.54, 17.137024672438457, 15.557024672438459, 13.577024672438462, 16.15702467243846, 9.937024672438461, 12.367024672438461, 15.79702467243846, 16.717024672438455, 11.367024672438461, 16.15702467243846, 49.21, 51.34, 54.01, 53.27, 54.36, 59.77, 56.1, 54.17, 56.77, 57.83, 52.72, 55.62, 55.41, 53.1, 51.7, 54.38, 46.61, 49.81, 46.09, 40.77, 42.57, 44.77, 50.11, 52.57, 52.76, 52.96, 51.24, 52.74, 57.07, 54.25, 55.69, 61.04, 53.89, 54.74, 63.94, 61.65, 52.52, 56.56, 50.28, 53.94, 49.98, 52.35, 46.86, 47.16, 44.61, 50.78, 44.15, 45.4, 49.13, 56.06, 55.31, 52.73, 54.7, 59.64], "labels": [0, 0, 0, 0, 0, 0, 0, 0, 0, 0, 0, 0, 0, 0, 0, 0, 0, 0, 0, 0, 0, 0, 0, 0, 0, 0, 0, 0, 0, 0, 0, 0, 0, 0, 0, 0, 1, 1, 1, 1, 1, 1, 1, 1, 1, 1, 0, 0, 0, 0, 0, 0, 0, 0, 0, 0, 0, 0, 0, 0, 0, 0, 0, 0, 0, 0, 0, 0, 0, 0, 0, 0, 0, 0, 0, 0, 0, 0, 0, 0, 0, 0, 0, 0, 0, 0, 0, 0, 0, 0, 0, 0, 0, 0, 0, 0, 0, 0, 0, 0], "is_anomalous": true, "anomaly_type": "shift", "anomaly_positions": [36, 37, 38, 39, 40, 41, 42, 43, 44, 45], "length": 100}