{"id": "anomalous_000053", "series": [47.96, 43.33, 49.55, 51.64, 54.55, 52.93, 57.05, 52.79, 49.25, 53.61, 47.59, 55.47, 49.59, 44.71, 44.84, 41.59, 47.44, 41.83, 41.31, 46.84, 50.82, 42.85, 49.61, 48.52, 50.38, 53.19, 52.37, 55.41, 52.17, 57.72, 55.0, 56.81, 58.05, 50.46, 53.94, 50.35, 47.65, 45.74, 50.53, 48.13, 46.76, 43.7, 44.29, 42.0, 47.24, 49.68, 48.65, 50.16, 50.93, 48.78, 52.92, 53.21, 53.93, 54.87, 53.88, 52.94, 56.03, 53.84, 50.24, 52.52, 53.31, 45.49, 51.08, 45.58, 49.02, 43.52, 45.66, 44.92, 47.4, 46.317306944366216, 47.30567011009092, 54.829312109434746, 56.881626130449305, 56.25452238808026, 57.722324006656706, 62.00999238729312, 62.93397525802828, 56.4557457506969, 58.37528169859574, 67.14193185462888, 69.51898536436411, 73.84146388995252, 72.00233525639456, 74.09955191913987, 74.40242291358246, 74.75278990744789, 71.3805585922651, 67.8664537029226, 63.78826792675004, 75.16654629003222, 72.65055236156861, 72.32102174164984, 63.2927610142853, 59.937118538761176, 82.60173899841935, 75.78841791008195, 77.28465995701619, 84.4606828770236, 71.11690420292197, 90.69922799454554], "labels": [0, 0, 0, 0, 0, 0, 0, 0, 0, 0, 0, 0, 0, 0, 0, 0, 0, 0, 0, 0, 0, 0, 0, 0, 0, 0, 0, 0, 0, 0, 0, 0, 0, 0, 0, 0, 0, 0, 0, 0, 0, 0, 0, 0, 0, 0, 0, 0, 0, 0, 0, 0, 0, 0, 0, 0, 0, 0, 0, 0, 0, 0, 0, 0, 0, 0, 0, 0, 1, 1, 1, 1, 1, 1, 1, 1, 1, 1, 1, 1, 1, 1, 1, 1, 1, 1, 1, 1, 1, 1, 1, 1, 1, 1, 1, 1, 1, 1, 1, 1], "is_anomalous": true, "anomaly_type": "trend_change", "anomaly_positions": [68, 69, 70, 71, 72, 73, 74, 75, 76, 77, 78, 79, 80, 81, 82, 83, 84, 85, 86, 87, 88, 89, 90, 91, 92, 93, 94, 95, 96, 97, 98, 99], "length": 100}