{"id": "anomalous_000201", "series": [50.23, 49.37, 52.17, 52.53, 52.12, 55.22, 54.28, 52.71, 51.16, 50.46, 49.82, 50.4, 53.35, 46.0, 50.78, 49.72, 47.06, 43.54, 45.43, 43.52, 47.27, 47.41, 47.33, 50.94, 50.39, 54.2, 52.91, 53.25, 54.08, 54.61, 56.05, 54.84, 55.19, 54.22, 52.99, 54.99, 73.757716144764, 75.677716144764, 73.067716144764, 72.95771614476399, 69.46771614476401, 72.897716144764, 71.547716144764, 72.557716144764, 71.947716144764, 74.337716144764, 48.62, 50.66, 52.89, 50.66, 51.47, 54.72, 55.78, 54.15, 54.33, 56.66, 58.45, 55.34, 52.19, 52.62, 48.5, 49.63, 49.14, 47.68, 48.4, 42.26, 47.51, 46.59, 46.05, 48.78, 48.75, 51.37, 51.36, 52.74, 52.27, 54.96, 53.41, 55.6, 56.98, 58.1, 56.18, 56.5, 55.46, 53.22, 50.11, 49.26, 48.7, 47.66, 46.98, 50.27, 46.26, 48.11, 46.67, 48.21, 47.67, 54.56, 52.65, 54.55, 56.3, 55.2], "labels": [0, 0, 0, 0, 0, 0, 0, 0, 0, 0, 0, 0, 0, 0, 0, 0, 0, 0, 0, 0, 0, 0, 0, 0, 0, 0, 0, 0, 0, 0, 0, 0, 0, 0, 0, 0, 1, 1, 1, 1, 1, 1, 1, 1, 1, 1, 0, 0, 0, 0, 0, 0, 0, 0, 0, 0, 0, 0, 0, 0, 0, 0, 0, 0, 0, 0, 0, 0, 0, 0, 0, 0, 0, 0, 0, 0, 0, 0, 0, 0, 0, 0, 0, 0, 0, 0, 0, 0, 0, 0, 0, 0, 0, 0, 0, 0, 0, 0, 0, 0], "is_anomalous": true, "anomaly_type": "shift", "anomaly_positions": [36, 37, 38, 39, 40, 41, 42, 43, 44, 45], "length": 100}