{"id": "anomalous_000729", "series": [52.16, 52.89, 55.4, 58.69, 56.61, 55.66, 58.49, 58.08, 55.89, 57.93, 54.48, 53.95, 54.28, 52.75, 51.04, 48.11, 47.77, 49.36, 47.9, 46.77, 47.74, 47.79, 51.18, 49.08, 56.33, 52.0, 55.59, 58.17, 57.69, 59.1, 59.0, 58.29, 57.14, 56.78, 57.28, 57.87, 54.82, 53.42, 51.66, 50.18, 49.47, 48.7, 51.68, 52.24, 50.12, 50.95, 51.46, 51.41, 54.62, 57.1, 56.05, 38.451770132520934, 71.19710838646758, 70.65381749882988, 50.66806087776846, 37.593548823638386, 59.521074790776666, 63.092923651498005, 73.02494245578261, 56.69372114503973, 43.31189512535705, 58.59481132697618, 58.85441936697663, 34.77143625425387, 62.33841729617729, 60.08647828868901, 76.41894180460307, 27.273328097082143, 34.68406855082512, 71.86761029822671, 48.23077822223808, 54.03, 54.65, 56.89, 57.15, 56.63, 57.57, 59.27, 59.4, 58.83, 58.13, 57.4, 57.92, 55.55, 55.72, 52.95, 52.32, 50.89, 52.01, 49.54, 50.79, 50.98, 50.63, 51.92, 51.9, 54.03, 54.42, 56.16, 58.19, 59.89], "labels": [0, 0, 0, 0, 0, 0, 0, 0, 0, 0, 0, 0, 0, 0, 0, 0, 0, 0, 0, 0, 0, 0, 0, 0, 0, 0, 0, 0, 0, 0, 0, 0, 0, 0, 0, 0, 0, 0, 0, 0, 0, 0, 0, 0, 0, 0, 0, 0, 0, 0, 0, 1, 1, 1, 1, 1, 1, 1, 1, 1, 1, 1, 1, 1, 1, 1, 1, 1, 1, 1, 1, 0, 0, 0, 0, 0, 0, 0, 0, 0, 0, 0, 0, 0, 0, 0, 0, 0, 0, 0, 0, 0, 0, 0, 0, 0, 0, 0, 0, 0], "is_anomalous": true, "anomaly_type": "variance_change", "anomaly_positions": [51, 52, 53, 54, 55, 56, 57, 58, 59, 60, 61, 62, 63, 64, 65, 66, 67, 68, 69, 70], "length": 100}