{"id": "anomalous_000778", "series": [42.5, 45.37, 50.36, 50.48, 52.08, 50.47, 52.54, 49.66, 50.09, 48.05, 46.57, 42.92, 47.59, 42.3, 43.16, 35.99, 41.53, 41.43, 39.0, 41.46, 41.5, 38.62, 40.67, 42.23, 44.49, 45.14, 49.25, 48.48, 48.19, 49.91, 49.15, 50.38, 48.7, 49.44, 48.56, 43.49, 41.33, 41.19, 40.84, 38.55, 38.43, 39.79, 40.6, 38.77, 39.3, 37.36, 41.27, 43.68, 41.1, 43.94, 48.52, 46.54, 46.3, 49.74, 46.97, 46.53, 43.85, 45.48, 43.29, 42.85, 43.48, 39.31, 38.43, 40.64, 35.16, 40.75, 35.13, 36.44, 38.7, 37.33, -22.460242497610388, 42.602216616051294, 61.09132673624837, 30.257000924555726, 41.58872789948278, 63.81787542165375, 44.19883721047079, 70.95577081060644, 42.03716888697173, 27.241072617040935, 48.99535845697129, 64.62050901405283, 51.50402297770778, 33.01728038448189, 30.170323960996114, 8.545139992573784, 32.67931172783428, 47.808839735034354, 38.995611286839214, 6.908979614994617, 35.56, 37.69, 41.9, 35.69, 40.38, 41.47, 43.26, 40.77, 43.69, 45.77], "labels": [0, 0, 0, 0, 0, 0, 0, 0, 0, 0, 0, 0, 0, 0, 0, 0, 0, 0, 0, 0, 0, 0, 0, 0, 0, 0, 0, 0, 0, 0, 0, 0, 0, 0, 0, 0, 0, 0, 0, 0, 0, 0, 0, 0, 0, 0, 0, 0, 0, 0, 0, 0, 0, 0, 0, 0, 0, 0, 0, 0, 0, 0, 0, 0, 0, 0, 0, 0, 0, 0, 1, 1, 1, 1, 1, 1, 1, 1, 1, 1, 1, 1, 1, 1, 1, 1, 1, 1, 1, 1, 0, 0, 0, 0, 0, 0, 0, 0, 0, 0], "is_anomalous": true, "anomaly_type": "variance_change", "anomaly_positions": [70, 71, 72, 73, 74, 75, 76, 77, 78, 79, 80, 81, 82, 83, 84, 85, 86, 87, 88, 89], "length": 100}