{"id": "anomalous_000061", "series": [52.23, 57.36, 56.96, 55.51, 58.68, 57.82, 59.34, 57.66, 58.83, 59.21, 58.16, 54.85, 54.53, 53.74, 52.53, 53.25, 49.61, 50.69, 49.78, 50.12, 51.05, 49.61, 52.32, 55.46, 55.58, 56.54, 58.12, 59.35, 59.72, 60.09, 59.56, 60.37, 58.61, 59.75, 57.48, 55.3, 55.4, 52.7, 53.49, 51.52, 49.62, 52.16, 50.32, 49.51, 51.01, 52.01, 54.79, 54.73, 56.73, 56.47, 57.94, 61.07, 61.55, 61.68, 60.70800464607733, 62.21098882288441, 64.57181446498406, 66.59034614925181, 65.68739631121878, 64.76946412917604, 59.781231527486895, 62.66904499321898, 61.28947528867276, 61.22546617686754, 58.5130101440627, 60.963652687818985, 64.46501308992052, 67.75373974897855, 63.234088713781645, 76.47826910264736, 76.29278960575856, 75.94565741602398, 69.78052967270881, 73.9498814834401, 78.4356665067078, 91.80133174750873, 75.73861624169693, 81.83249192902636, 88.34429415649358, 85.12515017075008, 100.78897185210687, 76.61455418352335, 91.73400754631419, 89.01078485392766, 88.76070812323385, 101.34456417963878, 95.2586488849025, 72.12071530461851, 101.9386366926228, 72.34445232716308, 83.07465333067083, 99.77076240235812, 79.92272977715585, 107.25799784016769, 103.52202129890216, 81.17730877244568, 95.87793093624065, 92.14747631235406, 115.89924276434445, 116.53161326675999], "labels": [0, 0, 0, 0, 0, 0, 0, 0, 0, 0, 0, 0, 0, 0, 0, 0, 0, 0, 0, 0, 0, 0, 0, 0, 0, 0, 0, 0, 0, 0, 0, 0, 0, 0, 0, 0, 0, 0, 0, 0, 0, 0, 0, 0, 0, 0, 0, 0, 0, 0, 0, 0, 0, 1, 1, 1, 1, 1, 1, 1, 1, 1, 1, 1, 1, 1, 1, 1, 1, 1, 1, 1, 1, 1, 1, 1, 1, 1, 1, 1, 1, 1, 1, 1, 1, 1, 1, 1, 1, 1, 1, 1, 1, 1, 1, 1, 1, 1, 1, 1], "is_anomalous": true, "anomaly_type": "trend_change", "anomaly_positions": [53, 54, 55, 56, 57, 58, 59, 60, 61, 62, 63, 64, 65, 66, 67, 68, 69, 70, 71, 72, 73, 74, 75, 76, 77, 78, 79, 80, 81, 82, 83, 84, 85, 86, 87, 88, 89, 90, 91, 92, 93, 94, 95, 96, 97, 98, 99], "length": 100}