{"id": "anomalous_000463", "series": [48.29, 50.28, 49.37, 53.86, 53.93, 52.39, 53.15, 53.21, 54.37, 48.68, 48.85, 47.9, 48.46, 45.91, 45.69, 45.91, 43.09, 43.59, 44.0, 43.88, 42.8, 43.58, 45.18, 45.06, 50.51, 50.66, 51.46, 50.8, 52.15, 53.76, 54.82, 55.77, 55.48, 51.81, 53.26, 51.62, 49.44, 47.48, 44.49798132634133, 48.74327055783201, 46.907895018006066, 49.368876474729944, 45.82396554235433, 49.588134760359445, 50.53430481380833, 51.90462691719343, 59.15387846831239, 51.99068866800791, 59.31593347156169, 60.77367245749613, 62.57006750641486, 70.98837934083326, 70.21391692602917, 78.92494494784617, 68.78802523386773, 69.24922457538952, 75.95304011746771, 79.56754865224363, 67.48556194589183, 67.56051943570634, 64.66316823023928, 71.98701664845487, 77.94869115875841, 71.05674137764127, 79.38067120342147, 77.4363454726812, 77.72440754787314, 62.69071710617302, 64.35079500313894, 91.54787014287147, 67.58004372245207, 83.22818090608303, 96.5238722372622, 94.97886889276307, 79.62114608622164, 71.86650754072176, 75.7175345666376, 87.22662701703918, 91.06425134494654, 97.05059256335645, 105.41946854635864, 103.26471260912041, 106.93281242254886, 91.9002740634556, 79.9994248001781, 82.15789675253401, 118.97950373235162, 112.90307522828704, 88.18815447283887, 122.8790814344301, 92.33222633673245, 78.70886529260434, 93.60618903572154, 109.90306880874613, 95.79431700533459, 85.01638022463607, 89.1951395784088, 109.21857705728182, 121.62491882717075, 128.1010744146629], "labels": [0, 0, 0, 0, 0, 0, 0, 0, 0, 0, 0, 0, 0, 0, 0, 0, 0, 0, 0, 0, 0, 0, 0, 0, 0, 0, 0, 0, 0, 0, 0, 0, 0, 0, 0, 0, 0, 1, 1, 1, 1, 1, 1, 1, 1, 1, 1, 1, 1, 1, 1, 1, 1, 1, 1, 1, 1, 1, 1, 1, 1, 1, 1, 1, 1, 1, 1, 1, 1, 1, 1, 1, 1, 1, 1, 1, 1, 1, 1, 1, 1, 1, 1, 1, 1, 1, 1, 1, 1, 1, 1, 1, 1, 1, 1, 1, 1, 1, 1, 1], "is_anomalous": true, "anomaly_type": "trend_change", "anomaly_positions": [37, 38, 39, 40, 41, 42, 43, 44, 45, 46, 47, 48, 49, 50, 51, 52, 53, 54, 55, 56, 57, 58, 59, 60, 61, 62, 63, 64, 65, 66, 67, 68, 69, 70, 71, 72, 73, 74, 75, 76, 77, 78, 79, 80, 81, 82, 83, 84, 85, 86, 87, 88, 89, 90, 91, 92, 93, 94, 95, 96, 97, 98, 99], "length": 100}