{"id": "anomalous_000632", "series": [51.96, 56.07, 53.3, 53.97, 56.14, 57.27, 54.26, 54.6, 54.98, 53.88, 51.69, 51.0, 48.73, 47.55, 49.08, 46.64, 44.91, 45.86, 45.46, 46.21, 46.04, 48.59, 47.78, 50.18, 51.96, 53.2, 47.94, 54.74, 52.9, 52.5, 55.61, 53.94, 55.4, 52.28, 53.62, 52.05, 49.82, 48.33, 48.64, 47.77, 44.06, 46.17, 46.37, 45.68, 43.99, 48.54, 48.91, 50.54, 49.97, 50.95, 50.44, 54.64, 53.58, 54.73, 55.71, 55.01, 52.94, 54.22, 51.96, 51.89, 49.88, 50.53, 47.77, 48.02, 44.84, 56.90291230982832, 52.866520296064934, 17.29226556759793, 37.495351177113555, 45.70544781511968, 43.91526812196065, 56.92839766596327, 59.72625914019791, 5.25660285844495, 50.539997331224406, 52.118825071743956, 72.38154799313214, 55.72039541623187, 74.79122108270627, 71.27362924031354, 65.13004456101686, 77.51200482440817, 52.44911565608917, 46.45084808868431, 79.97197164064107, 50.78, 46.64, 44.11, 49.08, 44.27, 45.84, 43.69, 43.19, 44.97, 50.76, 48.65, 48.4, 52.73, 52.84, 52.31], "labels": [0, 0, 0, 0, 0, 0, 0, 0, 0, 0, 0, 0, 0, 0, 0, 0, 0, 0, 0, 0, 0, 0, 0, 0, 0, 0, 0, 0, 0, 0, 0, 0, 0, 0, 0, 0, 0, 0, 0, 0, 0, 0, 0, 0, 0, 0, 0, 0, 0, 0, 0, 0, 0, 0, 0, 0, 0, 0, 0, 0, 0, 0, 0, 0, 0, 1, 1, 1, 1, 1, 1, 1, 1, 1, 1, 1, 1, 1, 1, 1, 1, 1, 1, 1, 1, 0, 0, 0, 0, 0, 0, 0, 0, 0, 0, 0, 0, 0, 0, 0], "is_anomalous": true, "anomaly_type": "variance_change", "anomaly_positions": [65, 66, 67, 68, 69, 70, 71, 72, 73, 74, 75, 76, 77, 78, 79, 80, 81, 82, 83, 84], "length": 100}