{"id": "anomalous_000069", "series": [51.09, 53.74, 55.99, 55.12, 56.16, 55.15, 56.56, 56.84, 55.44, 55.04, 50.77, 52.51, 51.01, 51.16, 51.19, 45.2, 47.2, 46.21, 45.94, 45.68, 45.37, 47.29, 49.13, 49.66, 50.02, 52.27, 53.56, 55.68, 54.39, 56.78, 54.96, 54.94, 56.88, 52.74, 54.34, 50.94, 50.81365458363662, 52.40267339812705, 52.504832226120826, 50.61409480928205, 53.10658525869253, 53.44336873911456, 53.11548463613834, 55.571968392337524, 57.841325706438965, 57.961581342479015, 63.92367550819926, 56.65918109647337, 57.85731934051293, 70.82400164651162, 69.52594544206664, 69.33901314253905, 73.09242533219006, 66.87356079916786, 66.72930763093268, 79.13634162936333, 69.73015272013936, 70.03975239971857, 76.50604233115594, 75.84128060591404, 70.58959411655896, 87.37938320415594, 76.41634753335498, 61.148331555346175, 66.21081111772938, 67.88914696402722, 88.53915771875373, 70.19899977915551, 81.13950951613538, 70.79340221679136, 75.19750860932868, 101.18094867861004, 98.21476949912, 72.56508047972565, 74.93875721293514, 100.9545780968541, 103.7223416337433, 88.42156074572048, 87.30022494192298, 97.62376773856703, 93.26829638767175, 118.00314380488211, 103.50479992681076, 83.49210355890136, 115.80070483512117, 105.86654786183658, 105.87663144367252, 114.79829689612211, 88.79865859993296, 111.85190752949283, 89.00484340236355, 102.67754880672922, 94.7467952238687, 109.25668911786732, 91.0747751760224, 128.35001440901243, 133.49879063458877, 103.33285873181367, 107.45881268275474, 116.2938873082369], "labels": [0, 0, 0, 0, 0, 0, 0, 0, 0, 0, 0, 0, 0, 0, 0, 0, 0, 0, 0, 0, 0, 0, 0, 0, 0, 0, 0, 0, 0, 0, 0, 0, 0, 0, 0, 1, 1, 1, 1, 1, 1, 1, 1, 1, 1, 1, 1, 1, 1, 1, 1, 1, 1, 1, 1, 1, 1, 1, 1, 1, 1, 1, 1, 1, 1, 1, 1, 1, 1, 1, 1, 1, 1, 1, 1, 1, 1, 1, 1, 1, 1, 1, 1, 1, 1, 1, 1, 1, 1, 1, 1, 1, 1, 1, 1, 1, 1, 1, 1, 1], "is_anomalous": true, "anomaly_type": "trend_change", "anomaly_positions": [35, 36, 37, 38, 39, 40, 41, 42, 43, 44, 45, 46, 47, 48, 49, 50, 51, 52, 53, 54, 55, 56, 57, 58, 59, 60, 61, 62, 63, 64, 65, 66, 67, 68, 69, 70, 71, 72, 73, 74, 75, 76, 77, 78, 79, 80, 81, 82, 83, 84, 85, 86, 87, 88, 89, 90, 91, 92, 93, 94, 95, 96, 97, 98, 99], "length": 100}