{"id": "anomalous_000166", "series": [53.62, 56.01, 52.74, 53.85, 54.2, 53.61, 59.06, 55.99, 56.01, 58.41, 54.41, 56.68, 50.85, 54.07, 43.21, 45.13, 47.98, 45.34, 50.39, 47.8, 47.83, 49.55, 48.25, 47.34, 54.44, 47.95, 56.06, 55.62, 56.3, 59.63, 56.55, 56.99, 59.41, 52.95, 50.13, 50.01, 54.99, 49.73, 50.16, 44.6, 49.78, 47.44, 47.25, 46.88, 45.49, 47.29, 49.11, 49.63, 51.72386924495266, 56.00218519180573, 59.271044651593954, 57.81142840463379, 65.09985362707472, 63.122883815010624, 64.5578567841617, 65.87776496743518, 62.17186134729285, 59.754116442780706, 67.30226593444343, 59.47785687048276, 67.86806334420471, 59.83815973937503, 68.68039432203688, 55.127479855173945, 67.72765659038859, 57.63351737329947, 67.65789869813835, 71.55852405288337, 72.65796539134045, 65.45857760483801, 74.11685848913103, 80.4938379130308, 83.95604757740259, 90.94065234516793, 82.74805285490837, 92.92725594871933, 79.94387888255001, 92.8284511801115, 81.12529180859994, 80.90216254409036, 89.98048718799086, 88.79330422979095, 101.17897419785248, 97.5780023743911, 91.65462068015032, 82.95247604449807, 108.38323058212924, 95.1690499491489, 99.79793971976846, 81.02001239132838, 87.8263541852773, 99.00959953625625, 99.95500985204254, 99.47105245471235, 81.13828733319252, 88.46309994424794, 125.85997927732106, 111.6019076815854, 102.22635477643104, 109.79386320217904], "labels": [0, 0, 0, 0, 0, 0, 0, 0, 0, 0, 0, 0, 0, 0, 0, 0, 0, 0, 0, 0, 0, 0, 0, 0, 0, 0, 0, 0, 0, 0, 0, 0, 0, 0, 0, 0, 0, 0, 0, 0, 0, 0, 0, 0, 0, 0, 0, 1, 1, 1, 1, 1, 1, 1, 1, 1, 1, 1, 1, 1, 1, 1, 1, 1, 1, 1, 1, 1, 1, 1, 1, 1, 1, 1, 1, 1, 1, 1, 1, 1, 1, 1, 1, 1, 1, 1, 1, 1, 1, 1, 1, 1, 1, 1, 1, 1, 1, 1, 1, 1], "is_anomalous": true, "anomaly_type": "trend_change", "anomaly_positions": [47, 48, 49, 50, 51, 52, 53, 54, 55, 56, 57, 58, 59, 60, 61, 62, 63, 64, 65, 66, 67, 68, 69, 70, 71, 72, 73, 74, 75, 76, 77, 78, 79, 80, 81, 82, 83, 84, 85, 86, 87, 88, 89, 90, 91, 92, 93, 94, 95, 96, 97, 98, 99], "length": 100}