{"id": "anomalous_000546", "series": [49.44, 46.21, 48.72, 49.76, 51.42, 53.85, 54.12, 51.87, 52.46, 52.56, 48.42, 51.15, 49.51, 48.54, 48.3, 45.0, 39.72, 44.98, 43.39, 44.96, 46.14, 48.89, 43.32, 49.34, 50.39, 49.61, 55.69, 53.36, 54.34, 54.72, 55.8, 53.35, 52.58, 51.36, 51.07, 50.4, 48.52, 49.98, 10.634241182419458, 44.82585382487005, 52.44201310800584, 39.25481165197536, 34.40892921135659, 45.70980778089199, 45.720614556967945, 45.60099875197042, 66.65560025498262, 12.64139719967352, 64.11653160524737, 48.11640859845443, 47.161596234237585, 69.62280494069061, 47.1482795089807, 57.400441483894255, 45.28398235806127, 43.63961192265116, 24.810124653807247, 37.94141985975595, 51.66, 51.9, 48.75, 48.22, 50.46, 46.46, 46.71, 46.44, 46.04, 41.9, 47.58, 47.43, 48.62, 51.2, 50.62, 49.1, 50.55, 56.54, 57.07, 55.18, 57.18, 55.84, 54.64, 53.74, 54.12, 55.21, 53.01, 52.38, 52.92, 46.91, 50.18, 49.71, 44.79, 46.91, 50.64, 49.45, 51.09, 49.14, 53.21, 54.77, 57.51, 57.14], "labels": [0, 0, 0, 0, 0, 0, 0, 0, 0, 0, 0, 0, 0, 0, 0, 0, 0, 0, 0, 0, 0, 0, 0, 0, 0, 0, 0, 0, 0, 0, 0, 0, 0, 0, 0, 0, 0, 0, 1, 1, 1, 1, 1, 1, 1, 1, 1, 1, 1, 1, 1, 1, 1, 1, 1, 1, 1, 1, 0, 0, 0, 0, 0, 0, 0, 0, 0, 0, 0, 0, 0, 0, 0, 0, 0, 0, 0, 0, 0, 0, 0, 0, 0, 0, 0, 0, 0, 0, 0, 0, 0, 0, 0, 0, 0, 0, 0, 0, 0, 0], "is_anomalous": true, "anomaly_type": "variance_change", "anomaly_positions": [38, 39, 40, 41, 42, 43, 44, 45, 46, 47, 48, 49, 50, 51, 52, 53, 54, 55, 56, 57], "length": 100}