{"id": "anomalous_000687", "series": [55.81, 56.61, 57.77, 59.68, 57.5, 55.87, 60.9, 60.96, 60.64, 57.43, 55.82, 55.71, 54.63, 54.44, 49.44, 50.79, 50.72, 51.01, 50.7, 50.39, 51.07, 53.63, 52.34, 54.04, 53.83, 59.06, 57.52, 58.37, 60.64, 63.0, 59.45, 62.44, 59.23, 58.74, 58.3, 55.63, 57.87, 55.1, 53.5, 51.79, 53.33, 52.65, 52.52, 51.87, 51.8, 54.73, 56.46, 53.6, 56.24, 18.57254091298622, 21.29254091298622, 22.442540912986217, 21.78254091298622, 20.952540912986215, 21.75254091298622, 21.97254091298622, 20.64254091298622, 20.022540912986216, 18.53254091298622, 56.52, 55.39, 55.54, 53.53, 53.62, 56.68, 52.68, 51.5, 52.95, 53.09, 53.0, 56.98, 56.91, 57.74, 59.32, 61.38, 61.68, 63.92, 63.06, 62.85, 61.97, 62.86, 61.27, 58.74, 59.34, 58.83, 56.27, 58.5, 55.13, 51.25, 52.17, 52.73, 54.49, 53.2, 53.8, 55.12, 56.51, 57.27, 62.76, 62.15, 60.84], "labels": [0, 0, 0, 0, 0, 0, 0, 0, 0, 0, 0, 0, 0, 0, 0, 0, 0, 0, 0, 0, 0, 0, 0, 0, 0, 0, 0, 0, 0, 0, 0, 0, 0, 0, 0, 0, 0, 0, 0, 0, 0, 0, 0, 0, 0, 0, 0, 0, 0, 1, 1, 1, 1, 1, 1, 1, 1, 1, 1, 0, 0, 0, 0, 0, 0, 0, 0, 0, 0, 0, 0, 0, 0, 0, 0, 0, 0, 0, 0, 0, 0, 0, 0, 0, 0, 0, 0, 0, 0, 0, 0, 0, 0, 0, 0, 0, 0, 0, 0, 0], "is_anomalous": true, "anomaly_type": "shift", "anomaly_positions": [49, 50, 51, 52, 53, 54, 55, 56, 57, 58], "length": 100}