{"id": "anomalous_000362", "series": [50.64, 54.18, 53.09, 55.82, 54.39, 57.05, 58.69, 54.47, 56.26, 55.8, 52.95, 49.97, 52.19, 50.68, 49.51, 48.28, 47.32, 47.38, 46.76, 45.42, 45.68, 47.28, 50.09, 48.02, 49.57, 53.41, 53.75, 53.36, 53.09, 53.57, 58.28, 53.83, 51.852039871698004, 36.41796077937502, 63.58315721351711, 73.89062670776454, 35.89133789143177, 19.61198463008899, 58.3745073026914, 42.72156817525514, 37.04305519211877, 59.56070125213168, 30.559004251117713, 47.12395952438051, 75.03031717128417, 48.40438889450674, 35.210799002397316, 10.752595280701499, 59.92573399517034, 70.09133341054772, 43.01031136696727, 54.599101991761465, 55.86, 55.32, 55.11, 55.72, 53.8, 50.92, 50.16, 51.06, 48.74, 47.37, 45.2, 45.62, 42.27, 45.15, 43.79, 43.01, 45.33, 45.53, 48.97, 47.32, 47.09, 49.97, 49.15, 51.04, 56.31, 52.64, 50.68, 52.73, 52.93, 50.74, 48.8, 46.62, 47.65, 48.15, 46.13, 43.1, 42.57, 43.34, 43.56, 41.49, 43.61, 42.48, 46.36, 44.89, 49.16, 48.29, 48.01, 50.74], "labels": [0, 0, 0, 0, 0, 0, 0, 0, 0, 0, 0, 0, 0, 0, 0, 0, 0, 0, 0, 0, 0, 0, 0, 0, 0, 0, 0, 0, 0, 0, 0, 0, 1, 1, 1, 1, 1, 1, 1, 1, 1, 1, 1, 1, 1, 1, 1, 1, 1, 1, 1, 1, 0, 0, 0, 0, 0, 0, 0, 0, 0, 0, 0, 0, 0, 0, 0, 0, 0, 0, 0, 0, 0, 0, 0, 0, 0, 0, 0, 0, 0, 0, 0, 0, 0, 0, 0, 0, 0, 0, 0, 0, 0, 0, 0, 0, 0, 0, 0, 0], "is_anomalous": true, "anomaly_type": "variance_change", "anomaly_positions": [32, 33, 34, 35, 36, 37, 38, 39, 40, 41, 42, 43, 44, 45, 46, 47, 48, 49, 50, 51], "length": 100}