{"id": "anomalous_000132", "series": [47.53, 49.23, 49.88, 46.52, 46.64, 50.52, 51.45, 50.83, 50.94, 48.73, 46.32, 43.87, 42.21, 42.95, 41.34, 45.43, 40.98, 45.02, 39.18, 36.87, 35.51, 42.21, 44.46, 43.9, 41.87, 45.22, 47.45, 52.24, 45.66, 51.49, 47.03, 67.41958680239887, 70.15958680239888, 72.91958680239887, 71.72958680239887, 69.19958680239887, 64.01958680239886, 63.14958680239887, 64.73958680239886, 58.80958680239887, 62.52958680239887, 37.69, 37.83, 40.56, 37.77, 41.17, 41.04, 38.51, 41.87, 45.65, 46.8, 43.43, 44.35, 51.32, 51.09, 50.44, 49.06, 46.36, 46.22, 44.87, 41.55, 38.14, 45.22, 40.43, 41.95, 41.21, 37.14, 35.64, 40.65, 38.13, 37.16, 45.37, 36.91, 46.69, 42.67, 50.38, 43.43, 46.89, 49.5, 43.16, 46.0, 43.42, 48.02, 42.85, 41.27, 39.79, 38.11, 37.87, 36.19, 35.34, 33.04, 36.04, 31.69, 36.12, 40.62, 44.68, 40.3, 44.27, 41.55, 47.11], "labels": [0, 0, 0, 0, 0, 0, 0, 0, 0, 0, 0, 0, 0, 0, 0, 0, 0, 0, 0, 0, 0, 0, 0, 0, 0, 0, 0, 0, 0, 0, 0, 1, 1, 1, 1, 1, 1, 1, 1, 1, 1, 0, 0, 0, 0, 0, 0, 0, 0, 0, 0, 0, 0, 0, 0, 0, 0, 0, 0, 0, 0, 0, 0, 0, 0, 0, 0, 0, 0, 0, 0, 0, 0, 0, 0, 0, 0, 0, 0, 0, 0, 0, 0, 0, 0, 0, 0, 0, 0, 0, 0, 0, 0, 0, 0, 0, 0, 0, 0, 0], "is_anomalous": true, "anomaly_type": "shift", "anomaly_positions": [31, 32, 33, 34, 35, 36, 37, 38, 39, 40], "length": 100}