{"id": "anomalous_000236", "series": [47.43, 46.93, 49.17, 49.31, 50.07, 53.16, 50.43, 54.24, 52.02, 52.04, 47.75, 48.24, 49.73, 46.02, 45.03, 43.87, 42.09, 42.18, 41.46, 41.71, 44.54, 42.88, 46.1, 44.77, 45.27, 49.11, 49.06, 50.65, 51.08, 51.93, 51.39, 50.56, 50.55, 49.59, 50.05, 46.63, 45.66, 47.25, 44.15, 43.33, 39.27, 41.53, 40.0, 42.91, 43.55, 43.78, 42.66, 45.12, 45.5, 49.04, 49.32, 51.71, 50.25, 48.38, 50.41, 49.88, 50.63, 48.43, 47.7, 48.07, 46.0, 45.59, 43.5, 44.21, 40.38, 40.58, 42.01, 42.28, 19.103903309722554, 21.94129506885982, 22.662705547222604, 47.53390005635428, 42.138012498020856, 47.74706816120407, 48.18520057368384, 65.92625463666938, 37.9929030104028, 46.4412813769215, 56.08301894347037, 75.20934501507361, 52.31196557359583, 45.25171640108044, 50.193487023294246, 31.73474025079744, 44.797389250709166, 45.54733768046751, 25.079815797143315, 38.98990843719173, 41.28, 41.32, 38.91, 41.3, 41.37, 43.54, 43.52, 44.41, 44.75, 46.72, 47.13, 49.13], "labels": [0, 0, 0, 0, 0, 0, 0, 0, 0, 0, 0, 0, 0, 0, 0, 0, 0, 0, 0, 0, 0, 0, 0, 0, 0, 0, 0, 0, 0, 0, 0, 0, 0, 0, 0, 0, 0, 0, 0, 0, 0, 0, 0, 0, 0, 0, 0, 0, 0, 0, 0, 0, 0, 0, 0, 0, 0, 0, 0, 0, 0, 0, 0, 0, 0, 0, 0, 0, 1, 1, 1, 1, 1, 1, 1, 1, 1, 1, 1, 1, 1, 1, 1, 1, 1, 1, 1, 1, 0, 0, 0, 0, 0, 0, 0, 0, 0, 0, 0, 0], "is_anomalous": true, "anomaly_type": "variance_change", "anomaly_positions": [68, 69, 70, 71, 72, 73, 74, 75, 76, 77, 78, 79, 80, 81, 82, 83, 84, 85, 86, 87], "length": 100}