{"id": "anomalous_000274", "series": [37.14, 47.56, 49.22, 51.93, 49.56, 51.19, 52.34, 49.68, 49.53, 47.86, 45.76, 46.18, 46.21, 45.18, 45.05, 37.71, 41.88, 40.9, 41.52, 41.71, 42.02, 43.0, 43.68, 43.01, 43.61, 50.33, 46.52, 50.08, 48.77, 55.28, 53.16, 50.24, 50.04, 49.96, 47.53, 46.19, 51.07, 45.08, 41.48, 45.55, 36.16, 41.5, 37.32, 43.85, 41.04, 41.53, 45.78, 48.33, 43.12, 48.24, 48.78, 51.02, 49.9, 51.29, 46.41, 51.32820796132336, 54.91462603361366, 54.88817959004251, 56.33897217874651, 56.46139390480033, 58.01264384329103, 53.854739425980284, 51.430270747939296, 55.03921590821554, 58.45301541636549, 53.01073467508614, 58.51040953135178, 53.84836265740789, 64.02241261209522, 56.203392802390326, 58.74781918711823, 66.5956173184205, 59.073330188674674, 66.09044954939783, 62.11984841392473, 77.09273220545876, 72.01828696772372, 67.67665961188649, 77.02679949426866, 64.76146988653423, 89.63837215676725, 83.5040509091719, 78.25807295610458, 79.44174672169302, 69.83980247547888, 79.91445095955376, 80.08680069488366, 73.03869068599184, 73.56475564904842, 74.94205494626888, 85.3649885656267, 92.42194733154724, 88.95244097791648, 64.33783742866402, 97.62072594558353, 76.25309573337603, 106.22717369564675, 86.35646175571861, 86.94343088016069, 76.88475271960645], "labels": [0, 0, 0, 0, 0, 0, 0, 0, 0, 0, 0, 0, 0, 0, 0, 0, 0, 0, 0, 0, 0, 0, 0, 0, 0, 0, 0, 0, 0, 0, 0, 0, 0, 0, 0, 0, 0, 0, 0, 0, 0, 0, 0, 0, 0, 0, 0, 0, 0, 0, 0, 0, 0, 0, 1, 1, 1, 1, 1, 1, 1, 1, 1, 1, 1, 1, 1, 1, 1, 1, 1, 1, 1, 1, 1, 1, 1, 1, 1, 1, 1, 1, 1, 1, 1, 1, 1, 1, 1, 1, 1, 1, 1, 1, 1, 1, 1, 1, 1, 1], "is_anomalous": true, "anomaly_type": "trend_change", "anomaly_positions": [54, 55, 56, 57, 58, 59, 60, 61, 62, 63, 64, 65, 66, 67, 68, 69, 70, 71, 72, 73, 74, 75, 76, 77, 78, 79, 80, 81, 82, 83, 84, 85, 86, 87, 88, 89, 90, 91, 92, 93, 94, 95, 96, 97, 98, 99], "length": 100}