{"id": "anomalous_000738", "series": [51.36, 57.03, 56.6, 59.99, 62.28, 59.67, 54.62, 57.23, 54.86, 57.52, 55.73, 55.66, 58.14, 44.83, 53.58, 50.09, 50.78, 45.47, 48.37, 50.16, 49.6, 51.59, 50.93, 49.19, 54.67, 56.15, 53.46, 56.22, 55.0, 56.11, 56.85, 55.05, 57.42, 53.65, 59.96, 56.22, 49.28, 52.0, 50.76, 48.59, 48.81, 45.96, 48.82, 50.8, 42.52, 51.44, 51.62, 51.13, 50.26, 52.11, 50.78, 53.58, 55.82, 61.39, 58.35, 55.71, 55.6, 54.17, 50.49, 53.98, 51.4, 51.59, 51.73, 46.0, 46.16, 42.44, 50.27, 19.611144208532984, 20.521144208532988, 18.951144208532988, 21.801144208532982, 21.721144208532984, 24.871144208532982, 22.471144208532984, 25.98114420853298, 27.781144208532986, 28.801144208532982, 53.7, 59.47, 56.07, 55.02, 59.22, 49.94, 54.5, 52.19, 48.71, 51.43, 47.75, 46.64, 48.98, 45.14, 49.39, 46.99, 47.4, 46.66, 48.94, 53.22, 48.6, 55.33, 55.47], "labels": [0, 0, 0, 0, 0, 0, 0, 0, 0, 0, 0, 0, 0, 0, 0, 0, 0, 0, 0, 0, 0, 0, 0, 0, 0, 0, 0, 0, 0, 0, 0, 0, 0, 0, 0, 0, 0, 0, 0, 0, 0, 0, 0, 0, 0, 0, 0, 0, 0, 0, 0, 0, 0, 0, 0, 0, 0, 0, 0, 0, 0, 0, 0, 0, 0, 0, 0, 1, 1, 1, 1, 1, 1, 1, 1, 1, 1, 0, 0, 0, 0, 0, 0, 0, 0, 0, 0, 0, 0, 0, 0, 0, 0, 0, 0, 0, 0, 0, 0, 0], "is_anomalous": true, "anomaly_type": "shift", "anomaly_positions": [67, 68, 69, 70, 71, 72, 73, 74, 75, 76], "length": 100}