{"id": "anomalous_000462", "series": [47.11, 47.29, 49.34, 53.43, 51.31, 51.5, 51.85, 53.38, 50.98, 50.81, 49.65, 47.55, 48.26, 46.39, 42.33, 42.81, 43.77, 39.09, 42.75, 42.97, 42.49, 44.43, 44.48, 45.02, 46.53, 47.97, 50.42, 51.69, 51.69, 54.31, 53.0, 53.18, 52.38, 50.52, 48.55, 48.59, 47.5, 45.26, 43.94, 41.23, 42.98, 41.71, 41.66, 40.57, 44.28, 45.89, 46.92, 46.43, 47.6, 49.67, 50.87, 51.39, 53.11, 54.28, 54.7, 52.21, 51.44, 51.5, 49.89, 48.52, 46.0, 47.01, 45.81, 45.41, 42.94, 41.99, 41.09, 42.34, 42.44, 64.27706734597669, 67.07706734597667, 68.01706734597668, 67.65706734597669, 69.38706734597667, 73.32706734597667, 72.72706734597668, 73.61706734597668, 72.48706734597668, 73.56706734597668, 53.61, 53.05, 52.45, 48.53, 48.53, 48.61, 47.37, 46.65, 44.55, 43.72, 43.86, 43.88, 42.22, 43.76, 45.73, 47.92, 46.39, 48.24, 51.16, 50.87, 51.86], "labels": [0, 0, 0, 0, 0, 0, 0, 0, 0, 0, 0, 0, 0, 0, 0, 0, 0, 0, 0, 0, 0, 0, 0, 0, 0, 0, 0, 0, 0, 0, 0, 0, 0, 0, 0, 0, 0, 0, 0, 0, 0, 0, 0, 0, 0, 0, 0, 0, 0, 0, 0, 0, 0, 0, 0, 0, 0, 0, 0, 0, 0, 0, 0, 0, 0, 0, 0, 0, 0, 1, 1, 1, 1, 1, 1, 1, 1, 1, 1, 0, 0, 0, 0, 0, 0, 0, 0, 0, 0, 0, 0, 0, 0, 0, 0, 0, 0, 0, 0, 0], "is_anomalous": true, "anomaly_type": "shift", "anomaly_positions": [69, 70, 71, 72, 73, 74, 75, 76, 77, 78], "length": 100}