{"id": "anomalous_000623", "series": [51.09, 52.56, 50.74, 51.14, 55.06, 53.68, 55.86, 56.59, 54.46, 53.98, 50.17, 51.89, 50.85, 46.91, 49.03, 46.47, 45.32, 46.92, 44.64, 46.91, 44.64, 49.11, 46.85, 51.1, 53.44, 55.44, 54.51, 59.02, 53.59, 57.28, 59.94, 57.3, 53.99, 56.0, 48.84, 54.44, 51.02, 48.29, 47.81, 49.9, 45.38, 46.36, 47.51, 44.92, 45.56, 46.31, 49.78, 50.99, 52.33, 52.61, 53.81, 57.08, 56.02, 55.93, 54.28, 51.36, 55.57, 56.16, 52.71, 48.05, 52.12, 44.6, 49.14, 48.51, 42.82, 52.12, 44.13, 43.03, 47.53, 47.55, 16.097253696926735, 13.717253696926733, 19.327253696926732, 22.36725369692673, 27.057253696926736, 23.417253696926736, 20.977253696926738, 28.247253696926734, 29.887253696926734, 27.377253696926736, 51.43, 53.91, 48.79, 52.75, 50.88, 47.6, 51.25, 46.17, 44.0, 46.16, 41.4, 48.16, 40.91, 51.44, 49.63, 49.09, 46.47, 49.77, 53.87, 57.25], "labels": [0, 0, 0, 0, 0, 0, 0, 0, 0, 0, 0, 0, 0, 0, 0, 0, 0, 0, 0, 0, 0, 0, 0, 0, 0, 0, 0, 0, 0, 0, 0, 0, 0, 0, 0, 0, 0, 0, 0, 0, 0, 0, 0, 0, 0, 0, 0, 0, 0, 0, 0, 0, 0, 0, 0, 0, 0, 0, 0, 0, 0, 0, 0, 0, 0, 0, 0, 0, 0, 0, 1, 1, 1, 1, 1, 1, 1, 1, 1, 1, 0, 0, 0, 0, 0, 0, 0, 0, 0, 0, 0, 0, 0, 0, 0, 0, 0, 0, 0, 0], "is_anomalous": true, "anomaly_type": "shift", "anomaly_positions": [70, 71, 72, 73, 74, 75, 76, 77, 78, 79], "length": 100}