{"id": "anomalous_000055", "series": [40.69, 52.29, 50.52, 50.07, 51.81, 51.92, 50.2, 50.13, 56.23, 52.63, 46.43, 47.98, 47.71, 40.13, 46.02, 39.7, 43.24, 42.03, 39.24, 39.42, 41.72, 46.49, 45.79, 47.78, 45.89, 41.92, 47.23, 50.64, 52.25, 58.03, 49.87, 48.78, 48.24, 54.96, 53.92, 55.79, 47.38, 42.64, 44.55, 49.17, 38.55, 42.91, 41.17, 36.66, 37.34, 46.45, 47.15, 43.7, 46.47, 52.44, 47.95, 52.78, 51.55, 51.95, 51.66, 51.28, 53.95, 49.9, 50.88, 44.61, 43.52, 83.85172914035128, 78.50172914035127, 78.06172914035128, 80.39172914035129, 77.88172914035128, 74.51172914035129, 75.93172914035128, 78.55172914035128, 74.54172914035128, 75.20172914035129, 44.27, 47.7, 48.17, 52.73, 53.1, 55.86, 52.16, 54.3, 53.75, 52.16, 47.71, 51.11, 45.73, 43.65, 45.88, 42.49, 41.17, 44.76, 41.06, 48.15, 42.27, 39.28, 44.9, 43.26, 46.41, 45.32, 46.97, 48.73, 54.34], "labels": [0, 0, 0, 0, 0, 0, 0, 0, 0, 0, 0, 0, 0, 0, 0, 0, 0, 0, 0, 0, 0, 0, 0, 0, 0, 0, 0, 0, 0, 0, 0, 0, 0, 0, 0, 0, 0, 0, 0, 0, 0, 0, 0, 0, 0, 0, 0, 0, 0, 0, 0, 0, 0, 0, 0, 0, 0, 0, 0, 0, 0, 1, 1, 1, 1, 1, 1, 1, 1, 1, 1, 0, 0, 0, 0, 0, 0, 0, 0, 0, 0, 0, 0, 0, 0, 0, 0, 0, 0, 0, 0, 0, 0, 0, 0, 0, 0, 0, 0, 0], "is_anomalous": true, "anomaly_type": "shift", "anomaly_positions": [61, 62, 63, 64, 65, 66, 67, 68, 69, 70], "length": 100}