{"id": "anomalous_000767", "series": [51.45, 52.63, 52.52, 54.84, 52.02, 56.68, 56.93, 57.67, 51.98, 55.61, 56.3, 53.96, 51.4, 50.34, 47.61, 48.46, 46.37, 46.03, 45.07, 46.58, 48.02, 47.86, 48.46, 46.63, 50.84, 51.06, 51.73, 53.09, 55.67, 54.92, 53.85, 52.94, 55.18, 53.62, 54.14, 50.47, 47.59, 50.87, 49.47980721132755, 51.88384095956195, 48.97754833292308, 52.71826533295109, 51.03971618874678, 50.145742411026845, 53.01238946847963, 57.69073127748301, 52.499710271896646, 57.3335868346093, 63.48092723359132, 67.04751970493015, 64.38309073453239, 62.59524536547386, 70.40031551338193, 65.12106219503482, 72.29226717777043, 72.42374049589617, 77.4605869757328, 71.48031976277026, 80.7908450676076, 85.10242205583504, 77.76762744897704, 78.99131129433063, 77.46981824881382, 73.23920996461278, 60.574582748534205, 66.25021628713215, 73.99427463213895, 73.77611820383112, 79.02287780884257, 88.20723590764057, 67.76935110318, 81.79411428126843, 85.72411448796683, 90.7265017813755, 88.14604454232192, 94.85105489809298, 103.24520596487244, 111.65159341135887, 89.33026535568045, 82.5276214410544, 77.34328599718714, 92.78045324080324, 88.3955656793431, 104.32977315291822, 85.86480341585988, 97.32322498310415, 102.55618016638371, 83.71174762976995, 89.60069475246333, 80.03692226142138, 106.40757223894542, 105.52086605978374, 119.4551232493055, 79.86041527827422, 118.35939763250158, 103.3249151739214, 82.81461958616251, 127.58880149798034, 118.42615530126895, 107.5170909215016], "labels": [0, 0, 0, 0, 0, 0, 0, 0, 0, 0, 0, 0, 0, 0, 0, 0, 0, 0, 0, 0, 0, 0, 0, 0, 0, 0, 0, 0, 0, 0, 0, 0, 0, 0, 0, 0, 0, 1, 1, 1, 1, 1, 1, 1, 1, 1, 1, 1, 1, 1, 1, 1, 1, 1, 1, 1, 1, 1, 1, 1, 1, 1, 1, 1, 1, 1, 1, 1, 1, 1, 1, 1, 1, 1, 1, 1, 1, 1, 1, 1, 1, 1, 1, 1, 1, 1, 1, 1, 1, 1, 1, 1, 1, 1, 1, 1, 1, 1, 1, 1], "is_anomalous": true, "anomaly_type": "trend_change", "anomaly_positions": [37, 38, 39, 40, 41, 42, 43, 44, 45, 46, 47, 48, 49, 50, 51, 52, 53, 54, 55, 56, 57, 58, 59, 60, 61, 62, 63, 64, 65, 66, 67, 68, 69, 70, 71, 72, 73, 74, 75, 76, 77, 78, 79, 80, 81, 82, 83, 84, 85, 86, 87, 88, 89, 90, 91, 92, 93, 94, 95, 96, 97, 98, 99], "length": 100}