{"id": "anomalous_000529", "series": [47.82, 42.09, 44.54, 51.4, 51.44, 49.98, 48.09, 48.51, 50.32, 47.37, 51.91, 47.96, 45.78, 46.33, 49.47, 42.49, 43.17, 38.55, 38.98, 43.73, 38.68, 42.49, 46.32, 47.1, 45.87, 48.49, 46.84, 46.87, 49.9, 51.39, 50.1, 47.54, 45.47, 46.08, 49.46, 49.06, 42.34, 49.4, 41.43, 39.84, 40.82, 41.64, 38.01, 40.46, 40.22, 41.88, 42.61, 43.93, 45.72, 47.84, 50.73, 47.07, 49.95, 49.66, 52.57, 48.4, 52.77, 48.08, 48.2, 48.8, 46.72, 43.32, 40.12, 43.21, 43.45, 44.705248689691906, 45.70445843744512, 47.320080039568, 47.07282318508429, 49.61313414644789, 50.18090436350289, 48.5911523420752, 50.69391947087717, 51.28680749218239, 58.23837091796814, 65.61585605267496, 64.34522257605568, 67.95322670340781, 62.63089512130119, 60.02537985355025, 63.907328425595075, 58.95564132849247, 69.45346100192498, 57.4583776913322, 72.96596190718891, 70.4148586913125, 64.80507577903786, 75.98073907903128, 69.76116493966362, 53.47876161149807, 74.90845039832563, 79.5037426080805, 59.144713577370084, 77.61148382011433, 63.00629044940965, 74.5504355326033, 67.94481223329652, 77.824875214967, 93.81210071639855, 93.61359420502583], "labels": [0, 0, 0, 0, 0, 0, 0, 0, 0, 0, 0, 0, 0, 0, 0, 0, 0, 0, 0, 0, 0, 0, 0, 0, 0, 0, 0, 0, 0, 0, 0, 0, 0, 0, 0, 0, 0, 0, 0, 0, 0, 0, 0, 0, 0, 0, 0, 0, 0, 0, 0, 0, 0, 0, 0, 0, 0, 0, 0, 0, 0, 0, 0, 0, 1, 1, 1, 1, 1, 1, 1, 1, 1, 1, 1, 1, 1, 1, 1, 1, 1, 1, 1, 1, 1, 1, 1, 1, 1, 1, 1, 1, 1, 1, 1, 1, 1, 1, 1, 1], "is_anomalous": true, "anomaly_type": "trend_change", "anomaly_positions": [64, 65, 66, 67, 68, 69, 70, 71, 72, 73, 74, 75, 76, 77, 78, 79, 80, 81, 82, 83, 84, 85, 86, 87, 88, 89, 90, 91, 92, 93, 94, 95, 96, 97, 98, 99], "length": 100}