{"id": "anomalous_000366", "series": [47.78, 47.77, 51.64, 51.72, 51.61, 52.77, 53.0, 54.02, 51.83, 50.97, 50.79, 50.18, 47.1, 46.05, 45.65, 45.1, 43.5, 43.99, 42.31, 41.9, 44.62, 44.97, 45.52, 48.43, 47.56, 48.54, 51.37, 52.39, 53.09, 52.14, 53.47, 52.05, 54.32, 51.09, 21.625208957083608, 18.61520895708361, 20.43520895708361, 18.555208957083607, 16.72520895708361, 16.525208957083613, 14.945208957083608, 13.245208957083612, 15.025208957083613, 15.285208957083611, 42.27, 45.03, 42.97, 45.01, 49.13, 47.76, 48.79, 49.66, 51.62, 52.85, 49.63, 51.22, 51.34, 49.2, 50.48, 47.13, 46.68, 44.92, 44.23, 45.38, 42.95, 41.24, 40.55, 41.98, 43.47, 43.02, 44.44, 44.47, 48.04, 46.89, 49.79, 49.5, 51.78, 48.68, 51.33, 49.57, 50.29, 48.37, 47.67, 45.81, 47.58, 43.8, 43.89, 41.47, 42.21, 39.82, 41.14, 42.12, 42.19, 42.39, 43.36, 45.13, 46.78, 45.6, 49.7, 49.0], "labels": [0, 0, 0, 0, 0, 0, 0, 0, 0, 0, 0, 0, 0, 0, 0, 0, 0, 0, 0, 0, 0, 0, 0, 0, 0, 0, 0, 0, 0, 0, 0, 0, 0, 0, 1, 1, 1, 1, 1, 1, 1, 1, 1, 1, 0, 0, 0, 0, 0, 0, 0, 0, 0, 0, 0, 0, 0, 0, 0, 0, 0, 0, 0, 0, 0, 0, 0, 0, 0, 0, 0, 0, 0, 0, 0, 0, 0, 0, 0, 0, 0, 0, 0, 0, 0, 0, 0, 0, 0, 0, 0, 0, 0, 0, 0, 0, 0, 0, 0, 0], "is_anomalous": true, "anomaly_type": "shift", "anomaly_positions": [34, 35, 36, 37, 38, 39, 40, 41, 42, 43], "length": 100}