{"id": "anomalous_000037", "series": [50.6, 49.18, 55.16, 54.0, 52.33, 54.33, 53.47, 52.42, 54.25, 56.89, 49.27, 49.09, 55.73, 46.35, 48.24, 50.1, 48.61, 47.64, 38.3, 43.65, 48.31, 42.97, 53.03, 54.24, 50.61, 54.0, 56.62, 55.23, 57.62, 56.73, 57.69, 60.97, 53.42, 52.38, 56.58, 53.84, 53.5, 47.81, 52.64, 46.48, 48.17, 48.85, 50.769545606377775, 50.223397286190846, 53.493378967902224, 53.03022976671952, 53.80016225357779, 57.70957110599925, 58.58259036835192, 54.388524686874334, 70.5685997151755, 62.85946019932147, 65.6816957282305, 70.28569152550327, 68.2690523046034, 78.09189789669966, 72.89706650163534, 67.68417423319681, 65.85776652853437, 68.07053568941484, 64.83050467607026, 74.3427266678338, 76.39840618669649, 74.35231731760007, 69.95356900795159, 75.87184469423559, 77.51596538857206, 64.98698877840502, 77.63605824249181, 83.06629902991524, 84.8754077252458, 88.38929719586233, 78.31412108241591, 92.70864151226323, 103.60400070800375, 78.72162684724077, 107.31475806106084, 105.73563960434636, 102.2075288794281, 92.12526144172809, 90.68932985819967, 107.27881193152191, 86.19396999416023, 89.1840214982281, 94.3939269576849, 83.42040807748407, 117.22099782374167, 90.57376297320846, 99.37289541006606, 107.58561267794624, 105.20717284495822, 76.08224035576676, 118.11986393286473, 77.06242743133245, 120.88994429206537, 95.24451052937039, 111.42984286196375, 100.17425139097864, 80.06675994783666, 117.10757176992357], "labels": [0, 0, 0, 0, 0, 0, 0, 0, 0, 0, 0, 0, 0, 0, 0, 0, 0, 0, 0, 0, 0, 0, 0, 0, 0, 0, 0, 0, 0, 0, 0, 0, 0, 0, 0, 0, 0, 0, 0, 0, 0, 1, 1, 1, 1, 1, 1, 1, 1, 1, 1, 1, 1, 1, 1, 1, 1, 1, 1, 1, 1, 1, 1, 1, 1, 1, 1, 1, 1, 1, 1, 1, 1, 1, 1, 1, 1, 1, 1, 1, 1, 1, 1, 1, 1, 1, 1, 1, 1, 1, 1, 1, 1, 1, 1, 1, 1, 1, 1, 1], "is_anomalous": true, "anomaly_type": "trend_change", "anomaly_positions": [41, 42, 43, 44, 45, 46, 47, 48, 49, 50, 51, 52, 53, 54, 55, 56, 57, 58, 59, 60, 61, 62, 63, 64, 65, 66, 67, 68, 69, 70, 71, 72, 73, 74, 75, 76, 77, 78, 79, 80, 81, 82, 83, 84, 85, 86, 87, 88, 89, 90, 91, 92, 93, 94, 95, 96, 97, 98, 99], "length": 100}