{"id": "anomalous_000480", "series": [53.05, 53.84, 54.79, 55.99, 58.23, 59.82, 58.05, 58.74, 57.36, 57.74, 57.77, 55.58, 53.29, 50.13, 51.94, 50.99, 51.0, 52.16, 46.64, 48.64, 48.13, 47.8, 50.4, 51.49, 53.73, 57.55, 57.86, 56.61, 57.68, 58.96, 60.0, 58.39, 60.14, 57.99, 56.13, 54.72, 72.99438045109092, 32.80651806995488, 67.97826211846696, 43.48397522290127, 42.73939032201874, 32.730448665612855, 49.253029393377766, 33.43634076120121, 39.92161070296318, 33.11905364369651, 64.06510189162817, 81.40998828696011, 57.69789133918394, 56.76495107923274, 32.9455412949649, 17.209546822653245, 71.84596017278653, 63.95355281259382, 61.12892415814162, 39.40812948490185, 58.49, 59.66, 59.33, 58.75, 53.09, 53.76, 52.22, 52.18, 51.22, 51.96, 50.76, 48.89, 51.29, 52.79, 56.14, 58.44, 55.47, 57.13, 59.06, 59.58, 60.89, 62.89, 63.4, 60.1, 56.94, 60.2, 57.8, 59.05, 57.33, 54.15, 50.8, 56.39, 51.06, 50.62, 52.89, 50.11, 52.66, 51.94, 54.52, 56.2, 54.43, 52.73, 63.57, 61.79], "labels": [0, 0, 0, 0, 0, 0, 0, 0, 0, 0, 0, 0, 0, 0, 0, 0, 0, 0, 0, 0, 0, 0, 0, 0, 0, 0, 0, 0, 0, 0, 0, 0, 0, 0, 0, 0, 1, 1, 1, 1, 1, 1, 1, 1, 1, 1, 1, 1, 1, 1, 1, 1, 1, 1, 1, 1, 0, 0, 0, 0, 0, 0, 0, 0, 0, 0, 0, 0, 0, 0, 0, 0, 0, 0, 0, 0, 0, 0, 0, 0, 0, 0, 0, 0, 0, 0, 0, 0, 0, 0, 0, 0, 0, 0, 0, 0, 0, 0, 0, 0], "is_anomalous": true, "anomaly_type": "variance_change", "anomaly_positions": [36, 37, 38, 39, 40, 41, 42, 43, 44, 45, 46, 47, 48, 49, 50, 51, 52, 53, 54, 55], "length": 100}