{"id": "anomalous_000648", "series": [47.42, 48.04, 46.19, 53.92, 51.17, 51.57, 52.5, 52.57, 53.63, 48.88, 50.78, 49.53, 44.25, 44.29, 47.61, 45.94, 46.58, 44.55, 43.74, 45.31, 46.92, 48.1, 48.1, 48.0, 48.77, 48.38, 50.82, 52.13, 54.23, 50.24, 50.11, 50.91, 52.89, 49.23, 51.79, 52.78, 49.33, 45.81, 44.1, 44.41, 40.02, 42.07, 44.77, 41.31, 41.85, 43.12, 43.46, 44.6, 79.37184622478924, 78.69184622478923, 83.90184622478924, 82.12184622478924, 82.83184622478925, 86.51184622478924, 86.44184622478923, 83.74184622478924, 84.59184622478924, 80.19184622478923, 48.9, 49.61, 46.63, 46.85, 43.51, 45.53, 43.57, 41.4, 36.75, 43.79, 41.33, 44.61, 42.05, 46.68, 45.17, 49.09, 51.34, 51.19, 51.19, 50.6, 50.07, 50.16, 47.26, 50.52, 49.27, 46.56, 46.82, 46.34, 42.48, 39.59, 42.15, 39.18, 44.55, 40.1, 40.23, 43.43, 46.23, 43.02, 47.49, 49.6, 45.59, 49.11], "labels": [0, 0, 0, 0, 0, 0, 0, 0, 0, 0, 0, 0, 0, 0, 0, 0, 0, 0, 0, 0, 0, 0, 0, 0, 0, 0, 0, 0, 0, 0, 0, 0, 0, 0, 0, 0, 0, 0, 0, 0, 0, 0, 0, 0, 0, 0, 0, 0, 1, 1, 1, 1, 1, 1, 1, 1, 1, 1, 0, 0, 0, 0, 0, 0, 0, 0, 0, 0, 0, 0, 0, 0, 0, 0, 0, 0, 0, 0, 0, 0, 0, 0, 0, 0, 0, 0, 0, 0, 0, 0, 0, 0, 0, 0, 0, 0, 0, 0, 0, 0], "is_anomalous": true, "anomaly_type": "shift", "anomaly_positions": [48, 49, 50, 51, 52, 53, 54, 55, 56, 57], "length": 100}