{"id": "anomalous_000562", "series": [48.1, 50.7, 53.39, 52.76, 54.9, 53.99, 53.7, 53.08, 55.53, 52.98, 52.15, 50.4, 48.6, 46.79, 45.77, 45.63, 43.33, 45.36, 44.83, 43.83, 46.4, 45.42, 46.39, 47.91, 46.51, 52.01, 50.74, 51.15, 53.32, 52.18, 53.25, 55.27, 54.92, 49.07, 52.25, 50.59, 48.14, 46.91, 48.19, 42.38, 47.28, 46.05, 44.7, 44.5, 44.17, 44.51, 75.13691154369525, 75.74691154369525, 77.15691154369524, 79.24691154369525, 79.40691154369524, 84.17691154369524, 80.21691154369525, 83.62691154369526, 83.62691154369526, 82.66691154369525, 54.14, 52.75, 48.54, 49.9, 49.88, 47.87, 48.47, 45.49, 44.31, 44.82, 44.75, 42.6, 44.84, 45.23, 46.86, 47.95, 50.37, 52.09, 50.58, 53.08, 51.35, 53.16, 56.66, 53.58, 53.32, 54.35, 50.65, 51.11, 47.54, 48.38, 47.11, 45.99, 46.6, 44.26, 44.49, 42.57, 42.52, 45.41, 49.31, 47.49, 47.81, 51.17, 50.91, 50.97], "labels": [0, 0, 0, 0, 0, 0, 0, 0, 0, 0, 0, 0, 0, 0, 0, 0, 0, 0, 0, 0, 0, 0, 0, 0, 0, 0, 0, 0, 0, 0, 0, 0, 0, 0, 0, 0, 0, 0, 0, 0, 0, 0, 0, 0, 0, 0, 1, 1, 1, 1, 1, 1, 1, 1, 1, 1, 0, 0, 0, 0, 0, 0, 0, 0, 0, 0, 0, 0, 0, 0, 0, 0, 0, 0, 0, 0, 0, 0, 0, 0, 0, 0, 0, 0, 0, 0, 0, 0, 0, 0, 0, 0, 0, 0, 0, 0, 0, 0, 0, 0], "is_anomalous": true, "anomaly_type": "shift", "anomaly_positions": [46, 47, 48, 49, 50, 51, 52, 53, 54, 55], "length": 100}