{"id": "anomalous_000290", "series": [46.85, 55.75, 53.81, 49.61, 53.71, 47.89, 57.38, 50.62, 54.69, 53.87, 56.23, 52.1, 47.56, 43.5, 44.85, 44.62, 41.61, 44.1, 41.92, 49.29, 45.05, 46.06, 46.06, 49.16, 50.1, 48.91, 53.06, 53.4, 57.61, 56.07, 60.47, 54.84, 57.53, 53.66, 49.71, 53.1, 50.33, 46.41, 47.04, 42.47, 42.55, 41.64, 44.42, 40.59, 40.11, 42.19, 46.26, 47.18, 43.16, 50.0, 53.02, 51.66, 54.96, 52.07, 53.71, 48.81, 46.99, 51.84, 46.76, 49.84, 46.32, 49.96, 44.89, 45.55, 46.91, 29.1326092928282, 45.25157509833425, 35.59314243557334, 27.114419670484878, 37.525507027492296, 46.24442268314351, 41.2055752426261, 45.07523242049824, 63.53845600663516, 67.19430079628496, 47.187696453222124, 62.66597705479488, 41.02994050448477, 58.62838247787859, 41.199355021039345, 29.609586063334994, 77.90085412430699, 63.034415529737586, 42.88125111119463, 27.989191830395594, 49.34, 40.89, 44.23, 37.12, 39.38, 39.85, 39.55, 40.83, 43.36, 40.16, 41.42, 43.1, 47.36, 44.43, 45.57], "labels": [0, 0, 0, 0, 0, 0, 0, 0, 0, 0, 0, 0, 0, 0, 0, 0, 0, 0, 0, 0, 0, 0, 0, 0, 0, 0, 0, 0, 0, 0, 0, 0, 0, 0, 0, 0, 0, 0, 0, 0, 0, 0, 0, 0, 0, 0, 0, 0, 0, 0, 0, 0, 0, 0, 0, 0, 0, 0, 0, 0, 0, 0, 0, 0, 0, 1, 1, 1, 1, 1, 1, 1, 1, 1, 1, 1, 1, 1, 1, 1, 1, 1, 1, 1, 1, 0, 0, 0, 0, 0, 0, 0, 0, 0, 0, 0, 0, 0, 0, 0], "is_anomalous": true, "anomaly_type": "variance_change", "anomaly_positions": [65, 66, 67, 68, 69, 70, 71, 72, 73, 74, 75, 76, 77, 78, 79, 80, 81, 82, 83, 84], "length": 100}