{"id": "anomalous_000021", "series": [45.7, 49.22, 47.32, 51.56, 51.38, 51.93, 53.4, 54.68, 54.38, 49.53, 50.72, 47.28, 46.39, 46.99, 44.74, 45.61, 44.33, 40.83, 45.11, 40.82, 44.48, 43.81, 47.09, 48.18, 47.48, 51.25, 51.73, 51.24, 49.91, 50.16, 52.04, 50.83, 52.65, 51.98, 49.24, 45.95, 51.48, 42.67, 43.39, 44.38, 41.9, 45.84, 41.99, 45.35, 43.87, 42.46, 48.95, 45.53, 45.45, 47.34, 49.44, 51.21, 52.03, 52.31, 85.76521055412391, 85.50521055412392, 83.68521055412393, 80.78521055412392, 81.10521055412391, 83.14521055412392, 82.01521055412391, 77.37521055412392, 76.14521055412392, 77.23521055412391, 43.91, 40.65, 43.8, 40.06, 45.1, 41.11, 45.9, 45.9, 48.26, 48.1, 48.44, 50.75, 49.23, 54.25, 54.85, 48.61, 50.87, 50.75, 49.83, 46.31, 44.84, 48.44, 47.14, 41.31, 44.69, 40.79, 40.99, 38.7, 45.05, 40.9, 41.45, 45.12, 47.52, 49.62, 48.15, 49.99], "labels": [0, 0, 0, 0, 0, 0, 0, 0, 0, 0, 0, 0, 0, 0, 0, 0, 0, 0, 0, 0, 0, 0, 0, 0, 0, 0, 0, 0, 0, 0, 0, 0, 0, 0, 0, 0, 0, 0, 0, 0, 0, 0, 0, 0, 0, 0, 0, 0, 0, 0, 0, 0, 0, 0, 1, 1, 1, 1, 1, 1, 1, 1, 1, 1, 0, 0, 0, 0, 0, 0, 0, 0, 0, 0, 0, 0, 0, 0, 0, 0, 0, 0, 0, 0, 0, 0, 0, 0, 0, 0, 0, 0, 0, 0, 0, 0, 0, 0, 0, 0], "is_anomalous": true, "anomaly_type": "shift", "anomaly_positions": [54, 55, 56, 57, 58, 59, 60, 61, 62, 63], "length": 100}