{"id": "anomalous_000185", "series": [52.9, 55.83, 56.39, 51.79, 50.18, 54.06, 59.7, 53.46, 52.84, 53.35, 56.68, 57.97, 50.84, 50.88, 47.9, 46.27, 45.15, 48.02, 47.31, 45.94, 45.58, 44.47, 42.94, 53.24, 54.43, 54.04, 54.68, 53.35, 55.83, 52.85, 50.2, 58.74, 53.25, 55.55, 52.78, 47.86, 52.85, 49.68, 48.94, 44.05, 48.81, 49.62, 43.47, 45.75, 44.47, 45.98, 50.99, 52.52, 55.5, 49.05, 48.11, 57.35, 58.17, 56.88, 57.76, 55.03, 52.24, 52.69, 54.91, 49.37, 50.75, 48.35, 46.0, 44.44, 51.08, 38.73, 46.64, 36.41547116660844, 38.74930525646755, 60.08566535627986, 38.22767560573915, 49.40907101634198, 36.39536308343531, 61.92153944381125, 35.68608095134486, 56.84301140804238, 80.3778523555282, 62.346765618591185, 54.65223125799791, 32.248789556379975, 69.95922845502243, 54.89724405032538, 64.21159485871391, 50.638414671171944, 54.275665814191676, 66.41668450726867, 51.35005050602911, 40.76, 44.59, 45.01, 44.69, 41.7, 42.54, 47.81, 50.9, 48.08, 49.5, 47.99, 48.75, 49.09], "labels": [0, 0, 0, 0, 0, 0, 0, 0, 0, 0, 0, 0, 0, 0, 0, 0, 0, 0, 0, 0, 0, 0, 0, 0, 0, 0, 0, 0, 0, 0, 0, 0, 0, 0, 0, 0, 0, 0, 0, 0, 0, 0, 0, 0, 0, 0, 0, 0, 0, 0, 0, 0, 0, 0, 0, 0, 0, 0, 0, 0, 0, 0, 0, 0, 0, 0, 0, 1, 1, 1, 1, 1, 1, 1, 1, 1, 1, 1, 1, 1, 1, 1, 1, 1, 1, 1, 1, 0, 0, 0, 0, 0, 0, 0, 0, 0, 0, 0, 0, 0], "is_anomalous": true, "anomaly_type": "variance_change", "anomaly_positions": [67, 68, 69, 70, 71, 72, 73, 74, 75, 76, 77, 78, 79, 80, 81, 82, 83, 84, 85, 86], "length": 100}