{"id": "anomalous_000569", "series": [47.92, 49.36, 50.28, 49.49, 50.09, 53.98, 52.17, 52.05, 51.32, 51.05, 50.17, 49.9, 46.26, 45.7, 46.59, 44.5, 42.73, 41.01, 42.72, 41.0, 42.55, 45.65, 46.65, 44.17, 45.82, 48.91, 50.01, 49.58, 51.15, 52.43, 53.68, 51.06, 49.37, 50.58, 48.43, 48.44, 45.61, 46.29, 44.69, 41.38, 42.84, 41.08, 40.31, 43.65, 43.75, 43.33, 45.76, 44.39, 45.764291787538966, 49.73567222263486, 51.28526417403292, 56.57961562794592, 55.306944069618076, 58.236551269426045, 58.81333458403729, 53.980566339228425, 58.04898506915017, 60.369848423293725, 56.41253476789793, 62.65099032745121, 60.84084892405939, 51.570853250975574, 59.85597926202007, 61.94298734428864, 59.61440564980182, 56.02041538755667, 61.52391426564896, 53.661378408079564, 54.98602878171324, 53.79419377376672, 67.39889761083228, 71.62182564907562, 68.21953998850465, 73.5342461569785, 72.32870739434193, 74.33999186170098, 70.08080800622677, 65.59291087618791, 77.8598861158662, 66.36313915883986, 86.23787966217131, 82.04219938576509, 69.33154441262917, 83.88854832071777, 100.03826059280023, 98.19757135165004, 66.81348442031256, 91.13033733182175, 63.897633502728354, 80.10426139238194, 97.76001786242016, 78.79627585221147, 89.61124567555342, 75.68819998945501, 69.52983978279808, 70.30468037053141, 105.86919509014372, 100.78163322545818, 89.20756935468734, 125.96211585308696], "labels": [0, 0, 0, 0, 0, 0, 0, 0, 0, 0, 0, 0, 0, 0, 0, 0, 0, 0, 0, 0, 0, 0, 0, 0, 0, 0, 0, 0, 0, 0, 0, 0, 0, 0, 0, 0, 0, 0, 0, 0, 0, 0, 0, 0, 0, 0, 0, 1, 1, 1, 1, 1, 1, 1, 1, 1, 1, 1, 1, 1, 1, 1, 1, 1, 1, 1, 1, 1, 1, 1, 1, 1, 1, 1, 1, 1, 1, 1, 1, 1, 1, 1, 1, 1, 1, 1, 1, 1, 1, 1, 1, 1, 1, 1, 1, 1, 1, 1, 1, 1], "is_anomalous": true, "anomaly_type": "trend_change", "anomaly_positions": [47, 48, 49, 50, 51, 52, 53, 54, 55, 56, 57, 58, 59, 60, 61, 62, 63, 64, 65, 66, 67, 68, 69, 70, 71, 72, 73, 74, 75, 76, 77, 78, 79, 80, 81, 82, 83, 84, 85, 86, 87, 88, 89, 90, 91, 92, 93, 94, 95, 96, 97, 98, 99], "length": 100}