{"id": "anomalous_000315", "series": [53.12, 57.09, 57.1, 56.34, 53.78, 59.4, 61.12, 58.33, 57.36, 54.7, 54.97, 59.06, 52.73, 54.04, 52.26, 51.84, 49.26, 46.13, 50.31, 48.87, 51.44, 49.65, 52.45, 56.15, 53.04, 54.38, 53.86, 60.46, 58.66, 57.21, 59.82, 63.41, 58.45, 58.25, 51.71, 58.34, 53.32, 53.37, 51.98, 50.79, 50.22, 53.03, 50.84, 52.69, 47.84, 48.6, 52.28, 57.18, 54.01, 54.51, 60.52, 55.44, 61.08, 61.93, 59.17, 58.04, 59.33, 53.72, 59.57, 56.97, 52.525030443299784, 30.14628481527993, 36.315480145946474, 60.20936881022817, 69.11543069963987, 44.314720933820304, 44.86758656190645, 30.309340704519443, 57.68001956567595, 41.38043125660327, 50.419030390765926, 71.14156854088154, 31.744433758255546, 59.30586726606855, 55.42279640180484, 59.56381535553139, 94.56333559212673, 38.71917160278821, 86.4723129993066, 67.02062569662691, 60.72, 56.85, 56.08, 58.09, 54.84, 50.05, 51.27, 49.86, 49.73, 53.05, 48.51, 47.62, 53.17, 50.3, 51.87, 49.09, 58.66, 49.43, 50.91, 55.12], "labels": [0, 0, 0, 0, 0, 0, 0, 0, 0, 0, 0, 0, 0, 0, 0, 0, 0, 0, 0, 0, 0, 0, 0, 0, 0, 0, 0, 0, 0, 0, 0, 0, 0, 0, 0, 0, 0, 0, 0, 0, 0, 0, 0, 0, 0, 0, 0, 0, 0, 0, 0, 0, 0, 0, 0, 0, 0, 0, 0, 0, 1, 1, 1, 1, 1, 1, 1, 1, 1, 1, 1, 1, 1, 1, 1, 1, 1, 1, 1, 1, 0, 0, 0, 0, 0, 0, 0, 0, 0, 0, 0, 0, 0, 0, 0, 0, 0, 0, 0, 0], "is_anomalous": true, "anomaly_type": "variance_change", "anomaly_positions": [60, 61, 62, 63, 64, 65, 66, 67, 68, 69, 70, 71, 72, 73, 74, 75, 76, 77, 78, 79], "length": 100}