{"id": "anomalous_000316", "series": [48.72, 50.8, 53.35, 51.62, 53.26, 52.91, 56.27, 55.14, 52.25, 53.95, 50.4, 53.71, 49.6, 47.03, 46.86, 51.77, 45.63, 44.67, 44.95, 44.52, 46.14, 47.05, 48.27, 49.13, 49.9, 52.03, 52.71, 52.32, 52.77, 52.73, 56.25, 54.27, 53.89, 53.25, 51.41, 49.93, 49.24, 47.4, 48.3, 46.44, 44.51, 43.07, 45.75, 42.4, 43.09, 45.11, 43.88, 46.94, 50.83, 50.62, 54.4, 54.48, 53.38, 56.18, 54.69, 57.21, 50.38, 53.53, 48.15, 48.75, 48.62, 45.94, 48.7, 49.0, 45.79, 40.18, 45.78, 43.101858816131575, 47.21105421931679, 48.08400476796081, 48.555772628183824, 52.07615866610366, 55.871019585408305, 55.3020411038968, 55.58987174809033, 63.41049107138107, 63.54238286943755, 59.77252239073266, 60.1295542136663, 69.75110928439864, 64.04149500392644, 71.52557339407089, 62.707336444114254, 58.76099734938717, 74.26718045618226, 57.71096296161345, 73.00173459138276, 68.40497018852162, 65.32875819689745, 73.30492082373121, 60.247019060549604, 57.942322573120585, 70.64749516261269, 73.45181504788727, 70.69493923537925, 65.5669409195948, 89.59432068879933, 73.1357081724811, 93.33237208257157, 91.0932785228409], "labels": [0, 0, 0, 0, 0, 0, 0, 0, 0, 0, 0, 0, 0, 0, 0, 0, 0, 0, 0, 0, 0, 0, 0, 0, 0, 0, 0, 0, 0, 0, 0, 0, 0, 0, 0, 0, 0, 0, 0, 0, 0, 0, 0, 0, 0, 0, 0, 0, 0, 0, 0, 0, 0, 0, 0, 0, 0, 0, 0, 0, 0, 0, 0, 0, 0, 0, 1, 1, 1, 1, 1, 1, 1, 1, 1, 1, 1, 1, 1, 1, 1, 1, 1, 1, 1, 1, 1, 1, 1, 1, 1, 1, 1, 1, 1, 1, 1, 1, 1, 1], "is_anomalous": true, "anomaly_type": "trend_change", "anomaly_positions": [66, 67, 68, 69, 70, 71, 72, 73, 74, 75, 76, 77, 78, 79, 80, 81, 82, 83, 84, 85, 86, 87, 88, 89, 90, 91, 92, 93, 94, 95, 96, 97, 98, 99], "length": 100}