{"id": "anomalous_000049", "series": [50.73, 51.13, 53.77, 55.3, 54.76, 55.05, 54.75, 52.98, 55.81, 54.98, 52.48, 51.57, 51.38, 48.32, 46.93, 47.3, 47.95, 46.74, 44.46, 43.52, 46.93, 46.53, 46.86, 49.65, 50.01, 52.09, 49.77, 53.39, 54.21, 57.3, 56.91, 54.74, 55.09, 55.08, 53.07, 51.29, 48.06, 47.27, 46.54, 47.3, 46.46, 45.05, 43.69, 46.68, 49.61, 47.02, 48.35, 50.11, 50.74, 52.05, 51.91, 53.38, 51.89, 54.86, 55.18, 55.14, 54.61, 53.74, 52.36, 51.68, 48.15, 49.67, 46.91, 47.03, 46.26, 73.03423980799893, 73.97423980799893, 71.56423980799893, 74.37423980799892, 74.81423980799893, 75.86423980799893, 75.50423980799893, 76.46423980799892, 78.60423980799894, 80.63423980799894, 51.72, 52.81, 53.4, 56.9, 54.11, 54.5, 54.91, 52.75, 51.26, 49.89, 48.59, 48.21, 46.47, 44.62, 46.89, 45.82, 43.18, 44.65, 46.95, 49.41, 47.04, 51.13, 52.05, 52.68, 54.21], "labels": [0, 0, 0, 0, 0, 0, 0, 0, 0, 0, 0, 0, 0, 0, 0, 0, 0, 0, 0, 0, 0, 0, 0, 0, 0, 0, 0, 0, 0, 0, 0, 0, 0, 0, 0, 0, 0, 0, 0, 0, 0, 0, 0, 0, 0, 0, 0, 0, 0, 0, 0, 0, 0, 0, 0, 0, 0, 0, 0, 0, 0, 0, 0, 0, 0, 1, 1, 1, 1, 1, 1, 1, 1, 1, 1, 0, 0, 0, 0, 0, 0, 0, 0, 0, 0, 0, 0, 0, 0, 0, 0, 0, 0, 0, 0, 0, 0, 0, 0, 0], "is_anomalous": true, "anomaly_type": "shift", "anomaly_positions": [65, 66, 67, 68, 69, 70, 71, 72, 73, 74], "length": 100}