{"id": "anomalous_000028", "series": [51.46, 54.52, 55.0, 55.24, 57.82, 58.6, 58.67, 60.07, 59.21, 56.78, 54.64, 55.16, 55.19, 51.13, 51.17, 50.07, 47.29, 45.88, 47.92, 49.44, 54.36, 54.78, 50.62, 46.35, 50.46, 50.28, 56.21, 54.7, 57.42, 52.85, 57.06, 56.36, 59.29, 51.86, 53.84, 56.9, 48.63, 52.63, 52.11, 48.64, 49.19, 46.47, 50.99, 44.74, 47.05, 48.37, 49.45, 49.7, 50.3, 57.09, 57.1, 58.07, 57.78, 60.31, 56.21, 51.88, 56.45, 55.42, 59.4, 92.53722704779904, 88.36722704779905, 89.15722704779904, 89.31722704779904, 89.06722704779904, 82.54722704779904, 83.54722704779904, 86.96722704779904, 83.37722704779904, 86.44722704779903, 50.82, 49.71, 50.86, 48.82, 53.01, 52.74, 55.64, 51.63, 55.91, 53.13, 55.16, 60.72, 55.74, 51.91, 53.26, 52.07, 51.61, 46.14, 48.48, 45.33, 47.01, 46.9, 46.71, 46.12, 51.49, 50.25, 46.81, 55.02, 50.12, 55.67, 53.03], "labels": [0, 0, 0, 0, 0, 0, 0, 0, 0, 0, 0, 0, 0, 0, 0, 0, 0, 0, 0, 0, 0, 0, 0, 0, 0, 0, 0, 0, 0, 0, 0, 0, 0, 0, 0, 0, 0, 0, 0, 0, 0, 0, 0, 0, 0, 0, 0, 0, 0, 0, 0, 0, 0, 0, 0, 0, 0, 0, 0, 1, 1, 1, 1, 1, 1, 1, 1, 1, 1, 0, 0, 0, 0, 0, 0, 0, 0, 0, 0, 0, 0, 0, 0, 0, 0, 0, 0, 0, 0, 0, 0, 0, 0, 0, 0, 0, 0, 0, 0, 0], "is_anomalous": true, "anomaly_type": "shift", "anomaly_positions": [59, 60, 61, 62, 63, 64, 65, 66, 67, 68], "length": 100}