{"id": "anomalous_000597", "series": [48.23, 45.72, 50.27, 49.26, 48.72, 52.71, 49.79, 51.29, 49.87, 47.43, 51.71, 50.09, 46.29, 51.15, 41.45, 44.11, 44.95, 42.88, 41.52, 42.31, 39.95, 40.39, 40.6, 51.11, 45.44, 47.09, 47.72, 49.36, 51.69, 51.22, 53.33, 54.41, 49.04, 46.86, 43.61, 49.12, 49.26, 47.16, 44.78, 42.63, 40.38, 41.35, 42.56, 37.36, 40.21, 41.55, 41.67, 49.95, 44.84, 49.12, 21.935342907839384, 26.625342907839382, 23.875342907839382, 28.065342907839387, 28.475342907839384, 24.645342907839385, 25.455342907839388, 25.525342907839388, 25.525342907839388, 23.035342907839386, 42.49, 42.08, 44.35, 40.34, 38.44, 42.25, 38.3, 43.06, 39.65, 43.21, 41.38, 45.26, 46.27, 47.67, 47.37, 46.59, 54.41, 50.22, 50.3, 54.17, 48.41, 48.74, 48.65, 47.02, 44.79, 42.84, 45.16, 44.65, 41.05, 38.12, 42.76, 37.03, 41.84, 42.92, 44.63, 44.46, 42.95, 47.04, 46.83, 51.24], "labels": [0, 0, 0, 0, 0, 0, 0, 0, 0, 0, 0, 0, 0, 0, 0, 0, 0, 0, 0, 0, 0, 0, 0, 0, 0, 0, 0, 0, 0, 0, 0, 0, 0, 0, 0, 0, 0, 0, 0, 0, 0, 0, 0, 0, 0, 0, 0, 0, 0, 0, 1, 1, 1, 1, 1, 1, 1, 1, 1, 1, 0, 0, 0, 0, 0, 0, 0, 0, 0, 0, 0, 0, 0, 0, 0, 0, 0, 0, 0, 0, 0, 0, 0, 0, 0, 0, 0, 0, 0, 0, 0, 0, 0, 0, 0, 0, 0, 0, 0, 0], "is_anomalous": true, "anomaly_type": "shift", "anomaly_positions": [50, 51, 52, 53, 54, 55, 56, 57, 58, 59], "length": 100}