{"id": "anomalous_000165", "series": [53.4, 53.33, 57.56, 59.92, 56.69, 54.37, 57.72, 59.14, 58.09, 61.34, 54.56, 56.12, 56.94, 53.6, 51.14, 51.61, 48.25, 49.34, 50.92, 51.39, 46.75, 51.52, 47.25, 52.08, 49.98, 52.5, 57.8, 57.64, 60.93, 58.02, 56.27, 57.79, 57.77, 58.09, 53.29, 55.65, 51.99, 49.67, 51.19, 50.38, 45.97, 50.46, 52.42, 50.92, 49.11, 53.66, 52.75, 53.75, 53.08, 56.92, 58.06, 55.41, 57.81, 58.36, 61.02, 60.5, 56.5, 55.63, 56.79, 56.59, 53.34, 91.55565299390886, 93.25565299390888, 87.42565299390887, 91.04565299390887, 92.06565299390887, 91.05565299390886, 86.45565299390887, 91.11565299390887, 91.66565299390888, 90.24565299390888, 52.4, 51.08, 54.08, 54.23, 57.09, 58.18, 57.23, 54.92, 58.87, 58.69, 57.3, 57.08, 54.35, 56.54, 54.68, 53.04, 53.42, 53.31, 48.83, 45.24, 51.04, 49.98, 50.73, 46.76, 55.08, 56.79, 55.71, 54.78, 58.13], "labels": [0, 0, 0, 0, 0, 0, 0, 0, 0, 0, 0, 0, 0, 0, 0, 0, 0, 0, 0, 0, 0, 0, 0, 0, 0, 0, 0, 0, 0, 0, 0, 0, 0, 0, 0, 0, 0, 0, 0, 0, 0, 0, 0, 0, 0, 0, 0, 0, 0, 0, 0, 0, 0, 0, 0, 0, 0, 0, 0, 0, 0, 1, 1, 1, 1, 1, 1, 1, 1, 1, 1, 0, 0, 0, 0, 0, 0, 0, 0, 0, 0, 0, 0, 0, 0, 0, 0, 0, 0, 0, 0, 0, 0, 0, 0, 0, 0, 0, 0, 0], "is_anomalous": true, "anomaly_type": "shift", "anomaly_positions": [61, 62, 63, 64, 65, 66, 67, 68, 69, 70], "length": 100}