{"id": "anomalous_000622", "series": [54.96, 56.42, 55.63, 58.5, 60.02, 58.11, 60.49, 60.08, 61.36, 59.62, 56.74, 55.6, 53.45, 52.71, 50.55, 48.52, 53.55, 49.32, 50.02, 47.99, 49.16, 50.63, 51.23, 53.04, 52.41, 56.4, 56.23, 55.75, 57.83, 58.72, 59.28, 59.83, 54.33, 56.16, 56.13, 54.29, 52.34, 50.79, 48.38, 52.61, 49.93, 46.23, 48.38, 51.51, 51.26, 47.71, 47.28, 51.63, 53.16, 54.15, 54.98, 57.81, 58.54, 56.52, 54.18, 57.21, 56.43, 57.06, 65.8026917386084, 59.466598622855564, 61.750282983772244, 45.731073210226874, 46.49192020733536, 44.31487231157942, 38.11852011992147, 43.421547080890136, 34.920056702158355, 46.10806084054695, 57.160875223768485, 56.841132410499725, 74.3752200071809, 60.105819290218164, 54.05187133352303, 62.282082191342575, 54.254056546878225, 50.98744797386138, 56.4422553770047, 52.412098583258874, 57.71, 55.28, 54.51, 55.76, 56.93, 55.21, 52.74, 49.28, 48.84, 47.4, 47.5, 44.57, 45.76, 49.0, 49.06, 46.77, 48.64, 47.97, 51.5, 52.4, 51.06, 54.79], "labels": [0, 0, 0, 0, 0, 0, 0, 0, 0, 0, 0, 0, 0, 0, 0, 0, 0, 0, 0, 0, 0, 0, 0, 0, 0, 0, 0, 0, 0, 0, 0, 0, 0, 0, 0, 0, 0, 0, 0, 0, 0, 0, 0, 0, 0, 0, 0, 0, 0, 0, 0, 0, 0, 0, 0, 0, 0, 0, 1, 1, 1, 1, 1, 1, 1, 1, 1, 1, 1, 1, 1, 1, 1, 1, 1, 1, 1, 1, 0, 0, 0, 0, 0, 0, 0, 0, 0, 0, 0, 0, 0, 0, 0, 0, 0, 0, 0, 0, 0, 0], "is_anomalous": true, "anomaly_type": "variance_change", "anomaly_positions": [58, 59, 60, 61, 62, 63, 64, 65, 66, 67, 68, 69, 70, 71, 72, 73, 74, 75, 76, 77], "length": 100}