{"id": "anomalous_000387", "series": [54.39, 52.52, 54.1, 55.38, 56.48, 58.27, 59.35, 58.39, 58.59, 55.64, 56.36, 53.67, 54.84, 51.84, 49.13, 47.71, 46.63, 47.97, 47.73, 48.59, 48.01, 48.43, 49.57, 49.79, 54.69, 53.64, 53.8, 53.57, 57.36, 56.51, 58.44, 56.45, 58.69, 56.82, 53.58, 54.88, 49.99, 52.24, 50.08, 49.32, 46.68, 48.62, 46.27, 43.31, 46.3, 44.63, 48.99, 49.24, 50.29, 51.89, 54.16, 55.85, 55.91, 53.78, 54.51, 55.54, 53.31, 55.02, 51.66, 52.95, 52.78778204224665, 50.848196316679676, 50.55587608702501, 54.32791748770972, 49.487168882085626, 54.358215581885126, 53.062167488522086, 50.43034923989714, 53.470871331269734, 60.688265546011074, 55.975453259719544, 61.57277219920099, 66.5962254781351, 63.18413871339578, 66.6953371046615, 66.65292291168097, 72.2578822812051, 75.79019625095953, 74.7468759133658, 79.62523433420291, 78.27349776321756, 71.90954724374964, 68.91959199440544, 80.65023779147938, 74.33560418820774, 75.43272234226788, 71.56944521360084, 75.68424721766095, 82.56476246122793, 87.52159700469929, 69.74988551946927, 84.30560304453894, 68.19283279559197, 72.37680247443758, 63.176581389540615, 81.22697678185322, 96.26744349515141, 83.53514415059408, 107.97685569605343, 98.60961145610855], "labels": [0, 0, 0, 0, 0, 0, 0, 0, 0, 0, 0, 0, 0, 0, 0, 0, 0, 0, 0, 0, 0, 0, 0, 0, 0, 0, 0, 0, 0, 0, 0, 0, 0, 0, 0, 0, 0, 0, 0, 0, 0, 0, 0, 0, 0, 0, 0, 0, 0, 0, 0, 0, 0, 0, 0, 0, 0, 0, 0, 1, 1, 1, 1, 1, 1, 1, 1, 1, 1, 1, 1, 1, 1, 1, 1, 1, 1, 1, 1, 1, 1, 1, 1, 1, 1, 1, 1, 1, 1, 1, 1, 1, 1, 1, 1, 1, 1, 1, 1, 1], "is_anomalous": true, "anomaly_type": "trend_change", "anomaly_positions": [59, 60, 61, 62, 63, 64, 65, 66, 67, 68, 69, 70, 71, 72, 73, 74, 75, 76, 77, 78, 79, 80, 81, 82, 83, 84, 85, 86, 87, 88, 89, 90, 91, 92, 93, 94, 95, 96, 97, 98, 99], "length": 100}