{"id": "anomalous_000627", "series": [48.12, 47.28, 49.48, 48.92, 48.8, 52.63, 52.11, 52.01, 52.45, 49.49, 49.0, 50.03, 44.37, 41.91, 45.47, 42.99, 43.4, 43.35, 42.26, 42.67, 43.85, 45.18, 44.04, 47.25, 48.98, 50.3, 49.5, 53.61, 52.27, 53.13, 53.79, 55.27, 50.56, 52.75, 52.69, 50.09, 50.0, 45.52, 43.64, 47.25, 44.67, 44.27, 43.97, 43.11, 43.81, 46.69, 45.87, 45.72, 47.85, 51.54, 52.29, 53.12, 54.01, 53.05, 54.75, 55.0, 55.78, 55.24, 52.38, 61.64048796350736, 48.59724201035106, 42.76026469477955, 16.65300484921247, 34.58416487031936, 38.675582903279896, 44.22502717574602, 55.65343568562566, 34.97536719346583, 41.64584868914948, 50.11656246482792, 60.84107270359554, 63.09693755169851, 47.842182304505, 61.31847038706046, 49.28797666642936, 35.699180729211236, 52.81801310979018, 53.88202266167359, 61.03105247221673, 52.78, 53.92, 54.25, 54.1, 55.2, 49.08, 49.13, 48.22, 49.02, 47.37, 45.38, 45.2, 44.06, 48.26, 46.53, 49.67, 50.12, 51.5, 50.2, 53.78, 51.96], "labels": [0, 0, 0, 0, 0, 0, 0, 0, 0, 0, 0, 0, 0, 0, 0, 0, 0, 0, 0, 0, 0, 0, 0, 0, 0, 0, 0, 0, 0, 0, 0, 0, 0, 0, 0, 0, 0, 0, 0, 0, 0, 0, 0, 0, 0, 0, 0, 0, 0, 0, 0, 0, 0, 0, 0, 0, 0, 0, 0, 1, 1, 1, 1, 1, 1, 1, 1, 1, 1, 1, 1, 1, 1, 1, 1, 1, 1, 1, 1, 0, 0, 0, 0, 0, 0, 0, 0, 0, 0, 0, 0, 0, 0, 0, 0, 0, 0, 0, 0, 0], "is_anomalous": true, "anomaly_type": "variance_change", "anomaly_positions": [59, 60, 61, 62, 63, 64, 65, 66, 67, 68, 69, 70, 71, 72, 73, 74, 75, 76, 77, 78], "length": 100}