{"id": "anomalous_000378", "series": [50.78, 53.5, 54.85, 54.79, 56.7, 55.81, 59.97, 55.93, 56.24, 56.25, 60.04, 56.07, 52.81, 55.59, 53.96, 49.31, 51.24, 50.61, 52.06, 48.01, 47.69, 48.81, 53.63, 54.45, 53.46, 50.22, 53.18, 56.03, 53.79, 59.1, 60.69, 61.76, 61.14, 60.01, 60.53, 58.93, 56.89, 53.47, 54.49, 52.87, 50.09, 55.59, 46.71, 52.31, 49.45338004236572, 61.005736435619575, 37.3741024372757, 69.22097746893017, 39.893520627353944, 49.28273721196039, 90.49656986689305, 60.355232757008, 29.53684767707661, 51.65776415627483, 39.759344186441254, 36.14883527187238, 60.595999910653234, 43.74080945228044, 57.38208661761737, 43.39941008060283, 59.69837164200365, 54.58022733963295, 48.76618571986841, 45.50217385826476, 47.53, 50.07, 47.31, 57.32, 52.71, 52.79, 52.09, 51.59, 58.81, 57.74, 57.58, 56.43, 59.38, 62.66, 57.96, 57.41, 59.05, 55.9, 54.3, 53.72, 58.05, 57.48, 51.62, 51.8, 48.79, 47.5, 53.05, 48.64, 49.31, 49.03, 57.06, 52.25, 55.79, 57.53, 58.85, 57.62], "labels": [0, 0, 0, 0, 0, 0, 0, 0, 0, 0, 0, 0, 0, 0, 0, 0, 0, 0, 0, 0, 0, 0, 0, 0, 0, 0, 0, 0, 0, 0, 0, 0, 0, 0, 0, 0, 0, 0, 0, 0, 0, 0, 0, 0, 1, 1, 1, 1, 1, 1, 1, 1, 1, 1, 1, 1, 1, 1, 1, 1, 1, 1, 1, 1, 0, 0, 0, 0, 0, 0, 0, 0, 0, 0, 0, 0, 0, 0, 0, 0, 0, 0, 0, 0, 0, 0, 0, 0, 0, 0, 0, 0, 0, 0, 0, 0, 0, 0, 0, 0], "is_anomalous": true, "anomaly_type": "variance_change", "anomaly_positions": [44, 45, 46, 47, 48, 49, 50, 51, 52, 53, 54, 55, 56, 57, 58, 59, 60, 61, 62, 63], "length": 100}