{"id": "anomalous_000535", "series": [53.63, 48.4, 49.44, 50.72, 55.65, 53.29, 55.58, 53.32, 53.69, 50.49, 50.21, 50.78, 50.28, 49.64, 47.94, 46.43, 44.42, 43.83, 43.94, 41.3, 46.4, 47.05, 47.04, 51.72, 46.96, 48.55, 52.99, 50.65, 52.86, 54.15, 54.67, 53.28, 51.59, 51.66, 53.41, 47.79, 49.23, 47.97, 43.15, 41.9, 48.71, 44.75, 43.02, 41.04, 44.85, 43.36, 47.42, 46.46, 48.62, 48.02, 52.17, 53.13, 50.72, 54.46, 50.7, 51.82, 51.06, 52.45, 52.15, 48.59, 48.63, 51.61, 45.15, 42.56, 25.422231916557273, 22.69223191655727, 22.79223191655727, 22.102231916557272, 19.992231916557273, 21.632231916557267, 24.232231916557268, 24.632231916557267, 27.452231916557267, 27.51223191655727, 54.81, 53.74, 51.83, 55.23, 52.56, 53.48, 53.9, 52.7, 50.19, 49.32, 49.89, 50.86, 46.38, 47.44, 45.01, 41.52, 46.18, 45.16, 45.12, 43.36, 48.06, 48.0, 50.17, 51.28, 53.26, 55.24], "labels": [0, 0, 0, 0, 0, 0, 0, 0, 0, 0, 0, 0, 0, 0, 0, 0, 0, 0, 0, 0, 0, 0, 0, 0, 0, 0, 0, 0, 0, 0, 0, 0, 0, 0, 0, 0, 0, 0, 0, 0, 0, 0, 0, 0, 0, 0, 0, 0, 0, 0, 0, 0, 0, 0, 0, 0, 0, 0, 0, 0, 0, 0, 0, 0, 1, 1, 1, 1, 1, 1, 1, 1, 1, 1, 0, 0, 0, 0, 0, 0, 0, 0, 0, 0, 0, 0, 0, 0, 0, 0, 0, 0, 0, 0, 0, 0, 0, 0, 0, 0], "is_anomalous": true, "anomaly_type": "shift", "anomaly_positions": [64, 65, 66, 67, 68, 69, 70, 71, 72, 73], "length": 100}