{"id": "anomalous_000461", "series": [47.34, 53.45, 53.39, 55.25, 51.3, 57.45, 60.8, 55.76, 62.51, 50.45, 50.8, 47.49, 50.69, 49.67, 44.71, 47.39, 41.55, 40.0, 44.12, 42.94, 42.19, 41.51, 44.32, 49.21, 49.26, 51.55, 52.36, 49.7, 49.84, 52.59, 49.76, 56.0, 53.63, 54.16, 49.92, 52.11, 51.13, 47.11, 45.64, 39.14, 45.33, 41.38, 45.48, 47.83, 42.3, 48.28, 40.98, 47.15, 48.01, 52.19, 48.19, 52.61, 50.64, 50.65, 54.44, 49.18, 50.16, 51.62, 52.16, 49.81, 49.42, 46.2, 43.82, 42.61, 47.98, 43.28, 41.01, 43.64, 78.12845074148726, 81.71845074148726, 84.20845074148725, 78.08845074148726, 82.20845074148725, 89.97845074148725, 86.46845074148726, 87.64845074148725, 90.06845074148725, 85.19845074148725, 51.25, 49.89, 54.65, 53.17, 49.85, 44.95, 43.51, 47.25, 43.59, 44.29, 39.95, 44.85, 38.37, 41.27, 41.98, 43.3, 42.36, 49.25, 54.79, 45.27, 50.29, 53.51], "labels": [0, 0, 0, 0, 0, 0, 0, 0, 0, 0, 0, 0, 0, 0, 0, 0, 0, 0, 0, 0, 0, 0, 0, 0, 0, 0, 0, 0, 0, 0, 0, 0, 0, 0, 0, 0, 0, 0, 0, 0, 0, 0, 0, 0, 0, 0, 0, 0, 0, 0, 0, 0, 0, 0, 0, 0, 0, 0, 0, 0, 0, 0, 0, 0, 0, 0, 0, 0, 1, 1, 1, 1, 1, 1, 1, 1, 1, 1, 0, 0, 0, 0, 0, 0, 0, 0, 0, 0, 0, 0, 0, 0, 0, 0, 0, 0, 0, 0, 0, 0], "is_anomalous": true, "anomaly_type": "shift", "anomaly_positions": [68, 69, 70, 71, 72, 73, 74, 75, 76, 77], "length": 100}