{"id": "anomalous_000567", "series": [47.71, 51.04, 50.64, 52.04, 52.82, 52.54, 57.03, 53.44, 51.91, 51.76, 50.47, 50.55, 48.48, 48.07, 47.33, 41.81, 45.94, 41.4, 41.81, 42.51, 43.57, 46.54, 44.49, 45.86, 48.93, 50.6, 50.29, 52.01, 52.25, 54.78, 53.02, 53.56, 51.45, 51.19, 52.67, 50.82, 47.35, 45.59, 46.23, 45.62, 42.52, 41.08, 42.48, 41.12, 42.61, 42.04, 47.77, 46.55, 49.03, 49.83, 48.3, 50.63, 51.18, 51.05, 52.2, 52.34, 37.867347803396214, 51.49788411184837, 52.939801045578584, 32.202972373678946, 47.874176998752056, 43.705686664784146, 51.59510606719247, 6.016796295904157, 12.367126000719374, 38.823930439143496, 28.242910096543017, 5.482087099362857, 18.839355304628914, 42.315657345454056, 45.50699231627887, 35.45874931782558, 74.49858677473287, 32.83787145838512, 46.97321956375174, 46.89833091083427, 52.53, 53.05, 51.71, 51.01, 50.99, 48.5, 48.13, 47.95, 47.05, 44.59, 45.46, 41.21, 42.21, 39.95, 42.7, 41.92, 41.64, 43.87, 43.92, 44.12, 49.63, 48.57, 48.93, 52.71], "labels": [0, 0, 0, 0, 0, 0, 0, 0, 0, 0, 0, 0, 0, 0, 0, 0, 0, 0, 0, 0, 0, 0, 0, 0, 0, 0, 0, 0, 0, 0, 0, 0, 0, 0, 0, 0, 0, 0, 0, 0, 0, 0, 0, 0, 0, 0, 0, 0, 0, 0, 0, 0, 0, 0, 0, 0, 1, 1, 1, 1, 1, 1, 1, 1, 1, 1, 1, 1, 1, 1, 1, 1, 1, 1, 1, 1, 0, 0, 0, 0, 0, 0, 0, 0, 0, 0, 0, 0, 0, 0, 0, 0, 0, 0, 0, 0, 0, 0, 0, 0], "is_anomalous": true, "anomaly_type": "variance_change", "anomaly_positions": [56, 57, 58, 59, 60, 61, 62, 63, 64, 65, 66, 67, 68, 69, 70, 71, 72, 73, 74, 75], "length": 100}