{"id": "anomalous_000629", "series": [53.32, 53.76, 55.43, 52.0, 53.52, 56.62, 57.02, 50.24, 58.17, 54.91, 53.73, 50.32, 55.7, 55.49, 51.29, 48.01, 44.09, 45.37, 47.98, 55.48, 46.33, 47.82, 49.92, 45.74, 49.05, 49.84, 51.13, 56.12, 56.42, 54.26, 50.9, 57.25, 54.8, 54.11, 51.82, 53.78, 51.78, 51.88, 44.89, 48.13, 44.19, 42.21, 42.02, 48.96, 43.35, 48.19, 48.98, 51.76, 47.43, 49.45, 51.75, 50.9, 55.61, 55.98, 51.9, 55.46, 51.95, 53.31, 50.47, 55.23, 45.36, 45.69, 45.77, 47.27, 42.92, 43.0, 71.9705143147105, 67.6005143147105, 68.2505143147105, 72.8605143147105, 72.6705143147105, 71.4405143147105, 76.0405143147105, 74.5405143147105, 76.4105143147105, 74.3105143147105, 49.65, 55.65, 50.92, 59.3, 53.86, 49.62, 45.92, 53.86, 50.04, 44.9, 48.43, 46.2, 42.97, 43.79, 42.43, 44.76, 45.92, 43.45, 44.58, 52.29, 44.97, 49.12, 46.88, 50.53], "labels": [0, 0, 0, 0, 0, 0, 0, 0, 0, 0, 0, 0, 0, 0, 0, 0, 0, 0, 0, 0, 0, 0, 0, 0, 0, 0, 0, 0, 0, 0, 0, 0, 0, 0, 0, 0, 0, 0, 0, 0, 0, 0, 0, 0, 0, 0, 0, 0, 0, 0, 0, 0, 0, 0, 0, 0, 0, 0, 0, 0, 0, 0, 0, 0, 0, 0, 1, 1, 1, 1, 1, 1, 1, 1, 1, 1, 0, 0, 0, 0, 0, 0, 0, 0, 0, 0, 0, 0, 0, 0, 0, 0, 0, 0, 0, 0, 0, 0, 0, 0], "is_anomalous": true, "anomaly_type": "shift", "anomaly_positions": [66, 67, 68, 69, 70, 71, 72, 73, 74, 75], "length": 100}