{"id": "anomalous_000004", "series": [56.0, 55.36, 56.32, 59.63, 55.69, 60.73, 57.22, 59.72, 59.09, 57.25, 57.61, 57.41, 54.92, 52.51, 53.42, 51.85, 49.4, 49.25, 49.93, 50.62, 52.52, 51.24, 53.48, 54.12, 56.75, 56.02, 57.07, 61.88, 61.17, 56.91, 59.69, 58.27, 59.87, 58.66, 59.47, 55.95, 55.97, 55.1, 52.24, 52.46, 51.54, 52.22, 55.665885076822605, 49.55037164332437, 57.49603935462843, 59.5706475304255, 56.02736241332958, 63.666478586873325, 65.24122083400091, 63.86166133060056, 64.6801847714839, 69.27682959965426, 72.76395013599472, 72.35766920302206, 73.25148597330136, 73.62892498596723, 75.31507875239467, 74.83616719593266, 67.13672883228226, 81.75919863224219, 80.50632497657656, 68.32842539761498, 73.08909589421154, 89.80301306442124, 78.83709690003005, 65.67847910470968, 86.40837431568764, 82.51444032190227, 87.4147653914368, 81.04712978928015, 92.50795973117971, 83.48641216315741, 97.90074683741827, 85.82753754845233, 101.28520891356871, 91.18366558934022, 101.00445468938847, 99.54458784942913, 102.90121974407236, 84.21029366793164, 96.04133917336713, 110.22390189457323, 103.94728189766266, 82.26102942416682, 103.19705491129832, 111.94091125835777, 85.8735653309939, 89.33604557599696, 84.06253112661813, 123.49994585420592, 124.82293400893906, 82.04223509676773, 126.74146328483532, 103.71668036658227, 81.85473712895269, 94.46394322160604, 141.24188636999224, 105.76893168655346, 143.2275742451954, 146.7648273582302], "labels": [0, 0, 0, 0, 0, 0, 0, 0, 0, 0, 0, 0, 0, 0, 0, 0, 0, 0, 0, 0, 0, 0, 0, 0, 0, 0, 0, 0, 0, 0, 0, 0, 0, 0, 0, 0, 0, 0, 0, 0, 0, 1, 1, 1, 1, 1, 1, 1, 1, 1, 1, 1, 1, 1, 1, 1, 1, 1, 1, 1, 1, 1, 1, 1, 1, 1, 1, 1, 1, 1, 1, 1, 1, 1, 1, 1, 1, 1, 1, 1, 1, 1, 1, 1, 1, 1, 1, 1, 1, 1, 1, 1, 1, 1, 1, 1, 1, 1, 1, 1], "is_anomalous": true, "anomaly_type": "trend_change", "anomaly_positions": [41, 42, 43, 44, 45, 46, 47, 48, 49, 50, 51, 52, 53, 54, 55, 56, 57, 58, 59, 60, 61, 62, 63, 64, 65, 66, 67, 68, 69, 70, 71, 72, 73, 74, 75, 76, 77, 78, 79, 80, 81, 82, 83, 84, 85, 86, 87, 88, 89, 90, 91, 92, 93, 94, 95, 96, 97, 98, 99], "length": 100}