{"id": "anomalous_000395", "series": [53.61, 49.73, 54.9, 55.7, 54.36, 56.88, 58.04, 56.12, 53.6, 52.57, 55.7, 52.0, 50.22, 48.98, 47.62, 46.84, 46.35, 44.02, 45.51, 48.45, 47.01, 47.31, 47.65, 47.81, 50.45, 50.62, 54.76, 54.66, 51.6, 53.52, 53.43, 51.83, 55.35, 52.4, 52.07, 51.16, 49.16, 48.66, 43.45, 47.29, 40.79, 46.14, 44.56, 44.4, 42.93, 42.13, 47.94, 48.50481638811462, 53.43246059664048, 51.591801795655016, 54.80787071836782, 57.6981028600399, 58.15473231375472, 59.628572501590924, 62.90666248303251, 61.60711582462357, 64.13675013850066, 57.00528410320319, 65.98809909081083, 58.155890638177404, 54.31940263604223, 60.82629541361931, 55.99950210611836, 67.38937777527309, 57.89928984985306, 62.350237962593404, 62.28123644374727, 59.16061738826672, 55.54267637244115, 76.17424933228911, 67.52078825704706, 61.56466133733133, 79.2899011000134, 79.43749844835008, 63.88535029930701, 71.0894434687908, 86.47465668421083, 77.3536010179112, 95.39298463403527, 90.62648260856379, 73.39157466176187, 98.82776989375614, 77.21627247356216, 97.90089572403222, 69.54556184139345, 103.43905375716977, 101.2291927886732, 97.6171264028948, 86.7037013541713, 103.02462446897403, 94.6197812814683, 73.78141952530092, 89.88302321452429, 74.31071073261673, 82.58618292775508, 88.95104414205306, 115.83276204225562, 125.21497481670806, 86.09910641189931, 106.67715373256053], "labels": [0, 0, 0, 0, 0, 0, 0, 0, 0, 0, 0, 0, 0, 0, 0, 0, 0, 0, 0, 0, 0, 0, 0, 0, 0, 0, 0, 0, 0, 0, 0, 0, 0, 0, 0, 0, 0, 0, 0, 0, 0, 0, 0, 0, 0, 0, 1, 1, 1, 1, 1, 1, 1, 1, 1, 1, 1, 1, 1, 1, 1, 1, 1, 1, 1, 1, 1, 1, 1, 1, 1, 1, 1, 1, 1, 1, 1, 1, 1, 1, 1, 1, 1, 1, 1, 1, 1, 1, 1, 1, 1, 1, 1, 1, 1, 1, 1, 1, 1, 1], "is_anomalous": true, "anomaly_type": "trend_change", "anomaly_positions": [46, 47, 48, 49, 50, 51, 52, 53, 54, 55, 56, 57, 58, 59, 60, 61, 62, 63, 64, 65, 66, 67, 68, 69, 70, 71, 72, 73, 74, 75, 76, 77, 78, 79, 80, 81, 82, 83, 84, 85, 86, 87, 88, 89, 90, 91, 92, 93, 94, 95, 96, 97, 98, 99], "length": 100}