{"id": "anomalous_000338", "series": [52.96, 53.65, 54.81, 58.82, 56.03, 60.64, 61.24, 56.46, 57.51, 59.45, 55.73, 52.74, 54.45, 51.48, 54.21, 48.52, 49.65, 51.28, 48.49, 46.65, 50.63, 50.67, 50.83, 50.24, 54.76, 54.84, 57.43, 55.51, 61.41, 57.15, 55.72, 56.89, 89.35878120132318, 87.24878120132318, 86.37878120132318, 87.02878120132318, 84.67878120132318, 82.16878120132318, 80.04878120132318, 80.82878120132318, 79.09878120132318, 78.73878120132318, 48.19, 49.93, 48.15, 49.08, 50.48, 51.48, 54.68, 53.26, 54.2, 58.55, 57.35, 58.47, 58.2, 57.63, 58.4, 57.62, 55.52, 54.34, 54.69, 54.28, 51.05, 49.15, 48.78, 49.27, 48.97, 49.06, 49.0, 50.94, 48.67, 52.84, 51.78, 53.02, 54.12, 55.88, 57.96, 58.26, 57.23, 57.96, 56.15, 56.67, 54.9, 56.61, 52.64, 53.42, 50.53, 48.22, 48.29, 49.47, 46.25, 47.83, 48.1, 48.27, 50.29, 50.87, 50.64, 51.17, 54.92, 55.5], "labels": [0, 0, 0, 0, 0, 0, 0, 0, 0, 0, 0, 0, 0, 0, 0, 0, 0, 0, 0, 0, 0, 0, 0, 0, 0, 0, 0, 0, 0, 0, 0, 0, 1, 1, 1, 1, 1, 1, 1, 1, 1, 1, 0, 0, 0, 0, 0, 0, 0, 0, 0, 0, 0, 0, 0, 0, 0, 0, 0, 0, 0, 0, 0, 0, 0, 0, 0, 0, 0, 0, 0, 0, 0, 0, 0, 0, 0, 0, 0, 0, 0, 0, 0, 0, 0, 0, 0, 0, 0, 0, 0, 0, 0, 0, 0, 0, 0, 0, 0, 0], "is_anomalous": true, "anomaly_type": "shift", "anomaly_positions": [32, 33, 34, 35, 36, 37, 38, 39, 40, 41], "length": 100}