{"id": "anomalous_000619", "series": [57.47, 55.89, 57.52, 58.58, 57.1, 58.22, 60.75, 58.71, 57.25, 55.54, 60.01, 57.32, 56.47, 51.43, 49.58, 51.0, 53.27, 47.57, 47.53, 48.14, 49.66, 51.38, 52.39, 51.13, 53.17, 56.42, 58.19, 57.33, 59.1, 66.8, 61.16, 59.33, 60.76, 58.14, 56.02, 57.41, 56.45, 54.16, 52.02, 54.31, 51.43, 50.34, 49.03, 50.47, 50.91, 52.75, 51.85, 56.51, 42.28131484188054, 67.02064089080142, 38.36579140004031, 103.40524260030126, 67.13364287810862, 22.594478195459608, 48.91063471365048, 71.0293263686028, 60.99134821386377, 65.62992720789165, 78.00420245798932, 44.08003461258774, 54.431302346744864, 31.858229579565783, 49.2906159872277, 51.82344299434125, 54.61637633419287, 34.103352840493585, 59.45388457281739, 54.01066687910485, 51.82, 51.46, 54.23, 54.92, 54.61, 56.61, 60.09, 61.6, 59.99, 61.44, 62.72, 60.31, 58.05, 60.25, 59.25, 61.13, 55.64, 57.2, 51.03, 51.99, 53.25, 51.68, 50.16, 53.6, 53.47, 52.83, 54.47, 59.07, 59.7, 59.56, 59.29, 61.22], "labels": [0, 0, 0, 0, 0, 0, 0, 0, 0, 0, 0, 0, 0, 0, 0, 0, 0, 0, 0, 0, 0, 0, 0, 0, 0, 0, 0, 0, 0, 0, 0, 0, 0, 0, 0, 0, 0, 0, 0, 0, 0, 0, 0, 0, 0, 0, 0, 0, 1, 1, 1, 1, 1, 1, 1, 1, 1, 1, 1, 1, 1, 1, 1, 1, 1, 1, 1, 1, 0, 0, 0, 0, 0, 0, 0, 0, 0, 0, 0, 0, 0, 0, 0, 0, 0, 0, 0, 0, 0, 0, 0, 0, 0, 0, 0, 0, 0, 0, 0, 0], "is_anomalous": true, "anomaly_type": "variance_change", "anomaly_positions": [48, 49, 50, 51, 52, 53, 54, 55, 56, 57, 58, 59, 60, 61, 62, 63, 64, 65, 66, 67], "length": 100}