{"id": "anomalous_000457", "series": [50.61, 55.73, 55.54, 58.63, 57.36, 57.03, 55.62, 58.06, 58.82, 58.69, 58.54, 53.13, 55.03, 50.26, 53.32, 49.12, 49.64, 49.13, 49.64, 50.06, 49.08, 50.8, 53.74, 53.32, 51.76, 55.5, 59.11, 59.97, 57.82, 60.87, 61.16, 58.84, 57.87, 57.97, 57.81, 53.81, 55.0, 51.99, 49.62, 51.37, 50.96, 49.1, 46.31, 48.76, 51.28, 52.29, 50.15, 52.13, 55.12, 55.93, 57.6850459659373, 58.85802213770735, 61.41988888283609, 62.875547128309016, 64.28048712836944, 64.24670838402385, 70.95918406042273, 65.76660238734996, 70.16244593707958, 67.61984481564977, 68.12646867632114, 69.31962834972458, 71.86318312598424, 71.28975729050029, 59.36434171438673, 66.15211910385769, 61.12602013474741, 62.705453935306934, 77.82327711851556, 71.67475444229359, 69.24470032341179, 80.53373258920705, 71.65612589563911, 68.43718442610958, 68.93784472009432, 76.59177930744876, 98.69382821491192, 87.5869022562725, 94.50409249639696, 102.84661883477905, 98.31886335235768, 106.30461112370497, 79.79528927576096, 90.10855668130176, 91.42755526431785, 74.78909826549943, 96.74458349189138, 102.53995119774555, 72.41400894476011, 91.79738444685758, 93.98578151580307, 102.9044187671411, 101.24450262210011, 86.77269862144223, 84.18497840106028, 88.95155305823715, 82.88068823785665, 115.48208417466938, 95.81950991494003, 106.16479085369323], "labels": [0, 0, 0, 0, 0, 0, 0, 0, 0, 0, 0, 0, 0, 0, 0, 0, 0, 0, 0, 0, 0, 0, 0, 0, 0, 0, 0, 0, 0, 0, 0, 0, 0, 0, 0, 0, 0, 0, 0, 0, 0, 0, 0, 0, 0, 0, 0, 0, 0, 1, 1, 1, 1, 1, 1, 1, 1, 1, 1, 1, 1, 1, 1, 1, 1, 1, 1, 1, 1, 1, 1, 1, 1, 1, 1, 1, 1, 1, 1, 1, 1, 1, 1, 1, 1, 1, 1, 1, 1, 1, 1, 1, 1, 1, 1, 1, 1, 1, 1, 1], "is_anomalous": true, "anomaly_type": "trend_change", "anomaly_positions": [49, 50, 51, 52, 53, 54, 55, 56, 57, 58, 59, 60, 61, 62, 63, 64, 65, 66, 67, 68, 69, 70, 71, 72, 73, 74, 75, 76, 77, 78, 79, 80, 81, 82, 83, 84, 85, 86, 87, 88, 89, 90, 91, 92, 93, 94, 95, 96, 97, 98, 99], "length": 100}