{"id": "anomalous_000179", "series": [54.7, 56.05, 57.16, 53.47, 57.84, 56.15, 54.24, 57.77, 56.85, 52.58, 53.55, 51.06, 55.75, 50.46, 45.76, 47.04, 50.63, 50.62, 45.87, 47.14, 49.11, 45.36, 53.45, 52.68, 48.28, 52.81, 57.12, 57.17, 54.69, 50.97, 55.17, 52.74, 60.35, 54.57, 49.29, 52.35, 52.2, 54.74, 49.85, 44.03, 52.07, 49.17, 45.24, 48.25, 46.02, 49.27, 48.26, 49.61, 55.2, 52.39, 54.28, 56.91, 61.27, 55.5, 52.73, 53.8, 53.76, 55.33, 58.86, 55.87, 51.08, 52.39, 48.59, 46.59, 47.06, 45.71049538202351, 50.78310814100204, 47.266872265505484, 52.60238396401602, 55.46012384909232, 55.678042778081085, 52.32505558287782, 58.56139470424757, 63.78838188436866, 72.43402110626279, 68.7517433836718, 63.93164261015892, 62.9069202058871, 72.49789687671799, 59.75906821589811, 60.952036339231114, 64.58840744859981, 64.74983740699074, 60.44549467257853, 77.57715596024205, 81.68043451044325, 69.81507587056984, 68.43345517660129, 63.89001927797508, 54.86218811385042, 80.05210815790252, 71.00296799413105, 80.95790549628884, 92.77854613515113, 88.7908223805853, 75.33640491923059, 85.8303132020915, 89.35012227640584, 100.08969179458494, 74.67457836014253], "labels": [0, 0, 0, 0, 0, 0, 0, 0, 0, 0, 0, 0, 0, 0, 0, 0, 0, 0, 0, 0, 0, 0, 0, 0, 0, 0, 0, 0, 0, 0, 0, 0, 0, 0, 0, 0, 0, 0, 0, 0, 0, 0, 0, 0, 0, 0, 0, 0, 0, 0, 0, 0, 0, 0, 0, 0, 0, 0, 0, 0, 0, 0, 0, 0, 1, 1, 1, 1, 1, 1, 1, 1, 1, 1, 1, 1, 1, 1, 1, 1, 1, 1, 1, 1, 1, 1, 1, 1, 1, 1, 1, 1, 1, 1, 1, 1, 1, 1, 1, 1], "is_anomalous": true, "anomaly_type": "trend_change", "anomaly_positions": [64, 65, 66, 67, 68, 69, 70, 71, 72, 73, 74, 75, 76, 77, 78, 79, 80, 81, 82, 83, 84, 85, 86, 87, 88, 89, 90, 91, 92, 93, 94, 95, 96, 97, 98, 99], "length": 100}