{"id": "anomalous_000143", "series": [53.39, 55.0, 56.43, 57.8, 56.72, 58.71, 57.56, 58.26, 58.12, 57.02, 55.66, 54.23, 53.75, 52.8, 51.15, 50.01, 49.29, 48.93, 46.94, 48.5, 49.31, 49.68, 50.88, 53.52, 53.66, 55.16, 53.83, 57.02, 58.6, 58.89, 58.22, 60.39, 57.08, 59.07, 56.22, 53.95, 54.66, 52.43, 52.18, 49.17, 49.64, 48.91, 48.78, 49.63, 50.76, 49.76, 50.92, 51.01, 55.59, 54.23, 55.78, 58.55, 60.98, 57.59, 59.29, 57.74, 57.69, 57.79, 56.7, 56.15, 54.57, 81.97977257381982, 80.92977257381982, 80.07977257381981, 77.52977257381983, 74.48977257381982, 77.92977257381982, 75.30977257381983, 78.22977257381982, 80.41977257381981, 79.90977257381982, 52.99, 53.9, 56.46, 57.58, 57.94, 58.02, 58.64, 56.39, 58.53, 59.62, 60.03, 54.86, 53.91, 53.42, 51.94, 51.98, 49.66, 50.23, 50.54, 49.15, 48.32, 49.89, 50.9, 50.95, 53.89, 54.6, 55.1, 58.57, 58.52], "labels": [0, 0, 0, 0, 0, 0, 0, 0, 0, 0, 0, 0, 0, 0, 0, 0, 0, 0, 0, 0, 0, 0, 0, 0, 0, 0, 0, 0, 0, 0, 0, 0, 0, 0, 0, 0, 0, 0, 0, 0, 0, 0, 0, 0, 0, 0, 0, 0, 0, 0, 0, 0, 0, 0, 0, 0, 0, 0, 0, 0, 0, 1, 1, 1, 1, 1, 1, 1, 1, 1, 1, 0, 0, 0, 0, 0, 0, 0, 0, 0, 0, 0, 0, 0, 0, 0, 0, 0, 0, 0, 0, 0, 0, 0, 0, 0, 0, 0, 0, 0], "is_anomalous": true, "anomaly_type": "shift", "anomaly_positions": [61, 62, 63, 64, 65, 66, 67, 68, 69, 70], "length": 100}