{"id": "anomalous_000730", "series": [51.19, 53.37, 46.53, 54.53, 56.03, 56.19, 56.0, 56.61, 55.31, 54.65, 51.85, 49.68, 49.24, 49.17, 47.99, 52.44, 45.88, 46.41, 51.01, 46.62, 45.36, 48.73, 52.27, 48.03, 51.49, 54.68, 52.67, 52.67, 58.86, 54.06, 54.57, 57.72, 53.38, 56.02, 54.82, 51.76, 52.02, 55.02, 49.52, 52.25, 49.4, 46.13, 49.02, 50.32, 53.4974914105997, 32.90516615057515, 43.68356019076154, 26.055733071513476, 58.833758271475716, 46.016885463392, 35.059726402321004, 35.41179263758177, 60.0912495451447, 51.85312503255135, 35.59946284366535, 57.814169686139884, 52.08786909296816, 51.21198286769992, 20.48036324310634, 66.64514281179656, 54.542312307685464, 59.59971303299294, 55.25917149935766, 61.70973315612068, 49.54, 47.76, 48.99, 45.29, 48.76, 48.87, 53.51, 54.05, 50.58, 50.96, 56.17, 58.12, 58.1, 59.29, 58.3, 58.33, 58.75, 56.9, 57.33, 56.63, 52.81, 53.09, 52.2, 53.22, 50.19, 44.37, 49.51, 51.6, 51.3, 53.99, 54.68, 50.41, 55.35, 56.73, 53.56, 61.69], "labels": [0, 0, 0, 0, 0, 0, 0, 0, 0, 0, 0, 0, 0, 0, 0, 0, 0, 0, 0, 0, 0, 0, 0, 0, 0, 0, 0, 0, 0, 0, 0, 0, 0, 0, 0, 0, 0, 0, 0, 0, 0, 0, 0, 0, 1, 1, 1, 1, 1, 1, 1, 1, 1, 1, 1, 1, 1, 1, 1, 1, 1, 1, 1, 1, 0, 0, 0, 0, 0, 0, 0, 0, 0, 0, 0, 0, 0, 0, 0, 0, 0, 0, 0, 0, 0, 0, 0, 0, 0, 0, 0, 0, 0, 0, 0, 0, 0, 0, 0, 0], "is_anomalous": true, "anomaly_type": "variance_change", "anomaly_positions": [44, 45, 46, 47, 48, 49, 50, 51, 52, 53, 54, 55, 56, 57, 58, 59, 60, 61, 62, 63], "length": 100}