{"id": "anomalous_000163", "series": [48.88, 52.09, 50.76, 53.11, 52.47, 55.23, 56.98, 53.31, 55.15, 53.84, 52.28, 51.56, 50.74, 48.94, 48.16, 46.25, 46.19, 43.97, 47.55, 45.37, 45.44, 47.97, 48.59, 48.28, 49.19, 51.93, 51.94, 57.62, 53.98, 55.65, 55.06, 56.86, 54.16, 55.56, 56.1, 53.28, 52.3, 49.55, 46.02, 47.23, 47.44, 47.63, 48.89, 46.1, 45.42, 47.14, 50.0, 47.88, 49.93, 53.7, 52.49, 52.64, 54.96, 56.37, 58.31, 55.76, 55.78, 54.61, 54.87, 52.73, 50.05, 51.79, 48.19, 47.14, 48.47, 65.41481037347495, 51.55424339672868, 75.9976444703372, 28.34192922091413, 67.14539591315709, 64.56540517764327, 27.60242943115715, 40.661959773142996, 26.625147955244543, 39.16947942321612, 64.44246130846237, 68.20779815911072, 32.14317887185583, 69.71510622893645, 47.823154445521055, 18.30666327932935, 66.50691891731643, 41.38352965124713, 47.8422298810742, 82.89652050189855, 50.57, 49.73, 48.35, 48.03, 47.41, 47.5, 46.97, 48.05, 48.42, 51.06, 51.78, 52.34, 52.63, 54.39, 57.5], "labels": [0, 0, 0, 0, 0, 0, 0, 0, 0, 0, 0, 0, 0, 0, 0, 0, 0, 0, 0, 0, 0, 0, 0, 0, 0, 0, 0, 0, 0, 0, 0, 0, 0, 0, 0, 0, 0, 0, 0, 0, 0, 0, 0, 0, 0, 0, 0, 0, 0, 0, 0, 0, 0, 0, 0, 0, 0, 0, 0, 0, 0, 0, 0, 0, 0, 1, 1, 1, 1, 1, 1, 1, 1, 1, 1, 1, 1, 1, 1, 1, 1, 1, 1, 1, 1, 0, 0, 0, 0, 0, 0, 0, 0, 0, 0, 0, 0, 0, 0, 0], "is_anomalous": true, "anomaly_type": "variance_change", "anomaly_positions": [65, 66, 67, 68, 69, 70, 71, 72, 73, 74, 75, 76, 77, 78, 79, 80, 81, 82, 83, 84], "length": 100}