{"id": "anomalous_000042", "series": [54.55, 60.0, 53.34, 54.07, 57.99, 52.4, 51.85, 58.13, 55.36, 55.69, 53.14, 52.32, 48.39, 47.31, 52.85, 50.62, 46.24, 48.57, 43.18, 45.6, 51.44, 42.82, 51.07, 49.71, 56.84, 52.63, 56.56, 58.07, 53.9, 59.06, 57.82, 59.33, 63.24, 52.8, 57.25, 54.28, 55.78, 54.76, 51.38, 44.46, 41.63, 48.47, 49.46, 47.73, 48.41, 50.3, 50.11, 55.01, 55.6, 58.39, 50.83, 39.648013429641864, 84.35999223935106, 65.85790429757846, 70.35778784056112, 59.56203110195863, 74.84734993127493, 46.07923937729885, 68.16588268769621, 43.00308989215395, 37.89291911660246, 50.453534415386024, 62.57052696143665, 64.65932430719528, 80.64199670266008, 25.365015182158302, 59.105346850570285, 76.70497724638761, 42.2967739878386, 27.016479025681196, 55.15870335136018, 52.06, 50.64, 55.54, 61.81, 60.12, 60.08, 55.36, 57.89, 60.27, 60.49, 54.26, 56.96, 57.59, 56.76, 49.7, 47.23, 46.81, 50.67, 51.26, 51.09, 49.71, 48.16, 51.74, 46.38, 58.39, 53.86, 54.49, 60.6, 60.2], "labels": [0, 0, 0, 0, 0, 0, 0, 0, 0, 0, 0, 0, 0, 0, 0, 0, 0, 0, 0, 0, 0, 0, 0, 0, 0, 0, 0, 0, 0, 0, 0, 0, 0, 0, 0, 0, 0, 0, 0, 0, 0, 0, 0, 0, 0, 0, 0, 0, 0, 0, 0, 1, 1, 1, 1, 1, 1, 1, 1, 1, 1, 1, 1, 1, 1, 1, 1, 1, 1, 1, 1, 0, 0, 0, 0, 0, 0, 0, 0, 0, 0, 0, 0, 0, 0, 0, 0, 0, 0, 0, 0, 0, 0, 0, 0, 0, 0, 0, 0, 0], "is_anomalous": true, "anomaly_type": "variance_change", "anomaly_positions": [51, 52, 53, 54, 55, 56, 57, 58, 59, 60, 61, 62, 63, 64, 65, 66, 67, 68, 69, 70], "length": 100}