{"id": "anomalous_000686", "series": [58.54, 55.51, 57.87, 60.05, 62.88, 60.05, 60.99, 59.38, 60.25, 55.96, 56.35, 53.92, 52.5, 53.74, 50.46, 54.57, 49.66, 51.6, 48.17, 48.3, 47.43, 55.1, 53.5, 53.21, 57.05, 54.32, 59.37, 56.97, 60.99, 58.51, 60.22, 58.49, 55.73, 55.91, 54.02, 54.77, 51.14, 56.56, 51.74, 51.35, 53.79, 52.48, 48.99, 48.57, 54.08, 50.52, 51.02, 54.16, 51.76, 93.04383943600075, 92.42383943600075, 93.04383943600075, 95.66383943600076, 92.76383943600075, 96.41383943600076, 97.32383943600075, 93.42383943600075, 94.12383943600075, 91.41383943600076, 59.74, 54.79, 54.07, 50.52, 53.38, 51.06, 46.23, 49.11, 45.45, 51.25, 49.42, 53.46, 55.97, 54.12, 58.8, 55.59, 64.7, 58.71, 60.01, 61.95, 59.17, 56.65, 55.74, 56.74, 59.45, 53.18, 49.58, 51.57, 50.99, 53.49, 47.8, 47.0, 47.6, 45.9, 50.87, 51.8, 53.21, 52.15, 53.6, 56.22, 57.1], "labels": [0, 0, 0, 0, 0, 0, 0, 0, 0, 0, 0, 0, 0, 0, 0, 0, 0, 0, 0, 0, 0, 0, 0, 0, 0, 0, 0, 0, 0, 0, 0, 0, 0, 0, 0, 0, 0, 0, 0, 0, 0, 0, 0, 0, 0, 0, 0, 0, 0, 1, 1, 1, 1, 1, 1, 1, 1, 1, 1, 0, 0, 0, 0, 0, 0, 0, 0, 0, 0, 0, 0, 0, 0, 0, 0, 0, 0, 0, 0, 0, 0, 0, 0, 0, 0, 0, 0, 0, 0, 0, 0, 0, 0, 0, 0, 0, 0, 0, 0, 0], "is_anomalous": true, "anomaly_type": "shift", "anomaly_positions": [49, 50, 51, 52, 53, 54, 55, 56, 57, 58], "length": 100}