{"id": "anomalous_000757", "series": [51.16, 52.83, 53.98, 55.95, 60.02, 58.03, 56.78, 57.69, 57.32, 54.95, 54.95, 56.07, 54.64, 52.0, 50.08, 50.04, 45.63, 46.44, 50.11, 48.84, 48.8, 48.9, 52.22, 50.32, 54.53, 56.08, 55.15, 54.94, 58.36, 57.29, 58.2, 58.8, 60.07, 56.1, 74.68102216941324, 86.46394183892738, 46.2594470247395, 63.16690552065732, 62.48665705886446, 24.739047685042664, 62.29138304377574, 47.04820339612238, 40.773128018168975, 49.65302411344969, 55.68135002864786, 44.14399642568529, 8.617310642999911, 51.73989219725733, 34.23632646040541, 62.277863464677694, 40.655717740249614, 56.39698592718484, 77.04107883992711, 27.333847210193145, 58.91, 58.43, 57.73, 56.01, 57.64, 55.49, 53.11, 53.48, 49.5, 50.19, 51.41, 50.89, 49.97, 48.54, 48.75, 50.08, 52.72, 50.7, 54.45, 55.48, 55.28, 57.95, 58.2, 57.92, 59.43, 61.58, 61.22, 57.34, 55.87, 56.05, 52.52, 55.41, 49.29, 49.75, 48.45, 46.94, 47.37, 51.74, 50.33, 52.07, 52.7, 51.85, 55.75, 52.83, 59.32, 59.03], "labels": [0, 0, 0, 0, 0, 0, 0, 0, 0, 0, 0, 0, 0, 0, 0, 0, 0, 0, 0, 0, 0, 0, 0, 0, 0, 0, 0, 0, 0, 0, 0, 0, 0, 0, 1, 1, 1, 1, 1, 1, 1, 1, 1, 1, 1, 1, 1, 1, 1, 1, 1, 1, 1, 1, 0, 0, 0, 0, 0, 0, 0, 0, 0, 0, 0, 0, 0, 0, 0, 0, 0, 0, 0, 0, 0, 0, 0, 0, 0, 0, 0, 0, 0, 0, 0, 0, 0, 0, 0, 0, 0, 0, 0, 0, 0, 0, 0, 0, 0, 0], "is_anomalous": true, "anomaly_type": "variance_change", "anomaly_positions": [34, 35, 36, 37, 38, 39, 40, 41, 42, 43, 44, 45, 46, 47, 48, 49, 50, 51, 52, 53], "length": 100}