{"id": "anomalous_000640", "series": [50.07, 49.8, 51.48, 53.01, 58.43, 57.08, 56.75, 55.48, 57.11, 55.69, 49.88, 51.21, 51.68, 52.36, 49.2, 50.01, 44.96, 45.98, 43.43, 45.28, 51.53, 45.45, 45.13, 50.17, 52.04, 50.91, 53.47, 55.95, 55.44, 55.6, 51.48, 56.0, 58.91, 53.06, 53.79, 52.09903690720667, 51.49554143408007, 50.64690181728925, 48.92855430567678, 54.80939335027415, 57.93066734777757, 52.388105187825275, 56.16153437251728, 53.94767658086619, 60.10418925132768, 57.4172233420861, 65.65656190606693, 64.23541641389423, 65.73085145896326, 59.95545159702243, 73.10672270018091, 66.87231772295146, 75.40593659201805, 69.69044578616021, 76.07894660613842, 80.21529019083509, 74.95547561585073, 73.8125525672788, 87.72183954013497, 77.35198059968516, 86.00757171458194, 69.55233535024455, 89.03572464245623, 79.84309986482575, 86.91218873426936, 64.52231250363073, 85.49745069665737, 94.9270159152001, 69.94515131220577, 86.2738651665018, 67.62123017658884, 76.41058933510739, 85.52206038509797, 95.43102920377177, 77.68223882490469, 92.83174963381836, 93.7809868035109, 81.35516790356212, 90.28282408509958, 116.75821621028693, 78.22150638554403, 85.29100596817851, 85.54501614347733, 117.1034502001897, 121.48479634037724, 80.85155812643762, 122.2056836597292, 99.32062907970291, 94.20198168212451, 96.53890889533011, 101.49163121810703, 103.94889034729961, 93.43008871295977, 123.0643185383201, 77.7977762354534, 110.1207911058647, 102.24969822951736, 140.44030657642793, 145.98956530563294, 95.86691307308362], "labels": [0, 0, 0, 0, 0, 0, 0, 0, 0, 0, 0, 0, 0, 0, 0, 0, 0, 0, 0, 0, 0, 0, 0, 0, 0, 0, 0, 0, 0, 0, 0, 0, 0, 0, 1, 1, 1, 1, 1, 1, 1, 1, 1, 1, 1, 1, 1, 1, 1, 1, 1, 1, 1, 1, 1, 1, 1, 1, 1, 1, 1, 1, 1, 1, 1, 1, 1, 1, 1, 1, 1, 1, 1, 1, 1, 1, 1, 1, 1, 1, 1, 1, 1, 1, 1, 1, 1, 1, 1, 1, 1, 1, 1, 1, 1, 1, 1, 1, 1, 1], "is_anomalous": true, "anomaly_type": "trend_change", "anomaly_positions": [34, 35, 36, 37, 38, 39, 40, 41, 42, 43, 44, 45, 46, 47, 48, 49, 50, 51, 52, 53, 54, 55, 56, 57, 58, 59, 60, 61, 62, 63, 64, 65, 66, 67, 68, 69, 70, 71, 72, 73, 74, 75, 76, 77, 78, 79, 80, 81, 82, 83, 84, 85, 86, 87, 88, 89, 90, 91, 92, 93, 94, 95, 96, 97, 98, 99], "length": 100}