{"id": "anomalous_000241", "series": [47.44, 49.58, 53.82, 53.35, 52.77, 53.28, 58.19, 52.76, 51.58, 50.96, 51.53, 48.24, 49.22, 47.46, 45.17, 45.12, 46.16, 40.47, 43.83, 42.53, 43.18, 43.98, 45.51, 45.01, 53.12, 51.13, 51.87, 50.39, 50.79, 50.8, 55.15, 54.74, 54.57, 51.08, 47.28, 50.97, 47.56, 46.41, 46.65, 46.51, 40.05, 45.0, 44.39, 41.88, 40.42, 47.78827586254276, 44.318069515644765, 49.84908256530588, 53.660859806968936, 53.808791006739426, 58.627115271925724, 54.77427144399869, 61.60464560243422, 66.2024124782648, 61.67622090158913, 60.22888854032683, 63.32117953916171, 69.34282743154779, 56.686059656493754, 56.8700557700772, 60.57274351779606, 58.84669473315621, 71.23688871920517, 62.04495100743648, 58.23720508523036, 64.59446267310943, 62.672236865599174, 66.54184013788809, 74.91740573439785, 63.24682047422996, 71.99895983203427, 77.64463820014059, 75.96614905654427, 77.96969522831125, 81.42639421810418, 87.31997833886754, 82.38294640217813, 70.91990446283785, 88.50825802600531, 71.4090602578705, 82.55087480125798, 87.69516194957208, 89.12862703947981, 76.24185026055831, 101.68759494918152, 111.24097308927227, 89.38633091295941, 83.07705819367902, 69.5859297753731, 87.17998019697217, 91.5300745940605, 80.31942467050533, 89.27394068168867, 87.39671477997805, 92.6759308499888, 99.28978302199437, 102.1878981085984, 96.24411034747031, 122.96178341177256, 107.77370759630551], "labels": [0, 0, 0, 0, 0, 0, 0, 0, 0, 0, 0, 0, 0, 0, 0, 0, 0, 0, 0, 0, 0, 0, 0, 0, 0, 0, 0, 0, 0, 0, 0, 0, 0, 0, 0, 0, 0, 0, 0, 0, 0, 0, 0, 0, 1, 1, 1, 1, 1, 1, 1, 1, 1, 1, 1, 1, 1, 1, 1, 1, 1, 1, 1, 1, 1, 1, 1, 1, 1, 1, 1, 1, 1, 1, 1, 1, 1, 1, 1, 1, 1, 1, 1, 1, 1, 1, 1, 1, 1, 1, 1, 1, 1, 1, 1, 1, 1, 1, 1, 1], "is_anomalous": true, "anomaly_type": "trend_change", "anomaly_positions": [44, 45, 46, 47, 48, 49, 50, 51, 52, 53, 54, 55, 56, 57, 58, 59, 60, 61, 62, 63, 64, 65, 66, 67, 68, 69, 70, 71, 72, 73, 74, 75, 76, 77, 78, 79, 80, 81, 82, 83, 84, 85, 86, 87, 88, 89, 90, 91, 92, 93, 94, 95, 96, 97, 98, 99], "length": 100}