{"id": "anomalous_000642", "series": [46.66, 47.84, 52.39, 52.82, 52.14, 50.92, 49.17, 49.18, 50.37, 51.02, 47.84, 48.36, 44.53, 45.25, 44.13, 44.94, 44.68, 42.49, 45.24, 41.77, 42.49, 43.05, 45.16, 43.7, 47.04, 52.04, 49.41, 47.52, 51.1, 53.63, 53.78, 49.56, 52.59, 52.06, 47.36, 47.8, 48.5, 47.32, 44.14, 49.77, 44.95, 45.2, 43.19, 41.53, 44.83, 47.56, 48.09, 46.83, 59.81876492938689, 33.86503897964514, 38.74947566264524, 80.50067865073055, 35.123833438071046, 57.77758642883526, 49.46867441496614, 75.90505400123727, 50.787287487622834, 63.90507220192052, 23.11412828474302, 37.14136389682143, 48.237139502308914, 44.69946984202913, 70.95838562278696, 57.63516086272812, 34.74994473862317, 30.80710543860717, 71.07691066435325, 34.644393086532375, 48.19, 47.92, 44.96, 49.0, 53.3, 52.69, 53.87, 54.2, 53.92, 55.96, 53.94, 53.16, 56.32, 51.41, 51.4, 51.68, 50.16, 49.81, 46.23, 50.65, 45.9, 49.01, 45.09, 46.95, 47.88, 45.49, 51.3, 53.07, 51.02, 48.91, 56.89, 59.09], "labels": [0, 0, 0, 0, 0, 0, 0, 0, 0, 0, 0, 0, 0, 0, 0, 0, 0, 0, 0, 0, 0, 0, 0, 0, 0, 0, 0, 0, 0, 0, 0, 0, 0, 0, 0, 0, 0, 0, 0, 0, 0, 0, 0, 0, 0, 0, 0, 0, 1, 1, 1, 1, 1, 1, 1, 1, 1, 1, 1, 1, 1, 1, 1, 1, 1, 1, 1, 1, 0, 0, 0, 0, 0, 0, 0, 0, 0, 0, 0, 0, 0, 0, 0, 0, 0, 0, 0, 0, 0, 0, 0, 0, 0, 0, 0, 0, 0, 0, 0, 0], "is_anomalous": true, "anomaly_type": "variance_change", "anomaly_positions": [48, 49, 50, 51, 52, 53, 54, 55, 56, 57, 58, 59, 60, 61, 62, 63, 64, 65, 66, 67], "length": 100}