{"id": "anomalous_000252", "series": [49.44, 50.43, 51.13, 51.71, 51.61, 51.65, 53.11, 52.53, 51.94, 51.67, 49.4, 51.15, 48.43, 46.3, 43.65, 44.39, 45.66, 42.27, 44.69, 43.67, 42.25, 43.14, 46.83, 46.4, 47.63, 48.69, 50.38, 51.57, 52.31, 56.05, 47.773749738211876, 64.45790511947247, 46.15034162951662, 62.09091149839666, 52.3161674470064, 47.916063388222845, 23.225307757615074, 67.17014377499133, 42.21611000461926, 36.9203153782352, 53.570526679968225, 54.786654338728695, 52.599113515335645, -5.935978918747139, 29.562007683612563, 23.562433619890264, 35.68682102872034, 20.619712288728024, 61.989660418428045, 53.89216670445066, 50.63, 52.92, 54.3, 55.12, 54.16, 52.5, 53.3, 51.98, 51.15, 50.19, 51.89, 45.77, 46.4, 47.74, 44.25, 46.03, 42.88, 43.6, 46.09, 45.11, 47.9, 47.6, 47.42, 51.27, 52.62, 54.75, 52.35, 52.53, 55.69, 54.45, 53.32, 52.45, 51.48, 51.02, 48.95, 49.9, 48.61, 47.47, 45.94, 42.91, 44.86, 45.19, 46.15, 45.5, 47.3, 48.33, 51.38, 52.63, 53.2, 55.9], "labels": [0, 0, 0, 0, 0, 0, 0, 0, 0, 0, 0, 0, 0, 0, 0, 0, 0, 0, 0, 0, 0, 0, 0, 0, 0, 0, 0, 0, 0, 0, 1, 1, 1, 1, 1, 1, 1, 1, 1, 1, 1, 1, 1, 1, 1, 1, 1, 1, 1, 1, 0, 0, 0, 0, 0, 0, 0, 0, 0, 0, 0, 0, 0, 0, 0, 0, 0, 0, 0, 0, 0, 0, 0, 0, 0, 0, 0, 0, 0, 0, 0, 0, 0, 0, 0, 0, 0, 0, 0, 0, 0, 0, 0, 0, 0, 0, 0, 0, 0, 0], "is_anomalous": true, "anomaly_type": "variance_change", "anomaly_positions": [30, 31, 32, 33, 34, 35, 36, 37, 38, 39, 40, 41, 42, 43, 44, 45, 46, 47, 48, 49], "length": 100}