{"id": "anomalous_000548", "series": [49.36, 52.67, 55.82, 54.13, 56.81, 57.14, 54.94, 55.81, 54.19, 55.17, 52.5, 52.79, 50.11, 47.72, 47.08, 44.33, 46.87, 46.56, 44.9, 45.88, 47.01, 47.32, 48.24, 49.07, 51.17, 50.42, 51.04, 52.19, 55.19, 55.98, 54.68, 53.15, 53.62, 53.59, 52.08, 52.91, 89.65237069853217, 87.36237069853215, 84.46237069853215, 85.43237069853215, 81.60237069853216, 85.13237069853216, 84.26237069853215, 82.80237069853216, 84.30237069853216, 84.70237069853215, 48.19, 47.44, 51.06, 50.47, 50.77, 57.03, 55.77, 54.25, 54.58, 52.96, 53.73, 54.11, 49.64, 50.11, 48.5, 48.05, 46.14, 46.83, 43.02, 45.0, 42.49, 46.15, 45.84, 44.58, 50.32, 49.34, 48.75, 51.1, 50.44, 52.07, 52.94, 52.35, 54.15, 51.68, 51.16, 55.12, 54.98, 49.93, 48.51, 48.31, 45.84, 43.46, 42.38, 44.83, 44.01, 44.07, 44.9, 46.1, 47.12, 49.23, 48.57, 47.82, 50.09, 51.09], "labels": [0, 0, 0, 0, 0, 0, 0, 0, 0, 0, 0, 0, 0, 0, 0, 0, 0, 0, 0, 0, 0, 0, 0, 0, 0, 0, 0, 0, 0, 0, 0, 0, 0, 0, 0, 0, 1, 1, 1, 1, 1, 1, 1, 1, 1, 1, 0, 0, 0, 0, 0, 0, 0, 0, 0, 0, 0, 0, 0, 0, 0, 0, 0, 0, 0, 0, 0, 0, 0, 0, 0, 0, 0, 0, 0, 0, 0, 0, 0, 0, 0, 0, 0, 0, 0, 0, 0, 0, 0, 0, 0, 0, 0, 0, 0, 0, 0, 0, 0, 0], "is_anomalous": true, "anomaly_type": "shift", "anomaly_positions": [36, 37, 38, 39, 40, 41, 42, 43, 44, 45], "length": 100}