{"id": "anomalous_000573", "series": [49.77, 52.85, 53.2, 49.87, 55.62, 58.65, 55.0, 56.84, 52.2, 54.37, 60.37, 53.03, 48.86, 48.54, 47.94, 47.18, 54.56, 49.28, 46.73, 43.27, 45.93, 47.41, 48.1, 49.01, 49.55, 52.71, 54.88, 59.21, 56.42, 57.08, 52.65, 55.69, 54.0, 56.76, 53.15, 53.64, 56.46, 50.97, 50.32, 49.456533448280105, 47.97054788870368, 52.48842444211513, 53.105450026412036, 48.80205328457927, 51.77367132938547, 58.93283196864896, 54.409844273672455, 57.88419994379168, 58.886073562274106, 72.29973546857931, 68.99472304849107, 67.73698197934118, 65.8665521175741, 77.77989493768405, 71.88749625420058, 80.66841672403388, 74.02744972429315, 74.30077392735025, 62.170969207637754, 76.2530208103492, 69.1547268476394, 64.20747793850676, 69.99062111688052, 61.269865616924946, 66.5912101845444, 86.62262035614947, 66.28030533649704, 63.90808939077249, 83.9997975351304, 91.43313125257939, 95.80925443249066, 70.37639687231764, 96.44726962859676, 78.49206435276506, 82.92412926383662, 76.06131215376308, 113.76630856196324, 112.5430081972695, 115.00127037392662, 92.84272349988406, 86.12077420551964, 98.45628987547533, 96.74192455395779, 93.82447499307415, 120.25762912798109, 109.4080092646012, 126.14537899616839, 94.44910127661407, 98.82257898968163, 88.33040138898613, 118.64684666989487, 96.65818525408362, 123.96481988755669, 102.53031176743065, 101.53563295142067, 92.4889291908433, 84.23567423588764, 111.75725656000722, 103.00253670122652, 130.54668844884702], "labels": [0, 0, 0, 0, 0, 0, 0, 0, 0, 0, 0, 0, 0, 0, 0, 0, 0, 0, 0, 0, 0, 0, 0, 0, 0, 0, 0, 0, 0, 0, 0, 0, 0, 0, 0, 0, 0, 0, 1, 1, 1, 1, 1, 1, 1, 1, 1, 1, 1, 1, 1, 1, 1, 1, 1, 1, 1, 1, 1, 1, 1, 1, 1, 1, 1, 1, 1, 1, 1, 1, 1, 1, 1, 1, 1, 1, 1, 1, 1, 1, 1, 1, 1, 1, 1, 1, 1, 1, 1, 1, 1, 1, 1, 1, 1, 1, 1, 1, 1, 1], "is_anomalous": true, "anomaly_type": "trend_change", "anomaly_positions": [38, 39, 40, 41, 42, 43, 44, 45, 46, 47, 48, 49, 50, 51, 52, 53, 54, 55, 56, 57, 58, 59, 60, 61, 62, 63, 64, 65, 66, 67, 68, 69, 70, 71, 72, 73, 74, 75, 76, 77, 78, 79, 80, 81, 82, 83, 84, 85, 86, 87, 88, 89, 90, 91, 92, 93, 94, 95, 96, 97, 98, 99], "length": 100}