{"id": "anomalous_000057", "series": [51.76, 53.15, 48.91, 54.94, 55.95, 56.68, 58.08, 57.05, 54.63, 55.57, 55.52, 51.21, 51.81, 49.13, 52.3, 45.52, 46.71, 46.14, 45.79, 48.29, 48.19, 49.99, 48.95, 51.92, 48.87, 49.67, 54.81, 57.88, 56.09, 55.77, 55.21, 58.76, 58.77, 59.31, 53.29, 50.75, 53.91, 55.6, 50.76, 54.2109048304694, 47.673778402072216, 50.04826520875827, 48.82164768546761, 49.86161526139351, 55.18294957256704, 50.84418622390383, 62.731248906415075, 57.78900507973028, 57.6658088545917, 69.42680166958607, 62.28317138213926, 64.84063930893174, 62.0649936959751, 67.46575239450392, 62.55621157894966, 74.86409580108057, 73.43819678635826, 81.2060584816254, 82.46139537517278, 77.46584662830614, 65.47789622945334, 81.14855018175942, 67.03717449623991, 84.15109123767007, 80.42260760107081, 80.46154595818564, 83.66734849300158, 80.94926751692547, 87.77616299545485, 76.69771989607295, 88.39096621635103, 90.6776670322527, 81.94858882764544, 85.01950789002913, 99.72946581239528, 94.83972292149437, 107.38526981597326, 91.23157087103921, 95.21490178166789, 102.19740887481967, 102.57593439370011, 108.38374623912244, 92.48722724342838, 92.77328457188166, 93.42928753390622, 83.19215718017816, 91.00167494015653, 117.72264015411511, 100.23811925662213, 72.76101947858167, 94.0493296510293, 115.08413016741358, 108.22615504197603, 107.38865084341201, 78.75314791710986, 94.24806504136579, 121.22558408525123, 129.95732634046536, 108.30353823058712, 105.38902297505729], "labels": [0, 0, 0, 0, 0, 0, 0, 0, 0, 0, 0, 0, 0, 0, 0, 0, 0, 0, 0, 0, 0, 0, 0, 0, 0, 0, 0, 0, 0, 0, 0, 0, 0, 0, 0, 0, 0, 0, 1, 1, 1, 1, 1, 1, 1, 1, 1, 1, 1, 1, 1, 1, 1, 1, 1, 1, 1, 1, 1, 1, 1, 1, 1, 1, 1, 1, 1, 1, 1, 1, 1, 1, 1, 1, 1, 1, 1, 1, 1, 1, 1, 1, 1, 1, 1, 1, 1, 1, 1, 1, 1, 1, 1, 1, 1, 1, 1, 1, 1, 1], "is_anomalous": true, "anomaly_type": "trend_change", "anomaly_positions": [38, 39, 40, 41, 42, 43, 44, 45, 46, 47, 48, 49, 50, 51, 52, 53, 54, 55, 56, 57, 58, 59, 60, 61, 62, 63, 64, 65, 66, 67, 68, 69, 70, 71, 72, 73, 74, 75, 76, 77, 78, 79, 80, 81, 82, 83, 84, 85, 86, 87, 88, 89, 90, 91, 92, 93, 94, 95, 96, 97, 98, 99], "length": 100}