{"id": "anomalous_000327", "series": [54.61, 58.79, 54.16, 54.15, 55.91, 53.29, 57.24, 57.72, 55.24, 52.62, 52.23, 53.89, 54.46, 53.28, 49.56, 46.65, 49.25, 47.8, 45.87, 47.17, 46.46, 49.69, 46.93, 48.64, 51.14, 51.18, 55.4, 55.14, 52.98, 53.2, 55.89, 52.47, 55.44, 54.68, 52.51, 51.03, 77.77179406312604, 77.57179406312605, 74.91179406312605, 73.04179406312605, 73.81179406312606, 71.04179406312605, 73.00179406312606, 73.23179406312605, 74.43179406312605, 73.11179406312604, 50.76, 48.4, 47.46, 50.28, 53.04, 53.71, 57.79, 56.79, 55.14, 53.58, 56.54, 54.49, 53.33, 50.02, 51.36, 48.08, 44.84, 43.72, 43.17, 45.41, 45.34, 48.18, 46.15, 42.7, 46.07, 49.3, 47.79, 47.34, 52.44, 55.64, 52.91, 55.23, 56.48, 55.48, 56.53, 50.65, 51.44, 51.28, 46.16, 50.51, 48.2, 43.35, 46.14, 40.76, 43.04, 40.16, 44.98, 44.82, 45.17, 48.61, 50.25, 51.61, 50.02, 51.96], "labels": [0, 0, 0, 0, 0, 0, 0, 0, 0, 0, 0, 0, 0, 0, 0, 0, 0, 0, 0, 0, 0, 0, 0, 0, 0, 0, 0, 0, 0, 0, 0, 0, 0, 0, 0, 0, 1, 1, 1, 1, 1, 1, 1, 1, 1, 1, 0, 0, 0, 0, 0, 0, 0, 0, 0, 0, 0, 0, 0, 0, 0, 0, 0, 0, 0, 0, 0, 0, 0, 0, 0, 0, 0, 0, 0, 0, 0, 0, 0, 0, 0, 0, 0, 0, 0, 0, 0, 0, 0, 0, 0, 0, 0, 0, 0, 0, 0, 0, 0, 0], "is_anomalous": true, "anomaly_type": "shift", "anomaly_positions": [36, 37, 38, 39, 40, 41, 42, 43, 44, 45], "length": 100}