{"id": "anomalous_000786", "series": [44.98, 48.37, 48.71, 51.63, 53.16, 58.01, 54.27, 52.05, 51.4, 55.33, 47.72, 52.46, 41.02, 49.0, 44.47, 39.94, 42.52, 45.28, 43.31, 45.05, 45.11, 44.14, 42.63, 54.44, 48.22, 47.84, 51.37, 50.06, 51.6, 44.21, 49.76, 52.2, 50.79, 53.69, 48.61, 49.82, 44.37, 48.24, 43.94, 42.95, 40.32, 45.75, 44.81, 43.23477117781093, 49.86309737835366, 43.57427388219884, 49.267978937307475, 50.8947994792558, 51.49595512950401, 61.78955228050862, 63.92198579230252, 62.686955086615534, 67.29102920738673, 67.75814570703878, 63.625810388130745, 63.63232668106453, 62.715763139451916, 61.400675678384275, 55.82080277869533, 61.58523670294555, 69.51036221759237, 62.01313396814574, 67.20599134321895, 68.34900657339271, 69.93058842865105, 73.05143397967734, 67.23846526280312, 61.669500176048956, 80.15398454827653, 58.70415302793528, 72.88739350983714, 75.33503789071217, 88.73297551565443, 64.1728303100457, 65.55688248684518, 89.04134392559574, 101.2301383439109, 86.08346541477115, 100.16787890399556, 94.42689820962781, 92.74881802872649, 89.66970143685383, 88.31630533580463, 69.69889034035258, 106.37787664000575, 110.69928669263956, 78.96837598732166, 95.09011024026432, 96.18399537113253, 78.8903627721261, 107.84790041997896, 72.23173772320806, 81.53949250897045, 88.96008260780877, 91.97355004156834, 95.01016208025138, 91.70143168071382, 128.6758758849606, 116.3658587001117, 101.07515899468632], "labels": [0, 0, 0, 0, 0, 0, 0, 0, 0, 0, 0, 0, 0, 0, 0, 0, 0, 0, 0, 0, 0, 0, 0, 0, 0, 0, 0, 0, 0, 0, 0, 0, 0, 0, 0, 0, 0, 0, 0, 0, 0, 0, 1, 1, 1, 1, 1, 1, 1, 1, 1, 1, 1, 1, 1, 1, 1, 1, 1, 1, 1, 1, 1, 1, 1, 1, 1, 1, 1, 1, 1, 1, 1, 1, 1, 1, 1, 1, 1, 1, 1, 1, 1, 1, 1, 1, 1, 1, 1, 1, 1, 1, 1, 1, 1, 1, 1, 1, 1, 1], "is_anomalous": true, "anomaly_type": "trend_change", "anomaly_positions": [42, 43, 44, 45, 46, 47, 48, 49, 50, 51, 52, 53, 54, 55, 56, 57, 58, 59, 60, 61, 62, 63, 64, 65, 66, 67, 68, 69, 70, 71, 72, 73, 74, 75, 76, 77, 78, 79, 80, 81, 82, 83, 84, 85, 86, 87, 88, 89, 90, 91, 92, 93, 94, 95, 96, 97, 98, 99], "length": 100}