{"id": "anomalous_000769", "series": [48.99, 51.82, 52.66, 52.96, 52.04, 56.89, 53.65, 52.28, 52.93, 52.75, 50.0, 49.57, 49.14, 46.45, 48.82, 45.52, 45.21, 42.2, 40.25, 42.29, 45.31, 43.36, 47.53, 46.92, 48.56, 48.78, 48.7, 51.04, 52.86, 52.5, 53.15, 52.73, 52.79, 50.7, 51.28, 48.55, 48.69, 44.91, 45.28, 45.16, 42.72, 42.06, 40.64, 41.47, 43.98, 21.079599223346776, 22.149599223346776, 24.59959922334678, 22.549599223346775, 25.73959922334678, 25.969599223346776, 29.59959922334678, 26.799599223346775, 27.409599223346774, 27.479599223346774, 51.03, 52.3, 51.72, 47.66, 47.95, 48.19, 45.09, 43.94, 43.96, 42.39, 40.31, 39.79, 41.77, 43.54, 45.05, 43.27, 43.49, 47.07, 48.62, 49.05, 49.48, 49.75, 52.42, 50.76, 51.76, 50.73, 48.82, 50.65, 46.89, 46.66, 43.52, 43.8, 42.42, 42.13, 40.8, 38.97, 41.85, 39.93, 40.63, 43.47, 42.98, 45.12, 48.42, 48.41, 51.13], "labels": [0, 0, 0, 0, 0, 0, 0, 0, 0, 0, 0, 0, 0, 0, 0, 0, 0, 0, 0, 0, 0, 0, 0, 0, 0, 0, 0, 0, 0, 0, 0, 0, 0, 0, 0, 0, 0, 0, 0, 0, 0, 0, 0, 0, 0, 1, 1, 1, 1, 1, 1, 1, 1, 1, 1, 0, 0, 0, 0, 0, 0, 0, 0, 0, 0, 0, 0, 0, 0, 0, 0, 0, 0, 0, 0, 0, 0, 0, 0, 0, 0, 0, 0, 0, 0, 0, 0, 0, 0, 0, 0, 0, 0, 0, 0, 0, 0, 0, 0, 0], "is_anomalous": true, "anomaly_type": "shift", "anomaly_positions": [45, 46, 47, 48, 49, 50, 51, 52, 53, 54], "length": 100}