{"id": "anomalous_000768", "series": [46.31, 48.18, 49.31, 45.8, 54.53, 49.26, 53.19, 52.73, 54.68, 53.31, 44.73, 49.9, 46.21, 49.4, 47.4, 44.01, 47.89, 38.77, 44.83, 37.63, 44.02, 43.74, 47.23, 46.58, 47.57, 54.88, 46.29, 51.96, 57.41, 51.34, 51.96, 56.13, 57.8, 49.29, 50.86, 47.31, 46.22, 43.72, 46.58, 40.87, 46.01, 44.56, 47.91, 45.15, 46.02, 49.45, 43.1, 43.47, 48.12, 46.66, 47.76, 54.08, 49.62, 55.42, 51.13, 53.82, 55.82, 46.41, 49.39, 49.8, 47.47, 49.858772592658674, 48.195884504882855, 40.82756499409105, 51.246960397638645, 43.04782351830939, 46.309051108785965, 50.87773024273891, 50.78450215294155, 53.60335119571844, 57.31435712748118, 52.544035084954004, 57.27735278904308, 52.54451876776321, 64.45645750309264, 60.94108990815538, 76.42295303113565, 72.88093171290575, 71.29168002638357, 83.61297063117193, 63.068048161593666, 66.39482098650477, 75.70353875663497, 64.1192812645676, 57.24136571664888, 68.14427199683831, 58.48515676437521, 70.26987239419572, 65.67933496951937, 58.604120428358954, 81.9185653773049, 68.5652152320882, 68.57006628685346, 84.05683118544137, 75.27717650186838, 89.08580940135563, 76.9273788933144, 73.15675825215953, 78.61311482284341, 108.60904252851365], "labels": [0, 0, 0, 0, 0, 0, 0, 0, 0, 0, 0, 0, 0, 0, 0, 0, 0, 0, 0, 0, 0, 0, 0, 0, 0, 0, 0, 0, 0, 0, 0, 0, 0, 0, 0, 0, 0, 0, 0, 0, 0, 0, 0, 0, 0, 0, 0, 0, 0, 0, 0, 0, 0, 0, 0, 0, 0, 0, 0, 0, 1, 1, 1, 1, 1, 1, 1, 1, 1, 1, 1, 1, 1, 1, 1, 1, 1, 1, 1, 1, 1, 1, 1, 1, 1, 1, 1, 1, 1, 1, 1, 1, 1, 1, 1, 1, 1, 1, 1, 1], "is_anomalous": true, "anomaly_type": "trend_change", "anomaly_positions": [60, 61, 62, 63, 64, 65, 66, 67, 68, 69, 70, 71, 72, 73, 74, 75, 76, 77, 78, 79, 80, 81, 82, 83, 84, 85, 86, 87, 88, 89, 90, 91, 92, 93, 94, 95, 96, 97, 98, 99], "length": 100}