{"id": "anomalous_000029", "series": [49.5, 53.7, 45.74, 52.18, 46.33, 50.74, 49.74, 50.28, 50.68, 49.78, 54.89, 46.99, 45.88, 46.02, 40.41, 48.17, 41.81, 45.19, 45.13, 40.52, 41.62, 39.74, 46.15, 43.74, 49.86, 47.86, 50.24, 56.1, 53.32, 50.95, 52.1, 53.74, 54.82, 53.03, 47.62, 48.32, 50.35, 49.98, 45.03, 43.17, 37.61, 43.02, 42.96239675094438, 46.971656072298, 49.057376032967305, 46.243163090214, 49.602562229817416, 52.04983724331241, 56.180113916490505, 57.20785020202425, 67.13003223982425, 56.78126715314355, 64.94835054388035, 67.01099770363287, 70.53594194637499, 71.77963905586454, 65.81473389168136, 62.589500675782794, 61.95438705289527, 59.046414231299835, 72.46815374859654, 76.83611515836378, 76.03133663006881, 64.42697491193115, 63.19491246140454, 78.01089478110597, 70.16727119446529, 70.50003203618748, 84.40395218072322, 77.78689471074244, 62.07827158478553, 76.06593057031836, 66.70475342513558, 77.94041378097926, 83.29204529237299, 82.12649815373265, 85.83634548377435, 87.69379856822124, 81.05021850681155, 88.76030537513472, 102.86550978620458, 84.68688143462305, 104.12993482433123, 84.96090085844264, 98.08662505002255, 97.92412536449022, 110.57254003727911, 81.61443685098249, 83.45912017014487, 108.15413019515185, 84.6651472881745, 96.67641316952358, 93.54091538623229, 111.49421370681459, 75.55592176017748, 119.54083858728558, 96.53083948201814, 101.29495987480885, 88.71413722516951, 92.07405859110867], "labels": [0, 0, 0, 0, 0, 0, 0, 0, 0, 0, 0, 0, 0, 0, 0, 0, 0, 0, 0, 0, 0, 0, 0, 0, 0, 0, 0, 0, 0, 0, 0, 0, 0, 0, 0, 0, 0, 0, 0, 0, 0, 1, 1, 1, 1, 1, 1, 1, 1, 1, 1, 1, 1, 1, 1, 1, 1, 1, 1, 1, 1, 1, 1, 1, 1, 1, 1, 1, 1, 1, 1, 1, 1, 1, 1, 1, 1, 1, 1, 1, 1, 1, 1, 1, 1, 1, 1, 1, 1, 1, 1, 1, 1, 1, 1, 1, 1, 1, 1, 1], "is_anomalous": true, "anomaly_type": "trend_change", "anomaly_positions": [41, 42, 43, 44, 45, 46, 47, 48, 49, 50, 51, 52, 53, 54, 55, 56, 57, 58, 59, 60, 61, 62, 63, 64, 65, 66, 67, 68, 69, 70, 71, 72, 73, 74, 75, 76, 77, 78, 79, 80, 81, 82, 83, 84, 85, 86, 87, 88, 89, 90, 91, 92, 93, 94, 95, 96, 97, 98, 99], "length": 100}