{"id": "anomalous_000044", "series": [55.74, 59.04, 57.87, 59.13, 51.65, 63.76, 59.2, 58.99, 55.35, 57.65, 59.26, 54.66, 53.09, 57.06, 48.34, 53.3, 50.17, 47.57, 52.29, 50.77, 55.6, 56.06, 54.59, 52.27, 55.87, 62.34, 59.06, 58.11, 61.53, 60.34, 103.45597285367307, 99.13597285367308, 98.45597285367307, 100.70597285367307, 99.29597285367308, 99.79597285367308, 94.84597285367308, 92.72597285367308, 95.76597285367308, 93.94597285367308, 50.2, 47.72, 51.83, 50.57, 46.8, 54.4, 50.26, 53.73, 52.08, 54.18, 59.25, 57.16, 60.17, 58.41, 64.28, 55.11, 60.52, 62.99, 55.97, 59.66, 51.67, 57.25, 54.28, 50.93, 52.39, 55.85, 54.35, 49.82, 48.69, 46.9, 54.87, 56.51, 57.86, 53.16, 62.07, 62.23, 61.31, 66.28, 62.18, 57.5, 65.21, 60.17, 61.95, 60.03, 59.91, 53.6, 51.2, 49.3, 52.52, 50.76, 50.69, 53.89, 51.91, 54.91, 52.21, 56.4, 63.46, 58.94, 58.21, 59.46], "labels": [0, 0, 0, 0, 0, 0, 0, 0, 0, 0, 0, 0, 0, 0, 0, 0, 0, 0, 0, 0, 0, 0, 0, 0, 0, 0, 0, 0, 0, 0, 1, 1, 1, 1, 1, 1, 1, 1, 1, 1, 0, 0, 0, 0, 0, 0, 0, 0, 0, 0, 0, 0, 0, 0, 0, 0, 0, 0, 0, 0, 0, 0, 0, 0, 0, 0, 0, 0, 0, 0, 0, 0, 0, 0, 0, 0, 0, 0, 0, 0, 0, 0, 0, 0, 0, 0, 0, 0, 0, 0, 0, 0, 0, 0, 0, 0, 0, 0, 0, 0], "is_anomalous": true, "anomaly_type": "shift", "anomaly_positions": [30, 31, 32, 33, 34, 35, 36, 37, 38, 39], "length": 100}