{"id": "anomalous_000563", "series": [50.79, 56.92, 56.17, 56.08, 57.96, 57.73, 58.54, 58.52, 58.13, 57.09, 55.05, 51.22, 53.4, 51.73, 48.92, 48.89, 47.72, 47.57, 45.69, 46.35, 49.3, 48.49, 49.25, 51.52, 53.9, 56.74, 55.85, 57.77, 59.45, 56.99, 58.57, 57.51, 57.25, 56.27, 55.31, 27.7357715766838, 28.7957715766838, 24.355771576683804, 23.7257715766838, 21.315771576683805, 24.325771576683803, 17.3057715766838, 19.315771576683805, 22.705771576683805, 21.385771576683805, 47.41, 46.91, 51.64, 52.95, 52.6, 57.85, 57.43, 56.16, 57.76, 61.07, 54.37, 56.02, 56.58, 56.31, 54.48, 53.45, 52.56, 51.15, 51.53, 49.3, 45.32, 46.37, 46.76, 48.63, 48.32, 51.38, 53.4, 55.28, 55.05, 52.89, 57.38, 56.91, 58.51, 61.84, 58.94, 58.35, 57.07, 57.85, 55.38, 56.5, 51.21, 50.43, 49.43, 46.39, 48.99, 48.45, 48.0, 49.69, 52.1, 53.59, 51.51, 51.57, 55.85, 57.5, 57.53], "labels": [0, 0, 0, 0, 0, 0, 0, 0, 0, 0, 0, 0, 0, 0, 0, 0, 0, 0, 0, 0, 0, 0, 0, 0, 0, 0, 0, 0, 0, 0, 0, 0, 0, 0, 0, 1, 1, 1, 1, 1, 1, 1, 1, 1, 1, 0, 0, 0, 0, 0, 0, 0, 0, 0, 0, 0, 0, 0, 0, 0, 0, 0, 0, 0, 0, 0, 0, 0, 0, 0, 0, 0, 0, 0, 0, 0, 0, 0, 0, 0, 0, 0, 0, 0, 0, 0, 0, 0, 0, 0, 0, 0, 0, 0, 0, 0, 0, 0, 0, 0], "is_anomalous": true, "anomaly_type": "shift", "anomaly_positions": [35, 36, 37, 38, 39, 40, 41, 42, 43, 44], "length": 100}