{"id": "anomalous_000514", "series": [53.28, 54.32, 54.79, 57.32, 59.7, 58.32, 57.69, 59.35, 58.92, 57.14, 57.4, 54.38, 55.18, 50.76, 50.7, 49.03, 48.66, 48.93, 48.92, 47.81, 50.88, 51.1, 49.56, 53.09, 53.85, 54.85, 57.41, 57.57, 56.8, 58.29, 60.23, 58.64, 58.11, 56.36, 55.34, 55.97, 51.69, 50.96, 9.981533011736921, 9.99153301173692, 9.751533011736925, 9.781533011736926, 11.88153301173692, 7.691533011736922, 10.081533011736923, 9.67153301173692, 11.34153301173692, 13.371533011736922, 52.57, 53.59, 54.91, 55.96, 56.83, 58.33, 60.12, 57.41, 60.04, 55.56, 55.18, 55.15, 52.51, 50.61, 49.85, 48.62, 48.29, 47.43, 48.2, 46.75, 47.83, 48.92, 50.32, 51.35, 52.8, 54.0, 54.65, 56.17, 57.1, 56.39, 57.17, 56.86, 57.17, 57.03, 57.04, 53.63, 51.64, 52.68, 50.59, 50.67, 48.78, 46.5, 47.35, 46.16, 46.48, 49.99, 50.56, 51.42, 51.74, 53.94, 55.48, 57.67], "labels": [0, 0, 0, 0, 0, 0, 0, 0, 0, 0, 0, 0, 0, 0, 0, 0, 0, 0, 0, 0, 0, 0, 0, 0, 0, 0, 0, 0, 0, 0, 0, 0, 0, 0, 0, 0, 0, 0, 1, 1, 1, 1, 1, 1, 1, 1, 1, 1, 0, 0, 0, 0, 0, 0, 0, 0, 0, 0, 0, 0, 0, 0, 0, 0, 0, 0, 0, 0, 0, 0, 0, 0, 0, 0, 0, 0, 0, 0, 0, 0, 0, 0, 0, 0, 0, 0, 0, 0, 0, 0, 0, 0, 0, 0, 0, 0, 0, 0, 0, 0], "is_anomalous": true, "anomaly_type": "shift", "anomaly_positions": [38, 39, 40, 41, 42, 43, 44, 45, 46, 47], "length": 100}