{"id": "anomalous_000390", "series": [49.65, 49.46, 53.07, 50.65, 54.93, 58.01, 52.71, 55.14, 54.87, 54.15, 52.53, 49.19, 50.15, 48.74, 48.6, 46.89, 46.29, 44.27, 44.53, 42.5, 44.33, 46.5, 46.75, 48.3, 49.23, 50.15, 55.42, 52.14, 54.17, 50.53, 54.19, 52.84, 54.63, 53.55, 50.01, 48.32, 47.08, 45.36, 46.29, 44.25, 44.48, 41.2, 44.99, 42.43, 42.1, 45.18, 47.01, 44.14, 47.76, 49.99, 52.08, 48.48, 51.42, 54.83, 54.02, 51.69, 53.0, 50.96, 50.71, 49.6, 47.28, 47.29, 15.63775357989924, 11.087753579899235, 11.307753579899234, 13.207753579899233, 13.047753579899236, 10.407753579899236, 11.547753579899236, 13.447753579899235, 12.707753579899233, 17.907753579899236, 47.23, 50.29, 50.62, 50.19, 53.1, 53.9, 50.93, 49.75, 48.95, 48.2, 50.14, 49.11, 45.49, 49.18, 43.05, 43.43, 44.64, 39.66, 42.97, 39.77, 41.55, 42.12, 43.04, 45.08, 46.22, 45.85, 50.11, 46.02], "labels": [0, 0, 0, 0, 0, 0, 0, 0, 0, 0, 0, 0, 0, 0, 0, 0, 0, 0, 0, 0, 0, 0, 0, 0, 0, 0, 0, 0, 0, 0, 0, 0, 0, 0, 0, 0, 0, 0, 0, 0, 0, 0, 0, 0, 0, 0, 0, 0, 0, 0, 0, 0, 0, 0, 0, 0, 0, 0, 0, 0, 0, 0, 1, 1, 1, 1, 1, 1, 1, 1, 1, 1, 0, 0, 0, 0, 0, 0, 0, 0, 0, 0, 0, 0, 0, 0, 0, 0, 0, 0, 0, 0, 0, 0, 0, 0, 0, 0, 0, 0], "is_anomalous": true, "anomaly_type": "shift", "anomaly_positions": [62, 63, 64, 65, 66, 67, 68, 69, 70, 71], "length": 100}