{"id": "anomalous_000259", "series": [50.85, 49.34, 53.31, 50.41, 54.66, 53.83, 52.93, 56.21, 50.69, 50.27, 50.11, 48.62, 49.25, 46.63, 47.81, 40.93, 45.97, 41.68, 40.58, 44.42, 43.92, 38.69, 40.98, 46.64, 47.24, 50.89, 49.82, 46.22, 50.49, 50.49, 51.72, 48.07, 49.95, 50.32, 50.56, 47.64, 48.33, 48.59, 44.06, 41.99, 43.03, 41.07, 38.99, 41.58, 41.48, 43.39, 44.17, 46.08, 44.45, 45.72, 49.32, 56.5, 50.6, 49.17, 52.36, 83.0283128783607, 79.7883128783607, 82.0283128783607, 84.4783128783607, 78.6483128783607, 79.3283128783607, 78.0283128783607, 75.0983128783607, 75.6583128783607, 73.1083128783607, 40.55, 38.93, 41.83, 37.81, 44.85, 44.73, 40.0, 41.05, 43.5, 46.65, 46.79, 51.49, 53.06, 50.19, 48.45, 46.32, 49.7, 47.37, 44.39, 44.99, 45.06, 43.35, 41.42, 42.29, 41.58, 36.79, 43.52, 40.58, 39.91, 40.68, 42.27, 43.29, 46.34, 46.65, 49.37], "labels": [0, 0, 0, 0, 0, 0, 0, 0, 0, 0, 0, 0, 0, 0, 0, 0, 0, 0, 0, 0, 0, 0, 0, 0, 0, 0, 0, 0, 0, 0, 0, 0, 0, 0, 0, 0, 0, 0, 0, 0, 0, 0, 0, 0, 0, 0, 0, 0, 0, 0, 0, 0, 0, 0, 0, 1, 1, 1, 1, 1, 1, 1, 1, 1, 1, 0, 0, 0, 0, 0, 0, 0, 0, 0, 0, 0, 0, 0, 0, 0, 0, 0, 0, 0, 0, 0, 0, 0, 0, 0, 0, 0, 0, 0, 0, 0, 0, 0, 0, 0], "is_anomalous": true, "anomaly_type": "shift", "anomaly_positions": [55, 56, 57, 58, 59, 60, 61, 62, 63, 64], "length": 100}