{"id": "anomalous_000235", "series": [54.48, 53.56, 55.89, 54.77, 57.61, 59.1, 56.12, 55.29, 55.24, 53.54, 55.47, 55.36, 53.85, 50.63, 47.85, 48.64, 46.48, 47.17, 44.72, 41.91, 44.47, 50.19, 47.56, 54.45, 53.43, 49.18, 49.57, 51.88, 54.9, 53.92, 55.81, 52.68, 55.51, 56.45, 48.56, 56.51, 54.28, 52.8, 48.36, 50.41, 42.53, 45.72, 41.24, 42.65, 44.94, 45.26, 50.3, 51.24, 46.76, 54.0, 49.01, 47.25, 53.82, 52.92, 55.62, 53.91, 56.9, 53.89, 50.7, 52.74, 47.99, 53.53, 53.17, 73.91367022493014, 23.971837247466425, 80.0510603740144, 73.29606511684815, 54.88204171926696, 36.35641100644467, 43.42423625558247, 44.458433722021915, 66.91047786550098, 37.33683061313016, 32.47935273852116, 40.816612442535224, 65.86151338658583, 43.70795982498371, 40.797207252250864, 64.58243325554857, 58.221797010451844, 61.20579465082794, 74.93891593097243, 41.270987135599796, 45.26, 49.04, 44.79, 53.78, 49.91, 40.41, 41.16, 38.35, 40.13, 48.18, 41.59, 42.19, 38.88, 52.04, 47.34, 53.43, 51.88], "labels": [0, 0, 0, 0, 0, 0, 0, 0, 0, 0, 0, 0, 0, 0, 0, 0, 0, 0, 0, 0, 0, 0, 0, 0, 0, 0, 0, 0, 0, 0, 0, 0, 0, 0, 0, 0, 0, 0, 0, 0, 0, 0, 0, 0, 0, 0, 0, 0, 0, 0, 0, 0, 0, 0, 0, 0, 0, 0, 0, 0, 0, 0, 0, 1, 1, 1, 1, 1, 1, 1, 1, 1, 1, 1, 1, 1, 1, 1, 1, 1, 1, 1, 1, 0, 0, 0, 0, 0, 0, 0, 0, 0, 0, 0, 0, 0, 0, 0, 0, 0], "is_anomalous": true, "anomaly_type": "variance_change", "anomaly_positions": [63, 64, 65, 66, 67, 68, 69, 70, 71, 72, 73, 74, 75, 76, 77, 78, 79, 80, 81, 82], "length": 100}