{"id": "anomalous_000146", "series": [54.6, 58.27, 55.77, 55.81, 59.85, 58.0, 56.03, 57.76, 57.81, 57.4, 54.35, 53.53, 55.49, 53.19, 49.18, 51.94, 47.48, 50.28, 46.69, 47.26, 49.6, 50.12, 48.98, 54.64, 53.31, 54.28, 54.63, 57.37, 55.95, 64.13, 61.61, 62.79, 57.64, 56.95, 57.23, 55.13, 55.65, 51.48, 53.98, 50.65, 49.88, 46.17, 48.48, 45.54, 48.96, 49.31, 52.28, 50.25, 54.73, 54.8, 55.87, 55.13, 59.03, 56.35, 58.47, 57.83, 56.01, 57.92, 31.71293488442027, 21.672934884420272, 24.60293488442027, 23.53293488442027, 21.14293488442027, 17.482934884420267, 19.25293488442027, 20.96293488442027, 21.382934884420273, 18.40293488442027, 49.06, 52.75, 51.18, 53.79, 55.77, 54.04, 54.93, 59.4, 59.6, 59.49, 59.89, 61.02, 59.59, 55.62, 57.83, 54.42, 53.67, 51.21, 53.0, 50.08, 47.69, 49.99, 47.12, 51.36, 50.63, 50.19, 49.12, 55.15, 56.47, 54.2, 58.79, 53.9], "labels": [0, 0, 0, 0, 0, 0, 0, 0, 0, 0, 0, 0, 0, 0, 0, 0, 0, 0, 0, 0, 0, 0, 0, 0, 0, 0, 0, 0, 0, 0, 0, 0, 0, 0, 0, 0, 0, 0, 0, 0, 0, 0, 0, 0, 0, 0, 0, 0, 0, 0, 0, 0, 0, 0, 0, 0, 0, 0, 1, 1, 1, 1, 1, 1, 1, 1, 1, 1, 0, 0, 0, 0, 0, 0, 0, 0, 0, 0, 0, 0, 0, 0, 0, 0, 0, 0, 0, 0, 0, 0, 0, 0, 0, 0, 0, 0, 0, 0, 0, 0], "is_anomalous": true, "anomaly_type": "shift", "anomaly_positions": [58, 59, 60, 61, 62, 63, 64, 65, 66, 67], "length": 100}