{"id": "anomalous_000234", "series": [57.28, 53.13, 60.72, 57.99, 61.18, 60.69, 61.42, 56.74, 60.74, 57.75, 61.0, 59.49, 50.57, 55.25, 51.72, 51.87, 51.88, 50.64, 50.19, 50.41, 51.49, 49.96, 54.38, 52.77, 55.21, 57.33, 61.31, 63.25, 62.72, 62.6, 59.55, 64.87, 60.01, 57.1, 64.2, 58.3, 60.65, 54.6, 55.41, 50.29, 52.0, 56.5, 32.868813869096456, 57.3845112441351, 47.585436664060595, 46.07061266641117, 60.63264264625521, 36.643615785350704, 57.441059673784395, 103.28017366787404, 83.23309878158304, 67.95264378704843, 59.27144536544298, 56.42459216408852, 83.40765980033558, 58.47279490389569, 63.13283562687226, 69.17832125533913, 82.3780956798855, 57.64923391697934, 55.8390583785102, 45.731746921173155, 51.11, 54.17, 54.17, 50.69, 49.28, 53.76, 56.26, 53.16, 54.96, 56.04, 62.31, 57.69, 61.55, 58.12, 60.59, 62.23, 62.46, 66.25, 64.17, 59.32, 61.53, 59.71, 58.61, 56.09, 53.91, 53.24, 54.12, 55.39, 51.92, 53.44, 52.92, 54.8, 58.4, 57.46, 62.23, 62.52, 59.3, 65.94], "labels": [0, 0, 0, 0, 0, 0, 0, 0, 0, 0, 0, 0, 0, 0, 0, 0, 0, 0, 0, 0, 0, 0, 0, 0, 0, 0, 0, 0, 0, 0, 0, 0, 0, 0, 0, 0, 0, 0, 0, 0, 0, 0, 1, 1, 1, 1, 1, 1, 1, 1, 1, 1, 1, 1, 1, 1, 1, 1, 1, 1, 1, 1, 0, 0, 0, 0, 0, 0, 0, 0, 0, 0, 0, 0, 0, 0, 0, 0, 0, 0, 0, 0, 0, 0, 0, 0, 0, 0, 0, 0, 0, 0, 0, 0, 0, 0, 0, 0, 0, 0], "is_anomalous": true, "anomaly_type": "variance_change", "anomaly_positions": [42, 43, 44, 45, 46, 47, 48, 49, 50, 51, 52, 53, 54, 55, 56, 57, 58, 59, 60, 61], "length": 100}