{"id": "anomalous_000188", "series": [53.97, 56.38, 53.25, 59.1, 57.58, 52.85, 60.5, 54.58, 58.92, 55.46, 53.9, 55.54, 58.31, 54.19, 49.58, 49.1, 52.0, 49.78, 46.8, 49.42, 44.45, 43.83, 53.33, 48.54, 52.36, 52.51, 52.89, 53.55, 58.95, 57.74, 56.54, 57.43, 58.09, 55.35, 56.11, 53.64, 58.33, 53.96, 48.68, 51.23, 45.16, 42.82, 47.97, 45.11, 47.33, 38.085577031958024, 47.513471955620304, 26.37546582863184, 71.86542409281384, 39.03034417586694, 53.06507428994712, 72.18087847488367, 77.3641641556303, 62.8959706745848, 61.878507084128564, 54.766664421655015, 56.56253215634956, 88.32471150381659, 48.43913923806927, 67.9135329883181, 39.18773235129085, 34.62654513695534, 52.11145328597068, 51.05068734820141, 64.61068037582834, 45.59, 48.54, 51.38, 52.81, 48.09, 50.79, 51.58, 51.47, 54.9, 55.37, 63.84, 58.91, 62.61, 61.35, 57.68, 54.46, 57.02, 54.22, 50.73, 54.8, 48.4, 51.44, 48.43, 50.52, 52.47, 49.87, 46.3, 50.68, 50.7, 47.1, 50.59, 54.82, 52.28, 57.21, 56.85], "labels": [0, 0, 0, 0, 0, 0, 0, 0, 0, 0, 0, 0, 0, 0, 0, 0, 0, 0, 0, 0, 0, 0, 0, 0, 0, 0, 0, 0, 0, 0, 0, 0, 0, 0, 0, 0, 0, 0, 0, 0, 0, 0, 0, 0, 0, 1, 1, 1, 1, 1, 1, 1, 1, 1, 1, 1, 1, 1, 1, 1, 1, 1, 1, 1, 1, 0, 0, 0, 0, 0, 0, 0, 0, 0, 0, 0, 0, 0, 0, 0, 0, 0, 0, 0, 0, 0, 0, 0, 0, 0, 0, 0, 0, 0, 0, 0, 0, 0, 0, 0], "is_anomalous": true, "anomaly_type": "variance_change", "anomaly_positions": [45, 46, 47, 48, 49, 50, 51, 52, 53, 54, 55, 56, 57, 58, 59, 60, 61, 62, 63, 64], "length": 100}