{"id": "anomalous_000524", "series": [46.55, 47.12, 49.11, 48.59, 50.37, 50.81, 51.56, 51.42, 50.62, 48.68, 49.76, 46.52, 46.15, 44.31, 43.97, 43.33, 41.9, 42.31, 40.4, 43.38, 43.74, 42.69, 43.5, 45.63, 43.71, 46.56, 49.62, 50.36, 49.99, 50.48, 49.97, 51.25, 48.81, 49.95, 49.52, 47.13, 45.07, 45.04, 42.16, 42.28, 42.76, 40.58, 42.15, 39.72, 38.71, 41.5, 40.49, 44.28, 45.19, 48.43, 46.34, 48.72, 50.44, 50.76, 50.58, 50.82, 50.53, 48.31, 46.68, 45.96, 44.98, 42.47, 44.01, 42.23, 7.709877217767271, 6.579877217767269, 4.829877217767269, 5.189877217767268, 6.649877217767269, 7.129877217767266, 10.369877217767268, 9.939877217767268, 12.339877217767267, 11.229877217767267, 48.42, 47.4, 48.38, 49.39, 49.11, 50.34, 47.34, 45.23, 47.09, 44.32, 43.52, 43.79, 40.71, 40.68, 40.9, 37.52, 40.52, 40.91, 40.73, 44.63, 42.07, 43.51, 43.4, 45.06, 45.64, 46.48], "labels": [0, 0, 0, 0, 0, 0, 0, 0, 0, 0, 0, 0, 0, 0, 0, 0, 0, 0, 0, 0, 0, 0, 0, 0, 0, 0, 0, 0, 0, 0, 0, 0, 0, 0, 0, 0, 0, 0, 0, 0, 0, 0, 0, 0, 0, 0, 0, 0, 0, 0, 0, 0, 0, 0, 0, 0, 0, 0, 0, 0, 0, 0, 0, 0, 1, 1, 1, 1, 1, 1, 1, 1, 1, 1, 0, 0, 0, 0, 0, 0, 0, 0, 0, 0, 0, 0, 0, 0, 0, 0, 0, 0, 0, 0, 0, 0, 0, 0, 0, 0], "is_anomalous": true, "anomaly_type": "shift", "anomaly_positions": [64, 65, 66, 67, 68, 69, 70, 71, 72, 73], "length": 100}