{"id": "anomalous_000531", "series": [52.9, 54.79, 54.41, 58.33, 58.71, 59.7, 58.52, 58.99, 55.53, 56.29, 57.18, 53.3, 57.07, 54.18, 50.32, 49.74, 50.08, 46.34, 48.43, 49.08, 49.5, 50.3, 51.77, 53.15, 54.17, 53.43, 57.06, 56.17, 57.22, 57.24, 58.91, 58.44, 57.35, 56.51, 55.56, 55.66, 54.02, 52.01, 50.93, 50.99, 49.73, 49.69, 48.97, 49.55, 52.42, 48.37, 50.92, 51.5, 53.38, 55.41, 56.94, 59.07, 57.88, 56.66, 59.68, 58.9, 57.77, 56.52, 57.08, 55.325668440194185, 54.259669685490486, 53.80404558917392, 53.60820518375209, 57.1957632351297, 55.709504732936615, 56.448426086353436, 59.80922245433648, 54.79570436489759, 55.983141174763, 56.99585689490391, 58.780383710941706, 71.85123448436731, 66.74036701113312, 64.91381494686314, 64.29346428617018, 74.68773509727352, 69.4353045812232, 86.0180671653402, 80.54165350865276, 75.11226051395401, 78.72247340264575, 85.60532113754198, 75.3958215565913, 82.13604167398336, 70.99764239978693, 71.30045902838083, 64.68822656166782, 88.69743436507052, 63.891198422445406, 92.83047043141144, 70.82523505678915, 71.43760798179288, 93.6123357530808, 93.34754030782001, 96.8226339367279, 99.26142869417306, 79.0954738575801, 105.9896796209449, 85.97498220310067, 95.95940424185889], "labels": [0, 0, 0, 0, 0, 0, 0, 0, 0, 0, 0, 0, 0, 0, 0, 0, 0, 0, 0, 0, 0, 0, 0, 0, 0, 0, 0, 0, 0, 0, 0, 0, 0, 0, 0, 0, 0, 0, 0, 0, 0, 0, 0, 0, 0, 0, 0, 0, 0, 0, 0, 0, 0, 0, 0, 0, 0, 0, 1, 1, 1, 1, 1, 1, 1, 1, 1, 1, 1, 1, 1, 1, 1, 1, 1, 1, 1, 1, 1, 1, 1, 1, 1, 1, 1, 1, 1, 1, 1, 1, 1, 1, 1, 1, 1, 1, 1, 1, 1, 1], "is_anomalous": true, "anomaly_type": "trend_change", "anomaly_positions": [58, 59, 60, 61, 62, 63, 64, 65, 66, 67, 68, 69, 70, 71, 72, 73, 74, 75, 76, 77, 78, 79, 80, 81, 82, 83, 84, 85, 86, 87, 88, 89, 90, 91, 92, 93, 94, 95, 96, 97, 98, 99], "length": 100}