{"id": "anomalous_000127", "series": [49.3, 50.52, 56.61, 54.75, 49.74, 53.63, 52.38, 49.28, 54.66, 49.59, 50.82, 45.88, 45.24, 43.57, 49.76, 42.06, 40.96, 40.13, 40.05, 46.38, 48.46, 47.93, 45.3, 42.94, 46.07, 50.93, 46.45, 52.41, 52.79, 55.14, 54.06, 51.79, 55.2, 50.42, 52.12, 48.78, 47.25, 40.52, 44.96, 45.69, 43.03, 46.08, 45.03, 42.94, 44.88, 45.479240457662605, 50.45890781122036, 48.63085776811807, 52.49846320909883, 50.066220529865, 55.63309389313961, 56.141730758155674, 63.792346172744516, 59.06993603481579, 61.28973738894219, 59.42478986565693, 62.730354800423335, 69.51273585659072, 65.31001073293777, 60.318053260092725, 69.97359422664437, 64.1928062373783, 62.0692278453092, 66.75576021590754, 54.82199740805977, 61.70554426143718, 65.35986987795403, 53.44841542322569, 79.7640241652225, 68.44673018254329, 59.8888273983694, 62.24715850701001, 70.06675839300439, 65.14604792824527, 63.56404312894195, 84.8270918659991, 96.81783450716355, 94.13470837234183, 82.13884669569254, 74.49989023979965, 87.62524845594609, 76.72376601438656, 93.40240788754394, 99.11143369347718, 77.86419658915173, 87.36697311759525, 76.55378305798088, 88.43123637632529, 82.99030562925063, 106.73822151481988, 74.09793805615486, 67.14609508279618, 90.93167319270671, 104.94747858206681, 110.16011724230137, 71.21992437533873, 118.44990976367424, 116.16926299311721, 86.95178568429552, 111.36597413707895], "labels": [0, 0, 0, 0, 0, 0, 0, 0, 0, 0, 0, 0, 0, 0, 0, 0, 0, 0, 0, 0, 0, 0, 0, 0, 0, 0, 0, 0, 0, 0, 0, 0, 0, 0, 0, 0, 0, 0, 0, 0, 0, 0, 0, 0, 1, 1, 1, 1, 1, 1, 1, 1, 1, 1, 1, 1, 1, 1, 1, 1, 1, 1, 1, 1, 1, 1, 1, 1, 1, 1, 1, 1, 1, 1, 1, 1, 1, 1, 1, 1, 1, 1, 1, 1, 1, 1, 1, 1, 1, 1, 1, 1, 1, 1, 1, 1, 1, 1, 1, 1], "is_anomalous": true, "anomaly_type": "trend_change", "anomaly_positions": [44, 45, 46, 47, 48, 49, 50, 51, 52, 53, 54, 55, 56, 57, 58, 59, 60, 61, 62, 63, 64, 65, 66, 67, 68, 69, 70, 71, 72, 73, 74, 75, 76, 77, 78, 79, 80, 81, 82, 83, 84, 85, 86, 87, 88, 89, 90, 91, 92, 93, 94, 95, 96, 97, 98, 99], "length": 100}