{"id": "anomalous_000429", "series": [51.72, 52.64, 50.68, 54.64, 55.55, 55.83, 56.58, 58.11, 54.19, 53.97, 53.69, 51.58, 49.47, 51.38, 46.79, 47.91, 45.92, 44.47, 45.55, 44.68, 46.4, 46.97, 49.15, 50.28, 51.49, 53.14, 53.41, 53.03, 54.89, 56.2, 56.76, 54.83, 56.53, 57.78, 54.27, 51.28, 51.83, 49.05, 50.61, 47.75, 48.17, 47.18, 45.73, 46.75, 45.37, 47.86, 48.42, 51.65, 50.89, 52.62, 53.75, 56.47, 55.41, 54.69, 56.97, 56.36, 56.27, 54.11, 52.27, 52.23, 49.92, 49.47, 49.75, 48.77, 47.48, 48.07, 45.9, 48.701349140980696, 49.72201448822946, 48.14050006867256, 53.92811969703473, 51.164432553244616, 61.61285811519954, 61.444575053492585, 60.71780809824741, 67.60955777554221, 70.28626440050462, 65.44392409949249, 66.1569522910506, 68.42633981567246, 65.10256921991439, 75.48769970772905, 70.12705916042813, 73.88832018692318, 65.07631065195748, 72.00653229364954, 79.38734891346247, 69.15610506195938, 60.34611067943993, 78.72826059020412, 80.4545836938245, 68.60233320928906, 85.83768014444026, 72.85477501815801, 67.5048028815233, 78.63263155627921, 95.03830188056389, 77.46963165786546, 93.91789795752737, 78.12536359264156], "labels": [0, 0, 0, 0, 0, 0, 0, 0, 0, 0, 0, 0, 0, 0, 0, 0, 0, 0, 0, 0, 0, 0, 0, 0, 0, 0, 0, 0, 0, 0, 0, 0, 0, 0, 0, 0, 0, 0, 0, 0, 0, 0, 0, 0, 0, 0, 0, 0, 0, 0, 0, 0, 0, 0, 0, 0, 0, 0, 0, 0, 0, 0, 0, 0, 0, 0, 1, 1, 1, 1, 1, 1, 1, 1, 1, 1, 1, 1, 1, 1, 1, 1, 1, 1, 1, 1, 1, 1, 1, 1, 1, 1, 1, 1, 1, 1, 1, 1, 1, 1], "is_anomalous": true, "anomaly_type": "trend_change", "anomaly_positions": [66, 67, 68, 69, 70, 71, 72, 73, 74, 75, 76, 77, 78, 79, 80, 81, 82, 83, 84, 85, 86, 87, 88, 89, 90, 91, 92, 93, 94, 95, 96, 97, 98, 99], "length": 100}