{"id": "anomalous_000182", "series": [45.03, 49.55, 47.1, 48.93, 49.34, 47.7, 51.23, 51.59, 47.33, 48.82, 48.34, 45.83, 45.98, 44.92, 39.79, 44.23, 40.84, 40.14, 39.33, 44.29, 41.54, 41.42, 44.29, 44.35, 45.91, 45.99, 46.09, 50.03, 47.78, 50.58, 50.69, 51.11, 50.08, 49.34, 48.82, 46.1, 46.22, 44.99, 45.01, 42.41, 40.83, 42.4, 41.29, 44.13, 40.5, 42.35, 43.7, 84.34568623771213, 88.72568623771213, 87.90568623771213, 87.76568623771213, 89.25568623771213, 90.99568623771214, 89.37568623771213, 92.41568623771212, 91.21568623771213, 90.94568623771212, 47.48, 48.35, 45.11, 44.45, 46.32, 44.51, 41.07, 42.52, 42.15, 41.08, 42.92, 42.88, 44.87, 42.37, 43.76, 47.14, 47.17, 46.56, 49.5, 53.79, 50.22, 50.69, 49.68, 56.9, 50.96, 48.46, 47.71, 45.58, 46.45, 43.69, 44.6, 42.52, 42.17, 41.83, 42.25, 41.64, 42.19, 42.38, 45.49, 48.38, 49.79, 48.49, 51.0], "labels": [0, 0, 0, 0, 0, 0, 0, 0, 0, 0, 0, 0, 0, 0, 0, 0, 0, 0, 0, 0, 0, 0, 0, 0, 0, 0, 0, 0, 0, 0, 0, 0, 0, 0, 0, 0, 0, 0, 0, 0, 0, 0, 0, 0, 0, 0, 0, 1, 1, 1, 1, 1, 1, 1, 1, 1, 1, 0, 0, 0, 0, 0, 0, 0, 0, 0, 0, 0, 0, 0, 0, 0, 0, 0, 0, 0, 0, 0, 0, 0, 0, 0, 0, 0, 0, 0, 0, 0, 0, 0, 0, 0, 0, 0, 0, 0, 0, 0, 0, 0], "is_anomalous": true, "anomaly_type": "shift", "anomaly_positions": [47, 48, 49, 50, 51, 52, 53, 54, 55, 56], "length": 100}