{"id": "anomalous_000304", "series": [48.04, 45.05, 48.5, 48.08, 50.09, 47.57, 50.67, 50.4, 53.14, 46.01, 46.67, 45.13, 47.27, 44.01, 43.53, 41.34, 39.78, 42.08, 41.19, 39.66, 41.99, 42.67, 44.07, 44.48, 47.46, 48.29, 48.16, 50.45, 50.13, 50.58, 52.22, 50.15, 50.97, 49.91, 49.04, 46.43, 31.113988064658873, 38.147245198019625, 28.568847210848677, 48.07952151897324, 38.074206452382384, 52.792372211219714, 38.21454837789096, 40.99308830862222, 35.89946920417146, 56.129703151678314, 45.985703514738084, 27.29891449692711, 57.89174809143539, 30.62310215297273, 55.49871670587866, 49.11678738285116, 10.217850005680603, 51.539984540186396, 38.57501423131182, 36.26632076290145, 50.59, 52.22, 48.28, 49.65, 47.83, 45.33, 41.74, 46.12, 42.93, 43.53, 42.67, 43.72, 43.24, 44.95, 41.38, 46.55, 47.26, 52.97, 52.09, 52.12, 49.91, 49.99, 52.91, 51.32, 52.48, 53.32, 50.97, 49.37, 48.86, 43.04, 45.97, 42.79, 41.28, 45.36, 44.57, 40.33, 43.43, 45.28, 44.93, 44.59, 47.79, 50.77, 49.3, 55.92], "labels": [0, 0, 0, 0, 0, 0, 0, 0, 0, 0, 0, 0, 0, 0, 0, 0, 0, 0, 0, 0, 0, 0, 0, 0, 0, 0, 0, 0, 0, 0, 0, 0, 0, 0, 0, 0, 1, 1, 1, 1, 1, 1, 1, 1, 1, 1, 1, 1, 1, 1, 1, 1, 1, 1, 1, 1, 0, 0, 0, 0, 0, 0, 0, 0, 0, 0, 0, 0, 0, 0, 0, 0, 0, 0, 0, 0, 0, 0, 0, 0, 0, 0, 0, 0, 0, 0, 0, 0, 0, 0, 0, 0, 0, 0, 0, 0, 0, 0, 0, 0], "is_anomalous": true, "anomaly_type": "variance_change", "anomaly_positions": [36, 37, 38, 39, 40, 41, 42, 43, 44, 45, 46, 47, 48, 49, 50, 51, 52, 53, 54, 55], "length": 100}