{"id": "anomalous_000071", "series": [44.22, 48.67, 45.6, 50.94, 51.2, 51.42, 49.34, 51.33, 49.81, 49.87, 48.76, 45.54, 50.05, 43.6, 40.46, 43.28, 41.21, 36.91, 42.97, 44.42, 42.99, 42.97, 42.0, 45.46, 47.41, 47.63, 46.81, 49.15, 48.61, 48.87, 46.38, 49.58, 47.91, 47.65, 52.0, 46.88, 44.91, 45.89, 46.53, 45.37, 38.39, 41.07, 43.55, 37.76, 41.06, 39.26, 41.07, 42.05, 45.1, 45.78, 48.78, 47.71, 47.92, 49.39, 50.57, 50.32, 48.73, 52.36341988526029, 51.36007469998035, 47.80260787157706, 54.27981751322948, 45.76292391316986, 46.99709779752654, 41.79457309114973, 49.20712609772407, 54.96933885560565, 55.60120561405377, 46.5350148982945, 57.882291552023354, 60.84114965100747, 55.96931618319811, 61.72927202656652, 56.82399711172431, 60.274605704781315, 72.84815507562934, 74.06307102158596, 76.84952989967722, 68.8617793085019, 83.54305522197699, 67.71271137327196, 74.59445652937353, 85.14831367589728, 64.99502228263306, 86.57198732907676, 77.2113888387488, 79.48259540467849, 73.59961484503617, 62.60190973511449, 65.97749130077722, 86.67335722386552, 64.63773439187028, 78.61210507586809, 94.45117744884011, 76.7959742211282, 84.12171405025099, 75.97208053694204, 82.86212956200997, 79.68320267720358, 91.25714060054312, 82.13191585764987], "labels": [0, 0, 0, 0, 0, 0, 0, 0, 0, 0, 0, 0, 0, 0, 0, 0, 0, 0, 0, 0, 0, 0, 0, 0, 0, 0, 0, 0, 0, 0, 0, 0, 0, 0, 0, 0, 0, 0, 0, 0, 0, 0, 0, 0, 0, 0, 0, 0, 0, 0, 0, 0, 0, 0, 0, 0, 1, 1, 1, 1, 1, 1, 1, 1, 1, 1, 1, 1, 1, 1, 1, 1, 1, 1, 1, 1, 1, 1, 1, 1, 1, 1, 1, 1, 1, 1, 1, 1, 1, 1, 1, 1, 1, 1, 1, 1, 1, 1, 1, 1], "is_anomalous": true, "anomaly_type": "trend_change", "anomaly_positions": [56, 57, 58, 59, 60, 61, 62, 63, 64, 65, 66, 67, 68, 69, 70, 71, 72, 73, 74, 75, 76, 77, 78, 79, 80, 81, 82, 83, 84, 85, 86, 87, 88, 89, 90, 91, 92, 93, 94, 95, 96, 97, 98, 99], "length": 100}