{"id": "anomalous_000033", "series": [45.32, 47.41, 50.54, 52.56, 51.75, 52.67, 54.88, 53.22, 54.99, 53.27, 51.7, 51.1, 47.77, 50.17, 45.19, 45.64, 45.36, 43.83, 42.56, 43.75, 42.93, 46.06, 45.56, 47.82, 50.85, 51.59, 52.91, 53.31, 54.69, 53.16, 52.11, 54.67, 53.85, 51.37, 53.69, 51.89, 50.98, 48.43, 46.97, 45.13, 43.92, 46.51, 46.18, 43.29, 49.07, 47.01, 48.62, 49.39, 49.0, 52.55, 52.19, 51.71, 54.11, 56.06, 55.34, 56.21, 52.71, 52.06, 55.09, 53.35, 50.78, 50.07, 48.13, 47.04, 46.08, 45.83, 44.01, 80.14391769384274, 78.62391769384274, 82.27391769384275, 80.67391769384274, 82.92391769384274, 83.85391769384273, 84.05391769384275, 87.48391769384274, 88.85391769384273, 90.72391769384274, 55.77, 54.21, 58.5, 56.44, 53.93, 54.43, 54.58, 50.12, 48.92, 48.27, 49.53, 46.67, 46.13, 47.46, 45.53, 47.79, 46.89, 49.31, 48.25, 51.44, 54.07, 53.94, 53.79], "labels": [0, 0, 0, 0, 0, 0, 0, 0, 0, 0, 0, 0, 0, 0, 0, 0, 0, 0, 0, 0, 0, 0, 0, 0, 0, 0, 0, 0, 0, 0, 0, 0, 0, 0, 0, 0, 0, 0, 0, 0, 0, 0, 0, 0, 0, 0, 0, 0, 0, 0, 0, 0, 0, 0, 0, 0, 0, 0, 0, 0, 0, 0, 0, 0, 0, 0, 0, 1, 1, 1, 1, 1, 1, 1, 1, 1, 1, 0, 0, 0, 0, 0, 0, 0, 0, 0, 0, 0, 0, 0, 0, 0, 0, 0, 0, 0, 0, 0, 0, 0], "is_anomalous": true, "anomaly_type": "shift", "anomaly_positions": [67, 68, 69, 70, 71, 72, 73, 74, 75, 76], "length": 100}