{"id": "anomalous_000680", "series": [51.39, 48.73, 52.67, 56.37, 54.17, 53.37, 52.15, 57.47, 53.21, 53.69, 50.61, 48.69, 50.7, 47.85, 47.72, 45.86, 43.51, 49.43, 44.4, 38.17, 47.06, 48.81, 48.87, 48.58, 51.84, 51.6, 50.1, 55.38, 53.29, 57.77, 59.58, 55.65, 51.6, 51.27, 52.46, 56.01, 50.33, 48.94, 46.21, 49.82, 48.02, 48.01, 43.45, 43.88, 48.69, 48.22, 50.88, 46.13, 49.7, 51.53, 52.79, 54.04, 54.82, 62.53, 56.23, 62.2, 60.86, 52.87, 54.85, 50.98, 50.51, 55.65, 52.9, 50.05, 46.04, 48.828098724651426, 52.03868638413786, 48.86878732896681, 55.7370749084534, 57.88288496797596, 49.749271150504306, 54.237816736080255, 63.42794144597495, 67.90099005350882, 64.83044527833692, 63.48771367867972, 67.04034603859535, 68.0712731002678, 72.17253116604203, 77.09756814965797, 79.02458131042403, 74.84895477382514, 62.7478175361317, 73.55657876819659, 67.07938540342022, 60.97404062292384, 70.46871668601554, 71.70322208797603, 82.01685295469763, 75.8907534267079, 61.5003531270371, 87.03509089544501, 72.69808745842207, 73.12005424883543, 93.8443299157065, 92.19761373276046, 102.99186235569044, 104.04833023044449, 85.76052424903145, 85.8557163285678], "labels": [0, 0, 0, 0, 0, 0, 0, 0, 0, 0, 0, 0, 0, 0, 0, 0, 0, 0, 0, 0, 0, 0, 0, 0, 0, 0, 0, 0, 0, 0, 0, 0, 0, 0, 0, 0, 0, 0, 0, 0, 0, 0, 0, 0, 0, 0, 0, 0, 0, 0, 0, 0, 0, 0, 0, 0, 0, 0, 0, 0, 0, 0, 0, 0, 1, 1, 1, 1, 1, 1, 1, 1, 1, 1, 1, 1, 1, 1, 1, 1, 1, 1, 1, 1, 1, 1, 1, 1, 1, 1, 1, 1, 1, 1, 1, 1, 1, 1, 1, 1], "is_anomalous": true, "anomaly_type": "trend_change", "anomaly_positions": [64, 65, 66, 67, 68, 69, 70, 71, 72, 73, 74, 75, 76, 77, 78, 79, 80, 81, 82, 83, 84, 85, 86, 87, 88, 89, 90, 91, 92, 93, 94, 95, 96, 97, 98, 99], "length": 100}