{"id": "anomalous_000063", "series": [48.61, 53.45, 50.49, 49.73, 53.91, 53.55, 54.81, 51.89, 51.79, 55.43, 54.38, 50.91, 50.89, 54.59, 50.84, 45.34, 47.34, 50.42, 43.17, 46.12, 47.23, 43.74, 49.97, 55.08, 50.43, 53.12, 50.04, 55.07, 56.07, 54.11, 58.72, 58.67, 52.79, 53.72, 56.96, 44.51, 51.82, 50.21, 44.42, 41.94, 45.64, 41.82, 44.57, 48.14, 47.4128841059055, 48.2509157680813, 51.02367967043472, 53.110440317843725, 53.30179059700841, 55.53301193650365, 60.50213686340093, 56.86197721559988, 65.94966655424092, 65.72116639942229, 69.11376760894953, 74.45737850602094, 71.31571874817192, 65.48147525013704, 65.32404518523609, 68.77016197852896, 73.3562286062466, 72.28927310386507, 65.35975199611848, 68.72645596365895, 69.53410795979457, 66.69746058293087, 77.18553880558962, 83.7179927939402, 80.80603551326382, 84.50101830917477, 72.26466599978036, 92.7399798751429, 95.62233288212026, 86.15903913750464, 72.79874355134476, 86.69998326012701, 85.69671846409804, 92.57657860671162, 79.87932823587494, 83.58621115998548, 90.50611439253484, 79.38687674519147, 73.66031288212255, 92.04680175402925, 102.37600723012972, 95.02511436521175, 80.67139732117707, 70.06176020671197, 73.65400308088874, 87.88970386131858, 97.50430969397486, 117.52557271854334, 98.61880356895031, 78.53718545835459, 106.71574800836143, 119.89069815002136, 118.61177697541538, 85.14385594704565, 105.48592595733096, 127.69422829980527], "labels": [0, 0, 0, 0, 0, 0, 0, 0, 0, 0, 0, 0, 0, 0, 0, 0, 0, 0, 0, 0, 0, 0, 0, 0, 0, 0, 0, 0, 0, 0, 0, 0, 0, 0, 0, 0, 0, 0, 0, 0, 0, 0, 0, 1, 1, 1, 1, 1, 1, 1, 1, 1, 1, 1, 1, 1, 1, 1, 1, 1, 1, 1, 1, 1, 1, 1, 1, 1, 1, 1, 1, 1, 1, 1, 1, 1, 1, 1, 1, 1, 1, 1, 1, 1, 1, 1, 1, 1, 1, 1, 1, 1, 1, 1, 1, 1, 1, 1, 1, 1], "is_anomalous": true, "anomaly_type": "trend_change", "anomaly_positions": [43, 44, 45, 46, 47, 48, 49, 50, 51, 52, 53, 54, 55, 56, 57, 58, 59, 60, 61, 62, 63, 64, 65, 66, 67, 68, 69, 70, 71, 72, 73, 74, 75, 76, 77, 78, 79, 80, 81, 82, 83, 84, 85, 86, 87, 88, 89, 90, 91, 92, 93, 94, 95, 96, 97, 98, 99], "length": 100}