{"id": "anomalous_000746", "series": [46.47, 47.44, 51.4, 47.91, 53.01, 53.9, 53.49, 50.87, 52.89, 51.46, 52.92, 51.02, 48.96, 48.3, 44.21, 45.5, 46.29, 45.3, 40.1, 40.73, 44.48, 42.77, 48.24, 45.83, 51.06, 47.92, 49.1, 53.9, 54.55, 53.24, 53.02, 53.89, 51.06, 51.52, 52.45, 52.51, 47.14, 47.51, 47.0, 44.02, 39.48, 41.32, 42.59, 43.98, 43.19, 44.91, 44.38, 46.8, 49.13, 49.22, 50.82, 52.22, 55.11, 43.85056134268652, 38.758794908514034, 52.11292713786995, 81.02335334157556, 53.17136120946415, 52.972118261875735, 33.504443830920806, 30.528072314232737, 35.649116223182645, 8.399625727921865, 49.76445207124094, 45.25106407365181, 40.11297450969392, 67.26190193177462, 31.551261319476033, 17.92958068980232, 59.52170763460286, 55.21806583377971, 55.67757976340896, 47.324400729252375, 51.1, 49.26, 54.25, 50.63, 50.63, 50.29, 51.78, 52.67, 51.84, 48.44, 49.37, 51.98, 45.77, 41.04, 42.34, 45.81, 43.63, 43.82, 42.23, 45.08, 42.12, 44.82, 45.72, 46.47, 49.67, 52.19, 49.81], "labels": [0, 0, 0, 0, 0, 0, 0, 0, 0, 0, 0, 0, 0, 0, 0, 0, 0, 0, 0, 0, 0, 0, 0, 0, 0, 0, 0, 0, 0, 0, 0, 0, 0, 0, 0, 0, 0, 0, 0, 0, 0, 0, 0, 0, 0, 0, 0, 0, 0, 0, 0, 0, 0, 1, 1, 1, 1, 1, 1, 1, 1, 1, 1, 1, 1, 1, 1, 1, 1, 1, 1, 1, 1, 0, 0, 0, 0, 0, 0, 0, 0, 0, 0, 0, 0, 0, 0, 0, 0, 0, 0, 0, 0, 0, 0, 0, 0, 0, 0, 0], "is_anomalous": true, "anomaly_type": "variance_change", "anomaly_positions": [53, 54, 55, 56, 57, 58, 59, 60, 61, 62, 63, 64, 65, 66, 67, 68, 69, 70, 71, 72], "length": 100}