{"id": "anomalous_000441", "series": [51.95, 49.22, 52.83, 52.23, 56.58, 57.01, 55.09, 56.51, 55.07, 52.6, 53.66, 51.1, 51.08, 48.2, 48.99, 48.04, 49.42, 47.78, 46.24, 47.36, 49.31, 48.02, 47.99, 48.41, 51.2, 51.64, 55.6, 55.46, 57.39, 56.07, 57.28, 57.01, 56.3, 56.91, 55.98, 54.76, 52.38, 54.35, 47.46, 21.92185152087501, 25.151851520875013, 21.74185152087501, 24.13185152087501, 22.60185152087501, 25.501851520875007, 24.581851520875013, 28.571851520875008, 29.071851520875008, 31.78185152087501, 53.25, 54.01, 58.01, 55.0, 58.73, 57.07, 58.95, 57.36, 57.11, 54.41, 54.8, 55.1, 51.82, 50.66, 51.44, 45.69, 48.18, 48.89, 45.99, 49.61, 49.89, 52.86, 50.06, 54.31, 55.88, 58.53, 59.91, 57.66, 56.85, 59.79, 58.13, 57.43, 56.18, 51.62, 55.55, 55.55, 52.71, 53.05, 49.93, 50.61, 51.46, 51.8, 46.02, 47.33, 50.83, 50.41, 54.78, 54.17, 56.82, 56.06, 54.82], "labels": [0, 0, 0, 0, 0, 0, 0, 0, 0, 0, 0, 0, 0, 0, 0, 0, 0, 0, 0, 0, 0, 0, 0, 0, 0, 0, 0, 0, 0, 0, 0, 0, 0, 0, 0, 0, 0, 0, 0, 1, 1, 1, 1, 1, 1, 1, 1, 1, 1, 0, 0, 0, 0, 0, 0, 0, 0, 0, 0, 0, 0, 0, 0, 0, 0, 0, 0, 0, 0, 0, 0, 0, 0, 0, 0, 0, 0, 0, 0, 0, 0, 0, 0, 0, 0, 0, 0, 0, 0, 0, 0, 0, 0, 0, 0, 0, 0, 0, 0, 0], "is_anomalous": true, "anomaly_type": "shift", "anomaly_positions": [39, 40, 41, 42, 43, 44, 45, 46, 47, 48], "length": 100}