{"id": "anomalous_000663", "series": [50.83, 51.62, 55.45, 54.12, 57.36, 55.57, 56.44, 57.97, 55.16, 55.18, 55.27, 52.69, 51.19, 51.17, 48.46, 46.91, 49.15, 48.21, 45.79, 49.01, 46.47, 50.3, 48.34, 50.75, 50.63, 51.92, 52.85, 55.02, 53.18, 56.45, 56.27, 55.29, 56.36, 74.84750813406632, 67.3699258534386, 66.75494160220009, 66.48523532567759, 35.3504815945894, 56.502779311291, 43.89469244256447, 27.723956778103776, 35.8535375268095, 61.85739765784182, 43.18352530615043, 35.69620454305768, 21.59041916625182, 40.51029465845016, 46.00800812830855, 85.72515080671073, 66.20022414877161, 75.8363980383589, 62.093787428060395, 60.74843544962241, 56.9, 56.47, 54.67, 55.79, 55.27, 53.81, 51.32, 50.63, 48.02, 46.55, 48.84, 47.64, 46.31, 47.72, 45.65, 46.24, 46.71, 50.79, 50.1, 51.26, 52.2, 55.0, 54.67, 54.85, 56.24, 57.42, 55.36, 56.06, 56.7, 54.48, 53.47, 51.48, 50.68, 52.17, 46.74, 45.97, 46.68, 43.98, 45.17, 46.88, 48.94, 49.77, 50.84, 53.2, 51.43, 53.34, 56.18], "labels": [0, 0, 0, 0, 0, 0, 0, 0, 0, 0, 0, 0, 0, 0, 0, 0, 0, 0, 0, 0, 0, 0, 0, 0, 0, 0, 0, 0, 0, 0, 0, 0, 0, 1, 1, 1, 1, 1, 1, 1, 1, 1, 1, 1, 1, 1, 1, 1, 1, 1, 1, 1, 1, 0, 0, 0, 0, 0, 0, 0, 0, 0, 0, 0, 0, 0, 0, 0, 0, 0, 0, 0, 0, 0, 0, 0, 0, 0, 0, 0, 0, 0, 0, 0, 0, 0, 0, 0, 0, 0, 0, 0, 0, 0, 0, 0, 0, 0, 0, 0], "is_anomalous": true, "anomaly_type": "variance_change", "anomaly_positions": [33, 34, 35, 36, 37, 38, 39, 40, 41, 42, 43, 44, 45, 46, 47, 48, 49, 50, 51, 52], "length": 100}