{"id": "anomalous_000159", "series": [48.08, 49.73, 51.04, 50.53, 52.52, 53.64, 50.42, 52.5, 54.0, 53.97, 49.15, 49.88, 52.49, 46.4, 46.9, 40.95, 46.05, 43.02, 46.37, 43.69, 44.9, 48.09, 43.91, 47.87, 47.04, 45.39, 53.45, 54.8, 54.04, 53.3, 55.76, 51.45, 57.07, 57.3, 51.67, 50.31, 52.1, 48.59, 45.3, 44.15, 42.52, 45.77, 46.52, 42.09, 64.19751017825696, 43.57500771677032, 44.67474642230731, 52.2114107207486, 44.69663710558301, 70.67122236855843, 53.976458153748986, 59.08802754812991, 73.79373357037275, 36.44917299400146, 61.11794081789314, 58.105611748900444, 44.65520917871724, 63.179855456624864, 57.01545476488716, 58.792880336795676, 61.5819817726394, 52.473194305108606, 68.6440794724289, 40.087448487655294, 47.03, 45.38, 45.38, 47.94, 43.38, 48.9, 49.69, 48.7, 50.34, 53.26, 51.88, 54.25, 55.36, 54.92, 54.67, 56.71, 52.51, 55.84, 52.31, 48.15, 49.99, 51.6, 46.12, 46.47, 47.19, 44.2, 45.2, 43.52, 47.92, 50.07, 51.53, 51.44, 53.03, 54.08, 53.59, 53.87], "labels": [0, 0, 0, 0, 0, 0, 0, 0, 0, 0, 0, 0, 0, 0, 0, 0, 0, 0, 0, 0, 0, 0, 0, 0, 0, 0, 0, 0, 0, 0, 0, 0, 0, 0, 0, 0, 0, 0, 0, 0, 0, 0, 0, 0, 1, 1, 1, 1, 1, 1, 1, 1, 1, 1, 1, 1, 1, 1, 1, 1, 1, 1, 1, 1, 0, 0, 0, 0, 0, 0, 0, 0, 0, 0, 0, 0, 0, 0, 0, 0, 0, 0, 0, 0, 0, 0, 0, 0, 0, 0, 0, 0, 0, 0, 0, 0, 0, 0, 0, 0], "is_anomalous": true, "anomaly_type": "variance_change", "anomaly_positions": [44, 45, 46, 47, 48, 49, 50, 51, 52, 53, 54, 55, 56, 57, 58, 59, 60, 61, 62, 63], "length": 100}