{"id": "anomalous_000495", "series": [46.83, 49.28, 51.93, 55.82, 52.97, 51.65, 53.06, 55.57, 57.04, 52.42, 56.28, 50.5, 51.96, 50.82, 46.26, 42.14, 42.32, 45.56, 44.78, 49.48, 40.68, 43.29, 48.51, 48.0, 47.21, 49.67, 53.44, 49.84, 52.0, 53.51, 55.16, 55.95, 52.97, 46.75, 54.77, 54.18, 46.92, 48.4, 47.99, 42.19, 42.1, 47.63, 44.8, 41.41, 44.07, 45.05, 46.05, 47.41, 33.63277367713019, 40.381872552222106, 46.261748769176904, 45.70914057037953, 41.81890131230268, 43.4175251042641, 59.34670524902497, 41.829938835336876, 39.67730463181206, 74.9421303533606, 47.02427560754387, 54.31835537576522, 66.27252739946486, 52.619267527689814, 38.57211292176924, 41.993010933640385, 44.18914876772146, 36.75395443204059, 33.23721663819148, 53.90252345522175, 41.55, 40.98, 44.83, 50.17, 45.13, 49.08, 46.74, 49.26, 50.53, 53.82, 50.35, 46.29, 52.17, 46.82, 48.62, 50.95, 48.64, 46.72, 42.06, 42.08, 45.52, 41.53, 40.67, 40.93, 46.42, 39.48, 40.02, 47.71, 50.39, 43.14, 45.68, 51.54], "labels": [0, 0, 0, 0, 0, 0, 0, 0, 0, 0, 0, 0, 0, 0, 0, 0, 0, 0, 0, 0, 0, 0, 0, 0, 0, 0, 0, 0, 0, 0, 0, 0, 0, 0, 0, 0, 0, 0, 0, 0, 0, 0, 0, 0, 0, 0, 0, 0, 1, 1, 1, 1, 1, 1, 1, 1, 1, 1, 1, 1, 1, 1, 1, 1, 1, 1, 1, 1, 0, 0, 0, 0, 0, 0, 0, 0, 0, 0, 0, 0, 0, 0, 0, 0, 0, 0, 0, 0, 0, 0, 0, 0, 0, 0, 0, 0, 0, 0, 0, 0], "is_anomalous": true, "anomaly_type": "variance_change", "anomaly_positions": [48, 49, 50, 51, 52, 53, 54, 55, 56, 57, 58, 59, 60, 61, 62, 63, 64, 65, 66, 67], "length": 100}