{"id": "anomalous_000032", "series": [54.99, 50.01, 52.7, 59.54, 55.77, 54.84, 61.07, 55.81, 60.19, 57.09, 57.35, 54.16, 50.98, 55.08, 47.19, 50.5, 47.56, 50.49, 51.96, 46.57, 49.62, 52.58, 43.94, 49.49, 55.64, 51.01, 49.71, 58.17, 60.4, 61.84, 64.6, 61.35, 58.85, 61.45, 54.68, 52.77, 52.6, 56.28, 50.3, 46.92, 48.24, 46.04, 46.78, 48.35, 51.12, 55.88, 52.62, 51.46, 54.41, 56.27, 56.37, 58.34, 57.43, 64.18, 59.73, 58.64, 64.93, 55.05, 52.99, 55.4, 57.54, 49.71, 54.35, 49.63, 54.23, 53.85, 50.86803702994223, 46.93628858751872, 55.62200197193019, 55.466201124032175, 55.77148157600935, 60.247868811487514, 65.64586928828268, 62.19015888028998, 65.92030482306362, 70.67290544756344, 72.06071019570881, 72.24443381190044, 66.43062320512287, 64.69199170282384, 79.62449558752257, 81.23926737938478, 83.14700011656147, 81.47527812189017, 80.37266520607196, 68.14325786703273, 66.23079683078507, 70.93580992635796, 80.90293817346233, 87.24768170352351, 73.6973032889925, 68.13809405012884, 73.69723789428134, 73.36067305465632, 83.22209991081493, 69.53391329291871, 88.81773767053629, 77.49020659883836, 75.81763296385438, 81.96074665152938], "labels": [0, 0, 0, 0, 0, 0, 0, 0, 0, 0, 0, 0, 0, 0, 0, 0, 0, 0, 0, 0, 0, 0, 0, 0, 0, 0, 0, 0, 0, 0, 0, 0, 0, 0, 0, 0, 0, 0, 0, 0, 0, 0, 0, 0, 0, 0, 0, 0, 0, 0, 0, 0, 0, 0, 0, 0, 0, 0, 0, 0, 0, 0, 0, 0, 0, 1, 1, 1, 1, 1, 1, 1, 1, 1, 1, 1, 1, 1, 1, 1, 1, 1, 1, 1, 1, 1, 1, 1, 1, 1, 1, 1, 1, 1, 1, 1, 1, 1, 1, 1], "is_anomalous": true, "anomaly_type": "trend_change", "anomaly_positions": [65, 66, 67, 68, 69, 70, 71, 72, 73, 74, 75, 76, 77, 78, 79, 80, 81, 82, 83, 84, 85, 86, 87, 88, 89, 90, 91, 92, 93, 94, 95, 96, 97, 98, 99], "length": 100}