{"id": "anomalous_000016", "series": [54.39, 53.58, 55.24, 53.63, 49.75, 58.21, 57.92, 60.46, 54.96, 56.12, 52.62, 50.86, 51.53, 53.74, 49.48, 46.02, 49.09, 49.65, 46.89, 46.95, 40.57, 49.89, 50.46, 51.59, 53.99, 54.8, 54.65, 55.07, 59.43, 54.39, 56.24, 55.61, 56.85, 55.35, 54.72, 58.21, 54.28, 51.29, 47.3, 47.78, 44.61, 47.49, 42.81, 47.41, 85.81353296576452, 83.81353296576452, 85.06353296576452, 85.04353296576451, 91.32353296576451, 87.51353296576451, 92.21353296576453, 87.22353296576452, 90.99353296576453, 95.34353296576452, 57.12, 55.18, 58.97, 52.26, 52.16, 51.1, 48.21, 49.27, 48.27, 47.63, 48.19, 43.84, 46.11, 48.5, 48.46, 47.34, 49.71, 52.24, 50.02, 54.82, 55.67, 58.12, 55.13, 55.83, 55.26, 55.94, 56.69, 57.18, 55.64, 54.18, 49.76, 52.19, 49.69, 47.28, 50.63, 50.47, 43.5, 49.3, 50.12, 48.44, 50.72, 52.69, 50.5, 54.3, 55.59, 54.54], "labels": [0, 0, 0, 0, 0, 0, 0, 0, 0, 0, 0, 0, 0, 0, 0, 0, 0, 0, 0, 0, 0, 0, 0, 0, 0, 0, 0, 0, 0, 0, 0, 0, 0, 0, 0, 0, 0, 0, 0, 0, 0, 0, 0, 0, 1, 1, 1, 1, 1, 1, 1, 1, 1, 1, 0, 0, 0, 0, 0, 0, 0, 0, 0, 0, 0, 0, 0, 0, 0, 0, 0, 0, 0, 0, 0, 0, 0, 0, 0, 0, 0, 0, 0, 0, 0, 0, 0, 0, 0, 0, 0, 0, 0, 0, 0, 0, 0, 0, 0, 0], "is_anomalous": true, "anomaly_type": "shift", "anomaly_positions": [44, 45, 46, 47, 48, 49, 50, 51, 52, 53], "length": 100}