{"id": "anomalous_000014", "series": [52.63, 51.92, 52.6, 53.92, 55.19, 55.16, 56.09, 54.55, 54.27, 51.14, 50.28, 57.39, 49.56, 49.27, 44.23, 48.79, 46.5, 44.56, 46.52, 47.2, 46.54, 46.61, 47.76, 45.72, 50.8, 51.98, 55.81, 52.3, 54.88, 56.38, 57.22, 62.24, 53.01, 51.07, 54.46, 50.65, 50.92, 51.2, 48.49, 48.16, 47.27, 48.75, 45.87, 46.12557047863831, 49.98803382851735, 48.36167278285186, 55.43517697131021, 50.56329572294267, 61.0117319647339, 59.018844829568984, 63.684964319401054, 57.73375901757621, 65.96151161741943, 64.39320862275925, 76.78211807096437, 65.7163467715591, 68.08534264009387, 64.2468478668788, 73.57194250899522, 60.86643963618828, 70.98519319757784, 70.05595714474183, 76.71159268377731, 62.58554281163858, 62.8363814911981, 77.88426170615064, 73.76701863294481, 64.96086622881629, 61.77752827838884, 82.89440491705636, 90.65895210346083, 74.90850577457365, 93.4865120826197, 84.03456814938357, 100.28764748085975, 96.35811474146155, 76.91845825666786, 77.00069524961513, 98.67408521004953, 103.78776641336955, 95.85359774766934, 81.42103486341223, 98.75889809435427, 105.98615175966282, 113.35641178781644, 96.80437566880646, 111.06843323097709, 118.99249885901034, 116.82365379958625, 93.93735839325944, 86.69346114112057, 79.07866642252921, 119.38036227818358, 101.1242150117429, 91.74025830362886, 127.4549061008441, 116.53721028424667, 97.95751595931432, 82.81791646252218, 141.27930276638216], "labels": [0, 0, 0, 0, 0, 0, 0, 0, 0, 0, 0, 0, 0, 0, 0, 0, 0, 0, 0, 0, 0, 0, 0, 0, 0, 0, 0, 0, 0, 0, 0, 0, 0, 0, 0, 0, 0, 0, 0, 0, 0, 0, 1, 1, 1, 1, 1, 1, 1, 1, 1, 1, 1, 1, 1, 1, 1, 1, 1, 1, 1, 1, 1, 1, 1, 1, 1, 1, 1, 1, 1, 1, 1, 1, 1, 1, 1, 1, 1, 1, 1, 1, 1, 1, 1, 1, 1, 1, 1, 1, 1, 1, 1, 1, 1, 1, 1, 1, 1, 1], "is_anomalous": true, "anomaly_type": "trend_change", "anomaly_positions": [42, 43, 44, 45, 46, 47, 48, 49, 50, 51, 52, 53, 54, 55, 56, 57, 58, 59, 60, 61, 62, 63, 64, 65, 66, 67, 68, 69, 70, 71, 72, 73, 74, 75, 76, 77, 78, 79, 80, 81, 82, 83, 84, 85, 86, 87, 88, 89, 90, 91, 92, 93, 94, 95, 96, 97, 98, 99], "length": 100}