{"id": "anomalous_000142", "series": [52.9, 54.95, 57.36, 59.02, 58.08, 57.84, 57.83, 59.89, 59.54, 58.86, 53.17, 54.58, 54.0, 52.01, 53.19, 50.44, 47.73, 50.46, 48.13, 47.31, 49.75, 51.57, 53.07, 51.86, 53.8, 52.16, 56.42, 56.42, 58.34, 58.91, 59.21, 60.45, 55.4, 55.53, 56.07, 54.56, 51.83, 52.09, 51.14, 53.53, 51.52, 48.49, 47.68, 50.0, 49.33, 49.59, 51.89, 52.66, 53.79, 56.11, 54.78, 57.04, 57.86, 60.32, 58.39, 57.98, 58.12, 57.88, 57.06, 55.44, 55.84, 48.29, 51.11, 49.26, 48.93, 49.67914910366725, 51.90694406920754, 54.67754220761256, 56.167566275750666, 55.85873752989448, 58.59651099194135, 63.035274929568686, 64.20444005567269, 62.746971279303935, 70.45193199626381, 64.99911639170122, 70.29634258361766, 75.57620160080938, 76.41003147528164, 75.21055118125827, 71.30519154620742, 68.3671465074586, 69.46239773017103, 82.27223160339095, 75.43423025737494, 84.41023710789322, 67.64014300915785, 70.21709976142472, 84.81086425006905, 76.13854805965615, 67.17221855144506, 67.38506916767815, 76.74150142517193, 90.40960708064782, 99.09196655834361, 97.78614951564515, 71.90545896749013, 75.75138888372305, 89.5978629691223, 85.87263225714855], "labels": [0, 0, 0, 0, 0, 0, 0, 0, 0, 0, 0, 0, 0, 0, 0, 0, 0, 0, 0, 0, 0, 0, 0, 0, 0, 0, 0, 0, 0, 0, 0, 0, 0, 0, 0, 0, 0, 0, 0, 0, 0, 0, 0, 0, 0, 0, 0, 0, 0, 0, 0, 0, 0, 0, 0, 0, 0, 0, 0, 0, 0, 0, 0, 0, 1, 1, 1, 1, 1, 1, 1, 1, 1, 1, 1, 1, 1, 1, 1, 1, 1, 1, 1, 1, 1, 1, 1, 1, 1, 1, 1, 1, 1, 1, 1, 1, 1, 1, 1, 1], "is_anomalous": true, "anomaly_type": "trend_change", "anomaly_positions": [64, 65, 66, 67, 68, 69, 70, 71, 72, 73, 74, 75, 76, 77, 78, 79, 80, 81, 82, 83, 84, 85, 86, 87, 88, 89, 90, 91, 92, 93, 94, 95, 96, 97, 98, 99], "length": 100}