{"id": "anomalous_000596", "series": [45.57, 46.34, 46.2, 49.08, 49.45, 49.5, 49.27, 52.27, 49.34, 48.12, 44.59, 47.62, 47.41, 43.43, 42.99, 41.59, 41.45, 42.29, 40.77, 40.93, 41.4, 41.51, 41.32, 42.86, 45.17, 46.39, 47.34, 48.21, 50.87, 51.68, 50.99, 50.11, 47.6, 48.08, 48.39, 45.93, 44.86, 45.12, 43.35, 42.13, 37.94, 41.06, 41.47, 39.21, 42.05, 41.72, 43.48, 43.87, 43.96, 44.54, 48.06, 48.65, 48.56, 52.1, 49.43, 51.67, 51.02, 46.62, 49.62, 45.19, 45.39, 46.3, 43.02, 41.86, 38.73, 36.81, 42.89, 40.6, 42.61380056545314, 44.05193024770875, 45.166881174155066, 47.639975840950875, 50.066136895732285, 51.457301321524135, 54.34210639344482, 60.43908173296016, 54.657937531962865, 63.58210896578439, 64.44406697040277, 62.93911795361315, 66.23483492450373, 58.78708519196209, 65.63123951530973, 69.67587274363598, 69.13591885756254, 68.57038085937714, 65.69497854224453, 59.42286218266622, 61.001439620039534, 64.50292654873701, 69.85161722091254, 64.84943841675401, 73.5553532836633, 61.26497667327102, 80.77265350569272, 64.52919669920323, 63.23941535540919, 79.02852913651199, 73.52604403759938, 82.19586100561585], "labels": [0, 0, 0, 0, 0, 0, 0, 0, 0, 0, 0, 0, 0, 0, 0, 0, 0, 0, 0, 0, 0, 0, 0, 0, 0, 0, 0, 0, 0, 0, 0, 0, 0, 0, 0, 0, 0, 0, 0, 0, 0, 0, 0, 0, 0, 0, 0, 0, 0, 0, 0, 0, 0, 0, 0, 0, 0, 0, 0, 0, 0, 0, 0, 0, 0, 0, 0, 1, 1, 1, 1, 1, 1, 1, 1, 1, 1, 1, 1, 1, 1, 1, 1, 1, 1, 1, 1, 1, 1, 1, 1, 1, 1, 1, 1, 1, 1, 1, 1, 1], "is_anomalous": true, "anomaly_type": "trend_change", "anomaly_positions": [67, 68, 69, 70, 71, 72, 73, 74, 75, 76, 77, 78, 79, 80, 81, 82, 83, 84, 85, 86, 87, 88, 89, 90, 91, 92, 93, 94, 95, 96, 97, 98, 99], "length": 100}