{"id": "anomalous_000783", "series": [45.31, 49.46, 48.11, 51.9, 54.1, 48.84, 55.51, 53.19, 49.93, 49.14, 51.15, 46.28, 48.95, 46.5, 43.62, 45.65, 43.84, 45.48, 40.72, 46.74, 42.14, 43.19, 42.83, 45.88, 49.52, 45.98, 49.29, 52.17, 48.29, 55.59, 52.91, 51.1, 53.2, 50.82, 49.41, 47.51, 47.51, 46.46, 42.67, 46.09, 44.06, 40.93, 39.67, 44.13, 41.7, 44.25, 43.4, 50.52165114907634, 48.33758739258474, 50.96061423152401, 56.27188235421608, 56.57871818601367, 56.72104240628926, 61.378721319578474, 58.31368038866367, 60.16941265860562, 64.27950841764752, 58.93131168522087, 57.42962494112693, 61.92429926090334, 68.75427253613482, 63.20679510822604, 67.96395586417633, 56.39114219022493, 51.06485166031338, 70.32005431034233, 63.83619083953415, 71.95817676759623, 59.46596088449493, 78.90639003329127, 59.75254196231196, 73.36688619952231, 64.88105589508079, 86.23216201173561, 78.00324265106677, 79.01326518861765, 77.78347279207915, 73.18761640093732, 79.90996762278621, 100.7311746634877, 101.19022406808722, 74.09297592395262, 103.44323580266514, 102.97380861218252, 81.35973607996425, 87.66535426857118, 90.21862703202233, 75.42873139588785, 100.23621098783018, 71.731697304573, 91.59544350751119, 96.95417462144636, 82.05532854849666, 98.80475937289532, 89.4025441760391, 75.09673252516382, 117.97703857334085, 127.54249419780477, 101.6771003868468, 89.423664950639], "labels": [0, 0, 0, 0, 0, 0, 0, 0, 0, 0, 0, 0, 0, 0, 0, 0, 0, 0, 0, 0, 0, 0, 0, 0, 0, 0, 0, 0, 0, 0, 0, 0, 0, 0, 0, 0, 0, 0, 0, 0, 0, 0, 0, 0, 0, 0, 1, 1, 1, 1, 1, 1, 1, 1, 1, 1, 1, 1, 1, 1, 1, 1, 1, 1, 1, 1, 1, 1, 1, 1, 1, 1, 1, 1, 1, 1, 1, 1, 1, 1, 1, 1, 1, 1, 1, 1, 1, 1, 1, 1, 1, 1, 1, 1, 1, 1, 1, 1, 1, 1], "is_anomalous": true, "anomaly_type": "trend_change", "anomaly_positions": [46, 47, 48, 49, 50, 51, 52, 53, 54, 55, 56, 57, 58, 59, 60, 61, 62, 63, 64, 65, 66, 67, 68, 69, 70, 71, 72, 73, 74, 75, 76, 77, 78, 79, 80, 81, 82, 83, 84, 85, 86, 87, 88, 89, 90, 91, 92, 93, 94, 95, 96, 97, 98, 99], "length": 100}