{"id": "anomalous_000432", "series": [50.37, 47.44, 46.66, 45.98, 53.16, 46.53, 52.02, 53.28, 51.4, 50.84, 52.0, 48.09, 45.48, 46.2, 45.75, 47.22, 41.7, 42.31, 38.45, 40.98, 40.95, 39.25, 45.11, 46.43, 48.23, 49.6, 47.08, 47.3, 50.48, 54.94, 53.15, 52.64, 54.29, 56.24, 50.34, 49.1, 47.29, 49.86, 41.45, 45.45, 43.2, 43.04, 42.84, 47.9, 45.06, 43.27, 47.24, 49.6, 47.2, 49.57, 49.76, 53.2, 48.8, 55.12, 52.24, 52.1, 56.16, 53.57300615291878, 56.43221148646405, 54.100916460688396, 50.285172041060974, 48.126870380690015, 52.46122650124572, 49.46667362922199, 51.217470126694664, 54.385114964222915, 55.377149476031406, 57.72609861117656, 53.390434655845056, 61.56221836302362, 58.0494864623176, 63.08063978042315, 69.86517857597269, 72.21510113110067, 63.00739157266431, 81.16404915854449, 64.84587718017391, 82.74384984127948, 72.76781430742379, 79.48803575413355, 84.46137890499166, 78.6752955875598, 82.77917278361207, 81.1268680988517, 73.86268307754146, 87.24452682722911, 75.86378808465975, 70.42343897203787, 86.32557348317263, 80.40787795863156, 81.98109861555795, 86.19834521391829, 80.94406720738064, 70.49653517072795, 85.05614324586011, 73.80898721931749, 109.58240206109203, 81.03633623086898, 89.49388586362352, 117.48802070768505], "labels": [0, 0, 0, 0, 0, 0, 0, 0, 0, 0, 0, 0, 0, 0, 0, 0, 0, 0, 0, 0, 0, 0, 0, 0, 0, 0, 0, 0, 0, 0, 0, 0, 0, 0, 0, 0, 0, 0, 0, 0, 0, 0, 0, 0, 0, 0, 0, 0, 0, 0, 0, 0, 0, 0, 0, 0, 1, 1, 1, 1, 1, 1, 1, 1, 1, 1, 1, 1, 1, 1, 1, 1, 1, 1, 1, 1, 1, 1, 1, 1, 1, 1, 1, 1, 1, 1, 1, 1, 1, 1, 1, 1, 1, 1, 1, 1, 1, 1, 1, 1], "is_anomalous": true, "anomaly_type": "trend_change", "anomaly_positions": [56, 57, 58, 59, 60, 61, 62, 63, 64, 65, 66, 67, 68, 69, 70, 71, 72, 73, 74, 75, 76, 77, 78, 79, 80, 81, 82, 83, 84, 85, 86, 87, 88, 89, 90, 91, 92, 93, 94, 95, 96, 97, 98, 99], "length": 100}