{"id": "anomalous_000445", "series": [56.12, 50.85, 56.36, 59.42, 57.81, 60.55, 57.7, 59.54, 57.45, 57.11, 52.43, 54.87, 52.84, 48.49, 51.06, 48.92, 50.13, 48.98, 46.73, 45.02, 45.09, 53.48, 51.5, 51.5, 54.69, 54.06, 55.48, 55.95, 57.67, 57.28, 58.45, 56.26, 56.17, 56.08, 54.13, 55.16, 51.4, 52.24, 50.27, 51.74, 48.88, 48.33, 48.74, 49.41, 48.27, 50.49, 47.14, 56.31, 54.37, 54.98, 58.24, 57.36, 57.74, 61.01, 59.47, 60.92, 58.51, 55.89, 59.51, 55.65, 50.77, 50.24, 89.98548666819926, 91.23548666819926, 87.06548666819927, 85.62548666819926, 87.11548666819925, 89.36548666819925, 93.42548666819926, 90.60548666819926, 93.35548666819926, 90.70548666819926, 53.6, 57.07, 55.64, 61.63, 58.67, 62.33, 57.21, 56.36, 61.53, 53.98, 57.67, 58.55, 53.29, 56.21, 53.78, 50.87, 52.52, 46.92, 48.87, 49.43, 53.14, 52.64, 52.2, 57.25, 55.54, 56.72, 58.78, 59.36], "labels": [0, 0, 0, 0, 0, 0, 0, 0, 0, 0, 0, 0, 0, 0, 0, 0, 0, 0, 0, 0, 0, 0, 0, 0, 0, 0, 0, 0, 0, 0, 0, 0, 0, 0, 0, 0, 0, 0, 0, 0, 0, 0, 0, 0, 0, 0, 0, 0, 0, 0, 0, 0, 0, 0, 0, 0, 0, 0, 0, 0, 0, 0, 1, 1, 1, 1, 1, 1, 1, 1, 1, 1, 0, 0, 0, 0, 0, 0, 0, 0, 0, 0, 0, 0, 0, 0, 0, 0, 0, 0, 0, 0, 0, 0, 0, 0, 0, 0, 0, 0], "is_anomalous": true, "anomaly_type": "shift", "anomaly_positions": [62, 63, 64, 65, 66, 67, 68, 69, 70, 71], "length": 100}