{"id": "anomalous_000620", "series": [53.19, 53.89, 54.58, 55.24, 58.68, 58.77, 55.45, 58.14, 57.09, 57.21, 54.74, 58.56, 49.97, 52.37, 49.38, 47.61, 47.1, 50.3, 45.94, 49.57, 51.4, 50.9, 49.81, 53.98, 52.56, 53.57, 53.84, 54.31, 60.05, 56.74, 59.09, 59.83, 57.7, 59.61315015497059, 66.9676592952341, 53.991404910221206, 65.86002438946934, 56.17518750518219, 86.3273584018174, 55.82880478557307, 44.317915720089715, 58.53041056901297, 39.01870769280787, 43.39592220757118, 41.13809082095413, 30.303753090035812, 73.68723608978657, 50.61166204815648, 56.295182838661695, 51.42360619787438, 72.70650319210293, 42.039693037502495, 38.297344129715896, 63.95, 59.09, 62.15, 59.9, 57.82, 56.79, 55.07, 54.74, 52.44, 55.12, 53.91, 52.34, 51.73, 54.58, 52.92, 52.18, 57.02, 51.39, 56.72, 54.78, 56.72, 62.41, 61.9, 61.77, 62.88, 65.2, 64.3, 59.05, 57.52, 60.06, 60.23, 57.19, 57.72, 53.89, 53.7, 52.52, 53.25, 52.12, 54.13, 53.61, 53.49, 58.11, 57.14, 57.17, 58.84, 62.64, 61.22], "labels": [0, 0, 0, 0, 0, 0, 0, 0, 0, 0, 0, 0, 0, 0, 0, 0, 0, 0, 0, 0, 0, 0, 0, 0, 0, 0, 0, 0, 0, 0, 0, 0, 0, 1, 1, 1, 1, 1, 1, 1, 1, 1, 1, 1, 1, 1, 1, 1, 1, 1, 1, 1, 1, 0, 0, 0, 0, 0, 0, 0, 0, 0, 0, 0, 0, 0, 0, 0, 0, 0, 0, 0, 0, 0, 0, 0, 0, 0, 0, 0, 0, 0, 0, 0, 0, 0, 0, 0, 0, 0, 0, 0, 0, 0, 0, 0, 0, 0, 0, 0], "is_anomalous": true, "anomaly_type": "variance_change", "anomaly_positions": [33, 34, 35, 36, 37, 38, 39, 40, 41, 42, 43, 44, 45, 46, 47, 48, 49, 50, 51, 52], "length": 100}