{"id": "anomalous_000278", "series": [54.52, 51.56, 56.83, 50.84, 59.99, 56.89, 56.4, 54.03, 55.02, 50.89, 51.8, 52.9, 49.68, 47.38, 51.59, 42.09, 41.6, 43.58, 44.95, 41.58, 48.32, 46.6, 50.43, 51.05, 53.21, 51.63, 50.49, 54.15, 58.07, 56.8, 56.84, 55.23, 53.9, 49.89, 52.28, 50.52, 52.14, 49.61, 47.21, 50.42, 46.57, 47.7, 44.53, 45.33, 43.6, 45.14, 71.57535777434346, 77.54535777434346, 79.30535777434346, 72.73535777434346, 77.63535777434345, 77.09535777434346, 81.06535777434345, 80.12535777434346, 77.35535777434346, 86.09535777434346, 57.14, 51.6, 54.82, 48.7, 51.5, 49.6, 51.61, 45.1, 50.81, 44.51, 49.31, 51.06, 47.91, 45.19, 50.08, 54.66, 51.19, 57.27, 60.31, 57.69, 55.33, 58.41, 58.52, 56.25, 53.99, 58.12, 54.33, 46.09, 52.63, 51.74, 49.06, 47.06, 48.96, 47.18, 50.28, 49.15, 52.16, 49.24, 55.25, 48.89, 56.7, 55.04, 54.34, 53.16], "labels": [0, 0, 0, 0, 0, 0, 0, 0, 0, 0, 0, 0, 0, 0, 0, 0, 0, 0, 0, 0, 0, 0, 0, 0, 0, 0, 0, 0, 0, 0, 0, 0, 0, 0, 0, 0, 0, 0, 0, 0, 0, 0, 0, 0, 0, 0, 1, 1, 1, 1, 1, 1, 1, 1, 1, 1, 0, 0, 0, 0, 0, 0, 0, 0, 0, 0, 0, 0, 0, 0, 0, 0, 0, 0, 0, 0, 0, 0, 0, 0, 0, 0, 0, 0, 0, 0, 0, 0, 0, 0, 0, 0, 0, 0, 0, 0, 0, 0, 0, 0], "is_anomalous": true, "anomaly_type": "shift", "anomaly_positions": [46, 47, 48, 49, 50, 51, 52, 53, 54, 55], "length": 100}