{"id": "anomalous_000788", "series": [56.61, 55.42, 58.23, 56.89, 58.95, 57.34, 61.01, 61.47, 56.54, 58.48, 55.28, 56.5, 54.32, 52.44, 49.93, 50.77, 52.25, 44.42, 50.09, 50.89, 47.0, 48.23, 52.62, 50.28, 52.52, 58.91, 56.95, 56.17, 59.75, 59.02, 59.79, 60.42, 60.86, 58.46, 61.45, 59.41, 60.26, 53.97, 53.42, 49.21, 51.3, 46.35, 49.88, 51.2, 51.65, 50.57, 53.64, 53.9, 57.7, 59.32, 59.43, 58.38, 61.39, 61.31, 59.93, 59.01, 66.93, 63.91, 58.57, 56.09, 52.84, 54.6, 55.31, 55.44, 52.02, 51.25, 49.73, 49.7, 50.7, 54.01, 81.5542370680071, 80.4342370680071, 81.3742370680071, 86.07423706800711, 82.0142370680071, 85.8742370680071, 87.4942370680071, 91.12423706800712, 87.5442370680071, 85.94423706800711, 65.86, 65.56, 60.12, 60.33, 61.31, 58.82, 54.87, 55.44, 57.06, 52.96, 52.74, 54.1, 55.05, 55.91, 53.36, 54.76, 61.23, 60.17, 63.46, 64.7], "labels": [0, 0, 0, 0, 0, 0, 0, 0, 0, 0, 0, 0, 0, 0, 0, 0, 0, 0, 0, 0, 0, 0, 0, 0, 0, 0, 0, 0, 0, 0, 0, 0, 0, 0, 0, 0, 0, 0, 0, 0, 0, 0, 0, 0, 0, 0, 0, 0, 0, 0, 0, 0, 0, 0, 0, 0, 0, 0, 0, 0, 0, 0, 0, 0, 0, 0, 0, 0, 0, 0, 1, 1, 1, 1, 1, 1, 1, 1, 1, 1, 0, 0, 0, 0, 0, 0, 0, 0, 0, 0, 0, 0, 0, 0, 0, 0, 0, 0, 0, 0], "is_anomalous": true, "anomaly_type": "shift", "anomaly_positions": [70, 71, 72, 73, 74, 75, 76, 77, 78, 79], "length": 100}