{"id": "anomalous_000180", "series": [52.83, 50.38, 54.72, 51.99, 56.95, 57.16, 52.05, 53.37, 50.91, 53.37, 55.98, 52.94, 49.39, 48.92, 44.14, 47.02, 48.54, 45.1, 45.8, 42.48, 46.15, 44.85, 45.88, 49.71, 48.93, 52.08, 52.3, 53.52, 56.76, 56.43, 53.61, 55.99, 56.23, 56.5, 53.45, 55.75, 53.88, 52.41, 48.83, 47.66, 48.88, 49.09, 45.43, 47.97, 43.81, 48.44, 48.53, 47.47, 53.3, 50.32, 53.01, 53.96, 58.95, 41.86152645506883, 59.82934991348708, 44.32898589407657, 30.388105049844974, 44.64113337158874, 48.04918379430073, 53.431980183668685, 83.37846253366743, 17.74765482682153, 70.05396559928542, 62.847580255019864, 30.322422760076265, 64.06689747925964, 36.67016236451656, 54.77357567109883, 5.151302754565883, 62.05516707592673, 46.84607961291387, 62.66251256371035, 79.9155641142616, 54.37, 56.24, 54.81, 59.27, 55.34, 57.01, 56.68, 57.62, 55.13, 56.05, 52.62, 51.01, 51.73, 50.03, 54.82, 48.21, 46.08, 50.64, 47.73, 52.56, 50.28, 49.6, 53.29, 55.1, 57.77, 60.3, 57.23], "labels": [0, 0, 0, 0, 0, 0, 0, 0, 0, 0, 0, 0, 0, 0, 0, 0, 0, 0, 0, 0, 0, 0, 0, 0, 0, 0, 0, 0, 0, 0, 0, 0, 0, 0, 0, 0, 0, 0, 0, 0, 0, 0, 0, 0, 0, 0, 0, 0, 0, 0, 0, 0, 0, 1, 1, 1, 1, 1, 1, 1, 1, 1, 1, 1, 1, 1, 1, 1, 1, 1, 1, 1, 1, 0, 0, 0, 0, 0, 0, 0, 0, 0, 0, 0, 0, 0, 0, 0, 0, 0, 0, 0, 0, 0, 0, 0, 0, 0, 0, 0], "is_anomalous": true, "anomaly_type": "variance_change", "anomaly_positions": [53, 54, 55, 56, 57, 58, 59, 60, 61, 62, 63, 64, 65, 66, 67, 68, 69, 70, 71, 72], "length": 100}