{"id": "anomalous_000133", "series": [49.28, 54.93, 48.78, 50.56, 51.21, 54.61, 50.25, 57.79, 51.26, 56.71, 47.47, 46.92, 48.3, 50.36, 45.46, 47.83, 41.76, 43.39, 46.55, 44.78, 47.51, 45.15, 47.36, 48.99, 49.67, 52.94, 54.17, 52.53, 61.1, 58.25, 54.18, 50.54, 56.94, 52.87, 51.68, 55.15, 49.05, 48.86, 47.21, 49.47, 37.49, 47.84, 42.83, 43.35, 48.21, 45.59, 46.46, 54.22, 50.46, 47.87, 50.4, 48.62, 54.88, 55.87, 56.97, 57.04, 55.38, 58.51, 52.74, 47.14, 52.7, 52.52, 45.57, 48.42, 46.43, 47.23, 43.56416812128658, 44.29967312414353, 49.893508482867446, 54.27633405069364, 55.248559257425015, 52.386080261707306, 56.32833985105276, 53.05449513487845, 59.648015597850275, 73.59001258930422, 51.50705681076001, 72.24131947318716, 64.2664805696947, 75.92287469107436, 69.43338312400664, 69.685831638999, 62.23895617924096, 82.46846835099257, 78.99126218371887, 78.98499843202111, 64.70986108839904, 62.18331434671564, 69.8424260198686, 58.52739610437086, 77.26600340938595, 63.2109766839243, 78.05084355754228, 79.06935777919786, 87.1443503933994, 90.27127196355994, 73.7107048199004, 92.1767591574953, 78.72530104467754, 79.38929306879982], "labels": [0, 0, 0, 0, 0, 0, 0, 0, 0, 0, 0, 0, 0, 0, 0, 0, 0, 0, 0, 0, 0, 0, 0, 0, 0, 0, 0, 0, 0, 0, 0, 0, 0, 0, 0, 0, 0, 0, 0, 0, 0, 0, 0, 0, 0, 0, 0, 0, 0, 0, 0, 0, 0, 0, 0, 0, 0, 0, 0, 0, 0, 0, 0, 0, 0, 1, 1, 1, 1, 1, 1, 1, 1, 1, 1, 1, 1, 1, 1, 1, 1, 1, 1, 1, 1, 1, 1, 1, 1, 1, 1, 1, 1, 1, 1, 1, 1, 1, 1, 1], "is_anomalous": true, "anomaly_type": "trend_change", "anomaly_positions": [65, 66, 67, 68, 69, 70, 71, 72, 73, 74, 75, 76, 77, 78, 79, 80, 81, 82, 83, 84, 85, 86, 87, 88, 89, 90, 91, 92, 93, 94, 95, 96, 97, 98, 99], "length": 100}