{"id": "anomalous_000099", "series": [43.83, 49.93, 46.95, 49.04, 50.85, 52.26, 52.45, 45.4, 51.67, 51.92, 50.13, 43.01, 43.01, 44.27, 39.36, 45.54, 38.25, 42.37, 38.29, 41.75, 39.56, 42.29, 38.49, 44.79, 47.24, 48.31, 46.93, 50.07, 49.89, 50.38, 53.66, 53.97, 49.99, 46.86, 49.48, 44.89, 43.23, 44.09, 43.13, 39.0, 37.95, 38.67, 41.59, 39.5, 36.28, 36.26, 44.36, 46.26, 46.59, 44.36, 44.04, 46.48, 51.65, 49.25, 51.5, 47.86, 63.84767517093714, 52.90681751481019, 19.629784152983472, 45.91632811534427, 53.89360470256671, 89.2311126890416, 45.27010989400484, 69.48068465088772, 68.35837564684267, 37.269767984398854, 33.55709222952009, 48.921762231650746, 68.07795662978957, 45.25145011950314, 33.521483256123325, 51.395453344505206, 73.24427098397032, 62.04377419883989, 54.11582984647376, 66.6286052462193, 44.74, 48.36, 47.55, 45.75, 45.59, 45.22, 46.09, 44.73, 42.62, 39.29, 39.9, 40.19, 37.75, 38.08, 37.19, 38.33, 39.95, 41.72, 40.77, 37.32, 37.05, 42.78, 42.11, 45.91], "labels": [0, 0, 0, 0, 0, 0, 0, 0, 0, 0, 0, 0, 0, 0, 0, 0, 0, 0, 0, 0, 0, 0, 0, 0, 0, 0, 0, 0, 0, 0, 0, 0, 0, 0, 0, 0, 0, 0, 0, 0, 0, 0, 0, 0, 0, 0, 0, 0, 0, 0, 0, 0, 0, 0, 0, 0, 1, 1, 1, 1, 1, 1, 1, 1, 1, 1, 1, 1, 1, 1, 1, 1, 1, 1, 1, 1, 0, 0, 0, 0, 0, 0, 0, 0, 0, 0, 0, 0, 0, 0, 0, 0, 0, 0, 0, 0, 0, 0, 0, 0], "is_anomalous": true, "anomaly_type": "variance_change", "anomaly_positions": [56, 57, 58, 59, 60, 61, 62, 63, 64, 65, 66, 67, 68, 69, 70, 71, 72, 73, 74, 75], "length": 100}