{"id": "anomalous_000339", "series": [50.67, 48.09, 52.23, 48.76, 52.88, 49.08, 53.24, 53.08, 50.15, 46.44, 48.64, 47.07, 46.59, 42.39, 42.41, 45.1, 43.37, 42.73, 44.05, 45.6, 40.33, 45.49, 40.27, 44.52, 48.22, 47.82, 47.97, 51.46, 50.95, 49.54, 50.79, 51.62, 48.95, 51.24, 47.38, 49.23, 48.15, 45.35, 43.6, 41.12, 38.35, 40.96, 40.54, 42.41, 42.63, 41.58, 44.78, 43.94, 46.72, 49.2, 52.55, 47.55, 50.16, 46.94550901867663, 35.212842968057245, 74.95305006927508, 56.18565174007304, 32.48712484967329, 28.577568763501162, 54.004803663270934, 41.6490740121704, 13.698716617493531, 46.905650964596724, 38.621356849107826, 51.97727070511381, 48.8235729356402, 56.89304683723297, 48.551556995262615, 47.44049485038761, 46.0552841197065, 51.52587507239543, 31.65704933941435, 73.56161776834844, 47.04, 52.12, 48.39, 50.31, 50.33, 50.13, 53.6, 52.72, 50.58, 49.57, 48.57, 45.97, 45.25, 44.3, 44.26, 41.16, 42.26, 41.33, 41.36, 45.27, 38.66, 43.84, 44.22, 45.88, 49.74, 48.86, 47.79], "labels": [0, 0, 0, 0, 0, 0, 0, 0, 0, 0, 0, 0, 0, 0, 0, 0, 0, 0, 0, 0, 0, 0, 0, 0, 0, 0, 0, 0, 0, 0, 0, 0, 0, 0, 0, 0, 0, 0, 0, 0, 0, 0, 0, 0, 0, 0, 0, 0, 0, 0, 0, 0, 0, 1, 1, 1, 1, 1, 1, 1, 1, 1, 1, 1, 1, 1, 1, 1, 1, 1, 1, 1, 1, 0, 0, 0, 0, 0, 0, 0, 0, 0, 0, 0, 0, 0, 0, 0, 0, 0, 0, 0, 0, 0, 0, 0, 0, 0, 0, 0], "is_anomalous": true, "anomaly_type": "variance_change", "anomaly_positions": [53, 54, 55, 56, 57, 58, 59, 60, 61, 62, 63, 64, 65, 66, 67, 68, 69, 70, 71, 72], "length": 100}