{"id": "anomalous_000302", "series": [44.22, 43.93, 43.01, 50.87, 53.39, 54.35, 51.25, 52.61, 54.86, 48.71, 46.9, 49.59, 47.62, 48.84, 45.9, 44.71, 42.37, 39.12, 45.19, 35.93, 40.52, 48.34, 46.32, 47.7, 44.43, 49.81, 54.71, 49.94, 49.89, 47.74, 50.31, 54.38, 55.28, 54.65, 53.01, 49.14, 44.23, 47.3, 48.21, 37.87, 44.33, 46.95, 50.92, 42.03, 43.25, 41.96, 46.45, 50.08, 46.67, 48.4, 53.88, 49.77, 54.35, 56.22, 50.3, 52.18, 49.66, 49.26, 52.49, 51.79, 50.27, 51.5, 43.99, 45.0, 40.63803963448727, 50.403630898845584, 45.21725940873341, 51.07743560764384, 48.207902651507354, 48.839938051526886, 50.47308195320295, 60.63430526453793, 60.01395087852127, 62.857077102545915, 58.69713190750785, 61.605356205432145, 65.36534828799917, 74.2960046236771, 65.51171528397026, 66.18814899173466, 64.81120601973122, 78.88412175841499, 77.22402740687859, 82.87839701102452, 76.58908965272646, 73.0184030765803, 67.23849218022625, 73.97617809727993, 61.788724535680174, 71.34211702238082, 82.70637901386985, 68.81743670332473, 74.45436424612751, 63.46570701817261, 91.47874594275024, 75.59210337727816, 86.65954437596757, 66.7957321249933, 79.43266782454441, 75.22167966611984], "labels": [0, 0, 0, 0, 0, 0, 0, 0, 0, 0, 0, 0, 0, 0, 0, 0, 0, 0, 0, 0, 0, 0, 0, 0, 0, 0, 0, 0, 0, 0, 0, 0, 0, 0, 0, 0, 0, 0, 0, 0, 0, 0, 0, 0, 0, 0, 0, 0, 0, 0, 0, 0, 0, 0, 0, 0, 0, 0, 0, 0, 0, 0, 0, 1, 1, 1, 1, 1, 1, 1, 1, 1, 1, 1, 1, 1, 1, 1, 1, 1, 1, 1, 1, 1, 1, 1, 1, 1, 1, 1, 1, 1, 1, 1, 1, 1, 1, 1, 1, 1], "is_anomalous": true, "anomaly_type": "trend_change", "anomaly_positions": [63, 64, 65, 66, 67, 68, 69, 70, 71, 72, 73, 74, 75, 76, 77, 78, 79, 80, 81, 82, 83, 84, 85, 86, 87, 88, 89, 90, 91, 92, 93, 94, 95, 96, 97, 98, 99], "length": 100}