{"id": "anomalous_000144", "series": [53.41, 54.88, 52.85, 58.16, 52.31, 62.85, 55.23, 57.54, 52.34, 59.67, 57.54, 53.16, 59.88, 49.34, 46.72, 49.76, 42.51, 49.85, 47.1, 44.95, 46.68, 51.26, 51.14, 50.45, 54.32, 54.44, 50.68, 59.0, 60.93, 56.15, 54.76, 57.34, 59.54, 53.22, 53.07, 54.17, 52.63, 45.81, 47.07, 52.35, 53.99, 14.593116600981219, 13.993116600981217, 15.933116600981215, 12.783116600981216, 14.693116600981213, 12.923116600981217, 15.933116600981215, 18.053116600981213, 16.853116600981217, 23.133116600981218, 54.48, 58.22, 58.51, 57.04, 54.41, 53.03, 56.8, 48.85, 56.57, 49.73, 46.44, 49.97, 47.05, 45.51, 51.97, 47.99, 45.54, 47.66, 49.44, 46.34, 51.67, 54.17, 52.87, 51.0, 55.51, 57.5, 53.67, 57.97, 57.13, 65.08, 54.2, 55.19, 50.63, 52.26, 48.61, 54.28, 52.53, 46.38, 44.99, 48.28, 43.23, 48.39, 47.23, 44.65, 51.92, 57.39, 51.72, 53.37, 55.07], "labels": [0, 0, 0, 0, 0, 0, 0, 0, 0, 0, 0, 0, 0, 0, 0, 0, 0, 0, 0, 0, 0, 0, 0, 0, 0, 0, 0, 0, 0, 0, 0, 0, 0, 0, 0, 0, 0, 0, 0, 0, 0, 1, 1, 1, 1, 1, 1, 1, 1, 1, 1, 0, 0, 0, 0, 0, 0, 0, 0, 0, 0, 0, 0, 0, 0, 0, 0, 0, 0, 0, 0, 0, 0, 0, 0, 0, 0, 0, 0, 0, 0, 0, 0, 0, 0, 0, 0, 0, 0, 0, 0, 0, 0, 0, 0, 0, 0, 0, 0, 0], "is_anomalous": true, "anomaly_type": "shift", "anomaly_positions": [41, 42, 43, 44, 45, 46, 47, 48, 49, 50], "length": 100}