{"id": "anomalous_000268", "series": [49.02, 53.64, 56.55, 49.55, 54.91, 58.98, 54.79, 56.39, 56.85, 54.85, 52.69, 47.66, 48.85, 49.68, 46.96, 47.36, 47.26, 46.89, 45.35, 43.77, 45.65, 46.14, 47.79, 50.44, 50.83, 51.31, 55.13, 54.82, 54.59, 59.21, 50.15, 53.86, 54.3, 54.87, 51.14, 53.22, 51.19, 47.03, 48.84, 45.69, 48.6, 41.19, 44.65, 46.89, 43.55, 46.35, 47.42, 45.94, 52.91, 51.46, 52.6, 52.68, 55.86, 27.268963609739416, 25.868963609739417, 26.16896360973942, 23.46896360973942, 21.298963609739417, 25.558963609739422, 23.258963609739418, 20.308963609739422, 21.558963609739422, 18.298963609739417, 48.02, 46.04, 43.79, 42.23, 43.72, 46.94, 44.03, 49.65, 47.42, 51.49, 51.15, 49.07, 55.01, 53.12, 51.46, 52.68, 55.21, 53.67, 52.17, 51.77, 49.05, 50.22, 46.65, 48.39, 47.5, 47.26, 40.73, 46.79, 43.85, 42.53, 49.77, 49.46, 47.54, 49.73, 52.18, 51.66, 54.18], "labels": [0, 0, 0, 0, 0, 0, 0, 0, 0, 0, 0, 0, 0, 0, 0, 0, 0, 0, 0, 0, 0, 0, 0, 0, 0, 0, 0, 0, 0, 0, 0, 0, 0, 0, 0, 0, 0, 0, 0, 0, 0, 0, 0, 0, 0, 0, 0, 0, 0, 0, 0, 0, 0, 1, 1, 1, 1, 1, 1, 1, 1, 1, 1, 0, 0, 0, 0, 0, 0, 0, 0, 0, 0, 0, 0, 0, 0, 0, 0, 0, 0, 0, 0, 0, 0, 0, 0, 0, 0, 0, 0, 0, 0, 0, 0, 0, 0, 0, 0, 0], "is_anomalous": true, "anomaly_type": "shift", "anomaly_positions": [53, 54, 55, 56, 57, 58, 59, 60, 61, 62], "length": 100}