{"id": "anomalous_000283", "series": [46.83, 54.14, 47.98, 56.07, 55.46, 54.71, 53.49, 56.69, 57.13, 50.57, 58.82, 51.08, 56.97, 50.33, 46.77, 42.69, 47.19, 52.51, 46.19, 50.09, 45.41, 49.9, 45.58, 49.65, 44.86, 52.97, 53.44, 55.32, 53.6, 57.13, 57.21, 53.35, 58.11, 51.37, 49.24, 52.39, 48.06, 46.8, 47.64, 42.32, 43.0, 47.42, 48.46, 43.5, 52.9, 46.68, 45.98, 53.04, 49.93, 54.75, 47.05, 48.61, 56.34, 53.18, 49.84, 55.71, 53.07, 51.9, 53.53, 49.41, 50.03, 54.76, 46.65, 43.74, 44.43, 47.3, 45.59, 42.42, 48.17, 45.25, 46.9, 47.67470414202725, 54.02818442122912, 53.54180545409652, 52.41704195047448, 60.64036304865731, 61.50845659085114, 61.886813113421084, 58.96988058441493, 67.46714518738312, 62.44180522900179, 71.66638154925015, 70.68886312720186, 68.32925810895694, 68.63175235602714, 55.88343891907754, 60.10260275706059, 56.48089378163132, 64.99969075105042, 65.9214688507223, 69.05806976398472, 64.39063863758498, 66.16400655254375, 55.74815435116368, 73.02526971936919, 71.3859416812773, 90.13546645638732, 73.59496444095988, 90.58441413139633, 70.34497836861146], "labels": [0, 0, 0, 0, 0, 0, 0, 0, 0, 0, 0, 0, 0, 0, 0, 0, 0, 0, 0, 0, 0, 0, 0, 0, 0, 0, 0, 0, 0, 0, 0, 0, 0, 0, 0, 0, 0, 0, 0, 0, 0, 0, 0, 0, 0, 0, 0, 0, 0, 0, 0, 0, 0, 0, 0, 0, 0, 0, 0, 0, 0, 0, 0, 0, 0, 0, 0, 0, 0, 0, 1, 1, 1, 1, 1, 1, 1, 1, 1, 1, 1, 1, 1, 1, 1, 1, 1, 1, 1, 1, 1, 1, 1, 1, 1, 1, 1, 1, 1, 1], "is_anomalous": true, "anomaly_type": "trend_change", "anomaly_positions": [70, 71, 72, 73, 74, 75, 76, 77, 78, 79, 80, 81, 82, 83, 84, 85, 86, 87, 88, 89, 90, 91, 92, 93, 94, 95, 96, 97, 98, 99], "length": 100}