{"id": "anomalous_000036", "series": [46.99, 46.14, 52.22, 46.95, 51.3, 53.15, 53.07, 52.99, 49.62, 50.45, 50.1, 48.62, 45.65, 45.86, 40.95, 45.28, 42.25, 44.8, 42.03, 38.38, 41.31, 42.71, 43.5, 47.32, 43.38, 46.78, 50.71, 50.1, 51.71, 53.8, 51.22, 49.89249834055276, 52.30676060104602, 51.68815244846223, 48.56834144641894, 51.90894899244216, 54.40571964680561, 52.771610866958206, 50.46926437011843, 45.729972899760085, 46.08440103580904, 53.309145719576705, 50.18111733194104, 52.67313277766773, 58.73537967019345, 60.657947609810414, 61.978668292936604, 70.03564841293677, 68.20320254622541, 62.29807222245273, 70.51445102072604, 73.33752228013533, 62.741528521918184, 69.31836454422375, 65.59870254104106, 79.71346543736826, 70.2375731007221, 87.52789373601316, 67.6059721808687, 81.4257294286513, 83.92888394407743, 61.808269590936376, 85.02276756332051, 77.286354245858, 82.04239052379077, 81.81219773980148, 64.91721765463114, 94.78245163241021, 81.15717247126256, 96.86430065844615, 97.7734232190636, 69.42546451227375, 91.54816454428891, 75.47951237273534, 81.6538431234357, 99.94728962415076, 89.82268028692974, 78.8412524388087, 90.56998644814375, 85.98147485761956, 105.64165790917164, 85.83022414331734, 91.72488180332266, 113.29360553979154, 93.40583119590376, 121.15909244034519, 105.099590443269, 73.9721710540013, 123.25748490914899, 106.82025979402543, 127.9756861975971, 122.0713050772369, 108.89766860855381, 72.30092571141395, 139.62426097974807, 116.6926590748964, 123.7782617900393, 90.50364839128771, 89.51751818085759, 80.25708665263225], "labels": [0, 0, 0, 0, 0, 0, 0, 0, 0, 0, 0, 0, 0, 0, 0, 0, 0, 0, 0, 0, 0, 0, 0, 0, 0, 0, 0, 0, 0, 0, 1, 1, 1, 1, 1, 1, 1, 1, 1, 1, 1, 1, 1, 1, 1, 1, 1, 1, 1, 1, 1, 1, 1, 1, 1, 1, 1, 1, 1, 1, 1, 1, 1, 1, 1, 1, 1, 1, 1, 1, 1, 1, 1, 1, 1, 1, 1, 1, 1, 1, 1, 1, 1, 1, 1, 1, 1, 1, 1, 1, 1, 1, 1, 1, 1, 1, 1, 1, 1, 1], "is_anomalous": true, "anomaly_type": "trend_change", "anomaly_positions": [30, 31, 32, 33, 34, 35, 36, 37, 38, 39, 40, 41, 42, 43, 44, 45, 46, 47, 48, 49, 50, 51, 52, 53, 54, 55, 56, 57, 58, 59, 60, 61, 62, 63, 64, 65, 66, 67, 68, 69, 70, 71, 72, 73, 74, 75, 76, 77, 78, 79, 80, 81, 82, 83, 84, 85, 86, 87, 88, 89, 90, 91, 92, 93, 94, 95, 96, 97, 98, 99], "length": 100}