{"id": "anomalous_000682", "series": [52.29, 56.77, 56.55, 58.26, 58.27, 58.19, 60.02, 57.78, 58.2, 57.63, 57.88, 54.49, 53.46, 53.38, 52.62, 49.47, 50.18, 47.61, 47.13, 49.37, 49.59, 49.11, 50.96, 51.05, 56.14, 55.21, 56.54, 59.89, 58.68, 58.36, 58.71, 57.54, 58.86, 56.75, 57.04, 56.14, 53.92, 52.99, 50.53, 49.18, 51.07, 48.34, 47.7, 48.58, 48.35, 49.68, 51.98, 52.5, 54.37, 55.66, 54.29, 55.91, 57.77, 59.55, 57.15, 57.35, 58.89, 58.98, 54.42, 65.8421941039419, 60.007985006150825, 49.985055173550215, 30.79248699702828, 49.89106985762541, 32.849388843103874, 25.984219190496752, 70.95514424309373, 41.12773550669813, 25.384766778658392, 16.567746212907856, 57.90334168442063, 38.21776384358856, 78.9522545829278, 65.76488675616778, 82.98622752666411, 55.66745718435425, 78.9512340983873, 38.730852731267774, 103.22012531332946, 59.22, 60.43, 59.6, 57.21, 55.8, 53.63, 52.68, 51.63, 49.85, 49.22, 49.36, 48.83, 49.68, 48.5, 51.21, 52.46, 52.29, 54.68, 56.48, 58.41, 58.09], "labels": [0, 0, 0, 0, 0, 0, 0, 0, 0, 0, 0, 0, 0, 0, 0, 0, 0, 0, 0, 0, 0, 0, 0, 0, 0, 0, 0, 0, 0, 0, 0, 0, 0, 0, 0, 0, 0, 0, 0, 0, 0, 0, 0, 0, 0, 0, 0, 0, 0, 0, 0, 0, 0, 0, 0, 0, 0, 0, 0, 1, 1, 1, 1, 1, 1, 1, 1, 1, 1, 1, 1, 1, 1, 1, 1, 1, 1, 1, 1, 0, 0, 0, 0, 0, 0, 0, 0, 0, 0, 0, 0, 0, 0, 0, 0, 0, 0, 0, 0, 0], "is_anomalous": true, "anomaly_type": "variance_change", "anomaly_positions": [59, 60, 61, 62, 63, 64, 65, 66, 67, 68, 69, 70, 71, 72, 73, 74, 75, 76, 77, 78], "length": 100}