{"id": "anomalous_000098", "series": [60.65, 55.98, 63.88, 55.86, 59.78, 59.96, 61.53, 62.62, 57.98, 58.7, 58.2, 54.33, 52.55, 54.78, 54.11, 55.08, 54.0, 45.45, 48.56, 50.24, 54.34, 53.38, 50.77, 54.75, 56.16, 59.21, 56.46, 61.03, 63.07, 60.44, 57.5, 27.297392414913194, 29.46739241491319, 25.49739241491319, 26.517392414913193, 26.63739241491319, 28.60739241491319, 23.06739241491319, 22.35739241491319, 14.06739241491319, 20.077392414913188, 50.63, 55.2, 51.07, 54.08, 56.67, 55.13, 53.03, 55.93, 53.58, 58.87, 62.04, 63.28, 62.18, 58.77, 60.44, 59.0, 61.31, 58.34, 57.4, 51.3, 53.43, 54.07, 51.56, 50.5, 52.48, 54.08, 49.03, 50.23, 50.56, 48.85, 54.16, 53.27, 57.23, 59.54, 59.9, 60.72, 64.63, 59.55, 56.44, 61.91, 65.19, 60.12, 56.43, 60.2, 55.03, 58.55, 58.11, 50.83, 55.46, 52.49, 52.81, 54.01, 53.72, 49.64, 59.29, 59.75, 58.11, 58.96, 62.53], "labels": [0, 0, 0, 0, 0, 0, 0, 0, 0, 0, 0, 0, 0, 0, 0, 0, 0, 0, 0, 0, 0, 0, 0, 0, 0, 0, 0, 0, 0, 0, 0, 1, 1, 1, 1, 1, 1, 1, 1, 1, 1, 0, 0, 0, 0, 0, 0, 0, 0, 0, 0, 0, 0, 0, 0, 0, 0, 0, 0, 0, 0, 0, 0, 0, 0, 0, 0, 0, 0, 0, 0, 0, 0, 0, 0, 0, 0, 0, 0, 0, 0, 0, 0, 0, 0, 0, 0, 0, 0, 0, 0, 0, 0, 0, 0, 0, 0, 0, 0, 0], "is_anomalous": true, "anomaly_type": "shift", "anomaly_positions": [31, 32, 33, 34, 35, 36, 37, 38, 39, 40], "length": 100}