{"id": "anomalous_000213", "series": [49.99, 52.66, 49.67, 55.41, 58.41, 59.51, 56.27, 60.11, 56.38, 50.55, 55.36, 50.92, 50.96, 41.99, 46.63, 47.1, 46.65, 42.27, 45.79, 45.89, 47.55, 47.63, 51.96, 51.67, 49.16, 51.02, 53.13, 56.87, 56.86, 53.49, 51.36, 57.66, 49.9, 60.82, 52.45, 52.82, 52.98, 47.16, 43.85, 49.64, 45.44, 49.94, 44.39, 47.77, 49.44, 46.62, 44.69, 50.23, 49.74, 52.13, 52.37, 56.58, 59.03, 52.26, 58.39, 57.28, 56.23, 54.06, 48.31, 45.25, 33.19265099697827, 80.04856579746034, 25.760241141376845, 53.779291713966984, 55.8920701958539, 61.7661794601479, 46.96473991889029, 32.811375137480866, 38.56210449954639, 39.3793674594979, 29.2261443356349, 46.501426044262544, 73.82604546871549, 49.728294325086964, 21.077188785937757, 40.68883182937138, 48.0290754128655, 48.44031850408132, 88.25147970434551, 86.73402474678385, 57.44, 56.92, 51.6, 48.87, 53.22, 46.24, 43.38, 48.14, 43.97, 43.84, 50.59, 46.2, 42.02, 49.47, 44.46, 50.55, 52.12, 48.91, 49.55, 53.01], "labels": [0, 0, 0, 0, 0, 0, 0, 0, 0, 0, 0, 0, 0, 0, 0, 0, 0, 0, 0, 0, 0, 0, 0, 0, 0, 0, 0, 0, 0, 0, 0, 0, 0, 0, 0, 0, 0, 0, 0, 0, 0, 0, 0, 0, 0, 0, 0, 0, 0, 0, 0, 0, 0, 0, 0, 0, 0, 0, 0, 0, 1, 1, 1, 1, 1, 1, 1, 1, 1, 1, 1, 1, 1, 1, 1, 1, 1, 1, 1, 1, 0, 0, 0, 0, 0, 0, 0, 0, 0, 0, 0, 0, 0, 0, 0, 0, 0, 0, 0, 0], "is_anomalous": true, "anomaly_type": "variance_change", "anomaly_positions": [60, 61, 62, 63, 64, 65, 66, 67, 68, 69, 70, 71, 72, 73, 74, 75, 76, 77, 78, 79], "length": 100}