{"id": "anomalous_000436", "series": [50.61, 49.13, 49.93, 49.93, 50.49, 51.1, 54.19, 53.84, 48.69, 56.24, 47.37, 47.99, 51.78, 48.97, 41.45, 44.06, 45.43, 40.69, 37.07, 42.25, 50.69, 44.34, 43.52, 49.01, 48.31, 47.2, 45.93, 52.29, 53.32, 50.43, 57.57, 51.48, 50.48, 52.5, 51.68, 53.29, 50.0, 50.29, 46.77, 39.53, 42.0, 39.64, 44.76, 43.19, 48.27, 49.78, 44.47, 43.64, 51.4, 44.02, 49.42618721277199, 51.64924338848474, 54.38596289700075, 59.14530718444671, 56.12719268478296, 60.460887766588066, 58.173850055767474, 61.935465012207146, 57.757367370026934, 62.70470774261629, 57.86510569532122, 55.57903715606108, 60.23718061836815, 58.905396343429175, 62.82185401439607, 59.28253504563528, 62.184868265282184, 57.852101122616595, 52.171594528250324, 60.592985641505706, 63.85402790475514, 72.0659083084999, 79.53766375844299, 82.36655884559346, 86.94323389198169, 64.55716683382718, 81.53530037484855, 92.19671981629932, 80.85626421706836, 93.18428664235088, 70.25949748084554, 87.11489178834351, 80.20118140813452, 92.83245726640581, 78.88317234316601, 99.6746091828103, 64.66950503364197, 87.02725405224467, 91.11999575785079, 91.60330800444211, 60.83001039699033, 99.12327121003119, 65.72742519162011, 90.59988787559958, 85.75981764641344, 66.58155983850747, 75.68061093479405, 73.44310618824919, 71.05786323725133, 114.60453235088093], "labels": [0, 0, 0, 0, 0, 0, 0, 0, 0, 0, 0, 0, 0, 0, 0, 0, 0, 0, 0, 0, 0, 0, 0, 0, 0, 0, 0, 0, 0, 0, 0, 0, 0, 0, 0, 0, 0, 0, 0, 0, 0, 0, 0, 0, 0, 0, 0, 0, 0, 1, 1, 1, 1, 1, 1, 1, 1, 1, 1, 1, 1, 1, 1, 1, 1, 1, 1, 1, 1, 1, 1, 1, 1, 1, 1, 1, 1, 1, 1, 1, 1, 1, 1, 1, 1, 1, 1, 1, 1, 1, 1, 1, 1, 1, 1, 1, 1, 1, 1, 1], "is_anomalous": true, "anomaly_type": "trend_change", "anomaly_positions": [49, 50, 51, 52, 53, 54, 55, 56, 57, 58, 59, 60, 61, 62, 63, 64, 65, 66, 67, 68, 69, 70, 71, 72, 73, 74, 75, 76, 77, 78, 79, 80, 81, 82, 83, 84, 85, 86, 87, 88, 89, 90, 91, 92, 93, 94, 95, 96, 97, 98, 99], "length": 100}