{"id": "anomalous_000087", "series": [55.36, 54.65, 56.67, 57.3, 57.81, 57.48, 57.53, 59.68, 58.12, 59.23, 57.56, 55.6, 52.27, 52.32, 52.71, 49.38, 52.71, 50.85, 47.96, 50.59, 51.39, 49.89, 47.79, 50.13, 54.2, 56.63, 55.39, 60.13, 57.53, 58.64, 57.02, 57.25, 58.29, 57.66, 51.17, 52.85, 54.03, 33.20952049486762, 48.875069488263385, 71.93675392671676, 72.1053809865424, 62.20237463896905, 39.55086183914774, 56.04723423756216, 39.01211534546885, 36.74643639328095, 49.383599920445484, 79.45238438470695, 69.91373089707844, 83.04562128668873, 52.26899410614309, 75.4908157860649, 29.803299041601356, 41.81385671596998, 52.55724864414732, 43.08481092303841, 48.633936892735804, 57.86, 52.82, 57.59, 52.51, 52.85, 46.03, 50.26, 45.16, 49.67, 46.95, 48.42, 47.27, 49.77, 47.81, 51.35, 51.73, 52.75, 57.65, 58.36, 58.11, 59.6, 59.25, 57.11, 57.24, 57.04, 56.82, 54.95, 52.0, 53.57, 48.09, 49.16, 50.92, 48.12, 49.27, 52.51, 51.6, 48.63, 52.58, 51.77, 52.94, 53.19, 57.5, 55.66], "labels": [0, 0, 0, 0, 0, 0, 0, 0, 0, 0, 0, 0, 0, 0, 0, 0, 0, 0, 0, 0, 0, 0, 0, 0, 0, 0, 0, 0, 0, 0, 0, 0, 0, 0, 0, 0, 0, 1, 1, 1, 1, 1, 1, 1, 1, 1, 1, 1, 1, 1, 1, 1, 1, 1, 1, 1, 1, 0, 0, 0, 0, 0, 0, 0, 0, 0, 0, 0, 0, 0, 0, 0, 0, 0, 0, 0, 0, 0, 0, 0, 0, 0, 0, 0, 0, 0, 0, 0, 0, 0, 0, 0, 0, 0, 0, 0, 0, 0, 0, 0], "is_anomalous": true, "anomaly_type": "variance_change", "anomaly_positions": [37, 38, 39, 40, 41, 42, 43, 44, 45, 46, 47, 48, 49, 50, 51, 52, 53, 54, 55, 56], "length": 100}