{"id": "anomalous_000151", "series": [51.1, 50.43, 54.12, 48.72, 50.31, 52.83, 47.52, 51.78, 51.07, 49.06, 50.42, 44.33, 44.36, 47.44, 46.03, 41.25, 45.55, 44.55, 44.33, 35.02, 40.28, 42.57, 44.9, 44.04, 46.93, 47.45, 46.05, 50.47, 55.32, 52.03, 50.79, 47.47, 54.39, 50.23, 48.53, 46.75, 46.13, 45.03, 46.1, 41.13, 39.49, 47.04, 37.09, 45.34, 46.1, 44.4, 48.04, 50.01, 45.4, 24.525093759241628, 41.28010761653029, 35.216953020157995, 19.05983374957044, 44.29562874965766, 64.89213383356692, 75.00283843801625, 71.2550590373195, 50.078271187430815, 39.471564725176606, 42.52398704863613, 39.705926715658904, 62.27800264172551, 55.716810485321915, 49.08590656655667, 58.45909263889937, 63.74904435099738, 11.448994110425765, -7.369318094119819, 16.70058079147265, 42.86, 45.43, 49.41, 50.26, 46.74, 55.27, 54.91, 53.81, 55.24, 50.59, 51.42, 50.05, 47.23, 49.48, 48.09, 52.37, 42.69, 44.96, 40.21, 43.13, 37.89, 42.7, 44.58, 42.28, 46.4, 50.15, 42.0, 48.13, 48.62, 52.42, 54.37], "labels": [0, 0, 0, 0, 0, 0, 0, 0, 0, 0, 0, 0, 0, 0, 0, 0, 0, 0, 0, 0, 0, 0, 0, 0, 0, 0, 0, 0, 0, 0, 0, 0, 0, 0, 0, 0, 0, 0, 0, 0, 0, 0, 0, 0, 0, 0, 0, 0, 0, 1, 1, 1, 1, 1, 1, 1, 1, 1, 1, 1, 1, 1, 1, 1, 1, 1, 1, 1, 1, 0, 0, 0, 0, 0, 0, 0, 0, 0, 0, 0, 0, 0, 0, 0, 0, 0, 0, 0, 0, 0, 0, 0, 0, 0, 0, 0, 0, 0, 0, 0], "is_anomalous": true, "anomaly_type": "variance_change", "anomaly_positions": [49, 50, 51, 52, 53, 54, 55, 56, 57, 58, 59, 60, 61, 62, 63, 64, 65, 66, 67, 68], "length": 100}