{"id": "anomalous_000456", "series": [53.64, 53.71, 54.46, 55.11, 57.97, 57.24, 59.33, 58.69, 54.86, 55.94, 55.92, 53.97, 53.44, 53.33, 50.34, 44.96, 48.63, 44.81, 42.82, 48.64, 47.41, 50.41, 50.15, 50.92, 52.68, 54.18, 55.43, 51.47, 57.14, 53.61, 55.26, 56.59, 52.86, 56.31, 56.54, 51.12, 50.45, 51.41, 48.53, 49.43, 47.79, 47.02, 45.97, 47.58, 46.34, 44.49, 50.24, 47.94, 50.65, 47.589797234564436, 68.97706912791394, 59.30233736707845, 77.47389291167283, 76.73779306752581, 44.20921224026483, 73.05207624275798, 48.06612594204839, 54.045322399147864, 24.74600502031965, 62.95295465297311, 61.21206355199362, 27.183223573916912, 68.44008842934001, 62.66528294691646, 11.086167207740125, 45.8874926365632, 58.6391104957881, 56.7631317275747, 22.67366780930872, 46.33, 50.78, 51.91, 51.59, 52.01, 55.89, 52.76, 57.88, 54.58, 57.04, 53.89, 55.65, 55.13, 53.82, 54.16, 50.31, 49.82, 48.49, 45.19, 46.68, 44.69, 43.15, 43.68, 46.02, 48.03, 50.25, 49.88, 48.84, 55.43, 52.72, 52.51], "labels": [0, 0, 0, 0, 0, 0, 0, 0, 0, 0, 0, 0, 0, 0, 0, 0, 0, 0, 0, 0, 0, 0, 0, 0, 0, 0, 0, 0, 0, 0, 0, 0, 0, 0, 0, 0, 0, 0, 0, 0, 0, 0, 0, 0, 0, 0, 0, 0, 0, 1, 1, 1, 1, 1, 1, 1, 1, 1, 1, 1, 1, 1, 1, 1, 1, 1, 1, 1, 1, 0, 0, 0, 0, 0, 0, 0, 0, 0, 0, 0, 0, 0, 0, 0, 0, 0, 0, 0, 0, 0, 0, 0, 0, 0, 0, 0, 0, 0, 0, 0], "is_anomalous": true, "anomaly_type": "variance_change", "anomaly_positions": [49, 50, 51, 52, 53, 54, 55, 56, 57, 58, 59, 60, 61, 62, 63, 64, 65, 66, 67, 68], "length": 100}