{"id": "anomalous_000123", "series": [54.11, 54.67, 53.19, 57.83, 57.13, 59.05, 56.59, 57.19, 55.44, 54.39, 53.43, 52.01, 49.55, 50.84, 49.38, 48.64, 47.28, 46.86, 46.33, 46.32, 46.74, 45.73, 47.76, 50.55, 49.85, 53.08, 54.39, 56.31, 57.56, 53.41, 57.63, 55.84, 49.79, 53.51, 50.22, 52.49, 52.87722244079737, 76.53468274159142, 35.624042337793014, 54.5497722089171, 61.61579268606067, 59.89410466885521, 49.57763106407447, 40.05119380231943, 27.685182725603223, 28.227747150777855, 62.943591669940616, 27.298142307634578, 50.62555550146952, 48.263605334690865, 31.939187490342906, 47.436067357687115, 14.075660031740568, 52.75158652286241, 62.164249097139425, 59.24744491650678, 53.31, 53.23, 49.42, 51.93, 49.74, 46.56, 47.72, 43.53, 48.11, 43.43, 45.58, 42.62, 45.59, 45.97, 45.2, 44.68, 49.36, 50.07, 51.41, 49.74, 54.99, 57.62, 53.14, 54.8, 53.71, 52.84, 53.5, 51.92, 49.96, 44.93, 43.52, 48.22, 43.79, 42.57, 42.36, 42.18, 45.28, 42.03, 43.61, 47.88, 49.4, 49.51, 53.27, 50.64], "labels": [0, 0, 0, 0, 0, 0, 0, 0, 0, 0, 0, 0, 0, 0, 0, 0, 0, 0, 0, 0, 0, 0, 0, 0, 0, 0, 0, 0, 0, 0, 0, 0, 0, 0, 0, 0, 1, 1, 1, 1, 1, 1, 1, 1, 1, 1, 1, 1, 1, 1, 1, 1, 1, 1, 1, 1, 0, 0, 0, 0, 0, 0, 0, 0, 0, 0, 0, 0, 0, 0, 0, 0, 0, 0, 0, 0, 0, 0, 0, 0, 0, 0, 0, 0, 0, 0, 0, 0, 0, 0, 0, 0, 0, 0, 0, 0, 0, 0, 0, 0], "is_anomalous": true, "anomaly_type": "variance_change", "anomaly_positions": [36, 37, 38, 39, 40, 41, 42, 43, 44, 45, 46, 47, 48, 49, 50, 51, 52, 53, 54, 55], "length": 100}