{"id": "anomalous_000473", "series": [47.59, 46.88, 50.31, 53.26, 50.49, 50.88, 54.85, 53.91, 50.56, 50.73, 49.51, 49.91, 47.77, 47.38, 44.7, 42.41, 42.73, 40.25, 45.22, 42.69, 45.43, 40.62, 45.33, 44.04, 45.37, 46.62, 51.12, 56.29, 49.59, 49.26, 55.29, 47.6, 51.97, 46.920747379802386, 47.312328704138935, 63.16400990755827, 31.856031090775026, 65.65721765500844, 53.19413047289068, 40.67450965189694, 10.156975217033114, 51.87926841078909, 69.0788807693686, 28.20967940291991, 53.115059274396586, 62.635984180897836, 52.17451920847955, 32.32660599296437, 30.52219185086249, 75.90987805642527, 48.587596276724916, 28.66448992180185, 91.0961862237573, 51.9, 50.96, 50.67, 51.45, 52.51, 47.88, 48.51, 46.72, 47.24, 40.15, 45.58, 37.94, 42.3, 42.68, 41.59, 38.25, 43.37, 43.51, 44.91, 45.63, 51.18, 47.03, 49.0, 51.5, 51.31, 49.26, 52.89, 51.82, 47.55, 48.65, 49.1, 50.14, 46.7, 41.98, 43.06, 42.4, 41.68, 41.94, 43.83, 41.41, 42.33, 42.25, 46.94, 45.4, 48.38, 47.43, 50.3], "labels": [0, 0, 0, 0, 0, 0, 0, 0, 0, 0, 0, 0, 0, 0, 0, 0, 0, 0, 0, 0, 0, 0, 0, 0, 0, 0, 0, 0, 0, 0, 0, 0, 0, 1, 1, 1, 1, 1, 1, 1, 1, 1, 1, 1, 1, 1, 1, 1, 1, 1, 1, 1, 1, 0, 0, 0, 0, 0, 0, 0, 0, 0, 0, 0, 0, 0, 0, 0, 0, 0, 0, 0, 0, 0, 0, 0, 0, 0, 0, 0, 0, 0, 0, 0, 0, 0, 0, 0, 0, 0, 0, 0, 0, 0, 0, 0, 0, 0, 0, 0], "is_anomalous": true, "anomaly_type": "variance_change", "anomaly_positions": [33, 34, 35, 36, 37, 38, 39, 40, 41, 42, 43, 44, 45, 46, 47, 48, 49, 50, 51, 52], "length": 100}