{"id": "anomalous_000566", "series": [55.5, 48.79, 53.72, 55.62, 59.39, 54.12, 56.25, 57.32, 55.49, 53.81, 57.1, 52.24, 52.53, 52.99, 49.45, 52.58, 44.61, 48.67, 52.36, 46.83, 47.01, 47.55, 47.64, 53.15, 48.44, 55.02, 55.5, 55.13, 54.74, 58.7, 54.18, 57.08, 55.55, 54.82, 57.01, 52.24, 53.68, 51.2, 48.72, 46.427262116410255, 48.48893626362749, 51.87104430615062, 52.34734537873258, 55.28376180892718, 51.567110530957734, 57.63881053567896, 61.16271681310122, 63.50540152648774, 70.2642135402738, 59.27689288843445, 57.83893839596593, 71.29543859614292, 67.37273701520398, 68.27533602591542, 77.4285275475314, 70.01964228475883, 74.15454454841574, 68.45389095197942, 83.36865921726574, 70.07876887901476, 85.72501233630675, 65.01896792600748, 78.16780654097138, 79.242717909707, 80.6678937302465, 68.3625628974477, 56.03880781892312, 70.11600448239084, 65.72906687029312, 70.05014108789776, 80.7283787745137, 74.63866496571843, 73.80224431253453, 86.72773792278487, 90.16716906081274, 95.16938024650527, 99.48762944954812, 87.68807699718553, 87.67169721872234, 74.25646136303614, 76.0698526125377, 99.78934218693843, 98.58507003613138, 113.57366931463758, 101.94169161811357, 82.08301710342812, 107.19255941890214, 115.03951984079711, 84.59376613870893, 88.97672904594239, 83.90328383099347, 107.02902373183395, 86.28044105275262, 97.0715290925145, 115.06111442415386, 121.56957336513881, 114.94094941296638, 127.06360045156626, 89.12027994628843, 132.67438372414247], "labels": [0, 0, 0, 0, 0, 0, 0, 0, 0, 0, 0, 0, 0, 0, 0, 0, 0, 0, 0, 0, 0, 0, 0, 0, 0, 0, 0, 0, 0, 0, 0, 0, 0, 0, 0, 0, 0, 0, 1, 1, 1, 1, 1, 1, 1, 1, 1, 1, 1, 1, 1, 1, 1, 1, 1, 1, 1, 1, 1, 1, 1, 1, 1, 1, 1, 1, 1, 1, 1, 1, 1, 1, 1, 1, 1, 1, 1, 1, 1, 1, 1, 1, 1, 1, 1, 1, 1, 1, 1, 1, 1, 1, 1, 1, 1, 1, 1, 1, 1, 1], "is_anomalous": true, "anomaly_type": "trend_change", "anomaly_positions": [38, 39, 40, 41, 42, 43, 44, 45, 46, 47, 48, 49, 50, 51, 52, 53, 54, 55, 56, 57, 58, 59, 60, 61, 62, 63, 64, 65, 66, 67, 68, 69, 70, 71, 72, 73, 74, 75, 76, 77, 78, 79, 80, 81, 82, 83, 84, 85, 86, 87, 88, 89, 90, 91, 92, 93, 94, 95, 96, 97, 98, 99], "length": 100}