{"id": "anomalous_000088", "series": [44.85, 48.25, 47.74, 48.9, 48.14, 50.31, 49.62, 51.02, 51.0, 52.27, 47.68, 46.18, 47.78, 44.82, 43.37, 43.15, 39.85, 42.29, 40.22, 41.72, 43.79, 43.39, 42.99, 44.95, 46.12, 47.61, 46.98, 50.13, 51.98, 52.45, 50.56, 49.57, 48.59, 49.83, 50.22, 50.27, 46.28, 45.96, 46.0, 44.97, 43.08, 42.25, 38.77, 43.97, 41.85, 42.82, 45.47, 47.62, 48.6, 50.78, 51.37, 51.74, 53.24, 53.97, 52.78, 53.52, 54.48, 51.54, 48.66, 49.02, 48.7, 52.38056375313947, 43.88862451664979, 44.22981172157813, 30.329438970519636, 38.21957094276974, 20.96188256066572, 16.52183263413632, 59.84202643312808, 29.941878727644337, 71.12883695760164, 39.00624401579951, 36.99828317727297, 54.32188208235095, 43.11236792902228, 57.23055120463122, 85.20857959476666, 58.780742045352156, 76.98732022404602, 56.973699886181585, 46.8915765235819, 56.26, 47.93, 50.93, 49.48, 49.09, 47.84, 44.29, 45.46, 44.87, 43.95, 43.99, 46.53, 44.58, 48.15, 48.25, 50.09, 52.32, 55.13, 52.15], "labels": [0, 0, 0, 0, 0, 0, 0, 0, 0, 0, 0, 0, 0, 0, 0, 0, 0, 0, 0, 0, 0, 0, 0, 0, 0, 0, 0, 0, 0, 0, 0, 0, 0, 0, 0, 0, 0, 0, 0, 0, 0, 0, 0, 0, 0, 0, 0, 0, 0, 0, 0, 0, 0, 0, 0, 0, 0, 0, 0, 0, 0, 1, 1, 1, 1, 1, 1, 1, 1, 1, 1, 1, 1, 1, 1, 1, 1, 1, 1, 1, 1, 0, 0, 0, 0, 0, 0, 0, 0, 0, 0, 0, 0, 0, 0, 0, 0, 0, 0, 0], "is_anomalous": true, "anomaly_type": "variance_change", "anomaly_positions": [61, 62, 63, 64, 65, 66, 67, 68, 69, 70, 71, 72, 73, 74, 75, 76, 77, 78, 79, 80], "length": 100}