{"id": "anomalous_000239", "series": [47.17, 49.48, 50.59, 49.8, 50.59, 51.86, 50.75, 52.22, 50.72, 50.19, 47.3, 46.76, 46.79, 44.37, 42.93, 42.86, 44.12, 41.35, 41.52, 39.8, 41.75, 45.59, 43.88, 42.76, 45.08, 45.9, 49.16, 51.11, 52.02, 53.16, 50.54, 13.744185480874599, 12.584185480874602, 11.334185480874602, 13.714185480874605, 9.794185480874603, 8.304185480874601, 7.674185480874598, 5.904185480874602, 7.7041854808745995, 5.244185480874599, 40.55, 42.45, 42.48, 40.31, 42.47, 43.85, 46.11, 44.67, 47.43, 49.33, 49.03, 51.75, 51.06, 50.36, 52.74, 50.38, 50.95, 50.73, 45.92, 47.33, 43.84, 42.35, 41.19, 40.8, 40.26, 39.93, 40.33, 40.14, 41.28, 42.67, 44.58, 45.49, 47.83, 48.37, 47.78, 49.37, 51.9, 50.42, 50.16, 50.97, 50.81, 49.17, 47.86, 45.78, 46.34, 44.21, 42.05, 42.8, 41.73, 41.16, 41.24, 39.76, 43.21, 42.87, 44.58, 43.52, 48.55, 47.74, 49.81], "labels": [0, 0, 0, 0, 0, 0, 0, 0, 0, 0, 0, 0, 0, 0, 0, 0, 0, 0, 0, 0, 0, 0, 0, 0, 0, 0, 0, 0, 0, 0, 0, 1, 1, 1, 1, 1, 1, 1, 1, 1, 1, 0, 0, 0, 0, 0, 0, 0, 0, 0, 0, 0, 0, 0, 0, 0, 0, 0, 0, 0, 0, 0, 0, 0, 0, 0, 0, 0, 0, 0, 0, 0, 0, 0, 0, 0, 0, 0, 0, 0, 0, 0, 0, 0, 0, 0, 0, 0, 0, 0, 0, 0, 0, 0, 0, 0, 0, 0, 0, 0], "is_anomalous": true, "anomaly_type": "shift", "anomaly_positions": [31, 32, 33, 34, 35, 36, 37, 38, 39, 40], "length": 100}