{"id": "anomalous_000416", "series": [46.67, 47.12, 52.5, 47.73, 54.56, 52.61, 53.12, 52.96, 51.39, 50.08, 51.92, 50.64, 45.18, 46.48, 44.04, 41.8, 45.7, 39.74, 44.34, 43.05, 43.08, 43.98, 47.2, 47.0, 46.08, 46.23, 50.09, 50.68, 49.62, 52.17, 51.4, 52.1, 48.71, 49.1, 51.08, 45.87, 47.57, 44.68, 43.61, 41.94, 42.34, 43.27, 39.83, 42.05, 43.45, 42.15, 42.31, 43.65, 44.27, 45.97, 48.3, 49.36, 50.12, 47.98, 50.25, 48.72, 49.58, 47.58, 50.45, 49.06, 43.17, 44.55, 41.75, 39.89, 41.45, 39.58, 68.70101986546001, 67.14101986546001, 69.12101986546, 66.83101986546001, 68.26101986546001, 70.53101986546001, 71.94101986546, 72.57101986546002, 74.67101986546001, 75.70101986546001, 47.94, 50.64, 50.0, 51.45, 47.73, 46.95, 45.62, 44.84, 43.9, 45.11, 43.5, 40.94, 39.53, 38.59, 42.02, 40.18, 39.88, 39.3, 39.85, 40.97, 42.29, 46.92, 45.71, 48.3], "labels": [0, 0, 0, 0, 0, 0, 0, 0, 0, 0, 0, 0, 0, 0, 0, 0, 0, 0, 0, 0, 0, 0, 0, 0, 0, 0, 0, 0, 0, 0, 0, 0, 0, 0, 0, 0, 0, 0, 0, 0, 0, 0, 0, 0, 0, 0, 0, 0, 0, 0, 0, 0, 0, 0, 0, 0, 0, 0, 0, 0, 0, 0, 0, 0, 0, 0, 1, 1, 1, 1, 1, 1, 1, 1, 1, 1, 0, 0, 0, 0, 0, 0, 0, 0, 0, 0, 0, 0, 0, 0, 0, 0, 0, 0, 0, 0, 0, 0, 0, 0], "is_anomalous": true, "anomaly_type": "shift", "anomaly_positions": [66, 67, 68, 69, 70, 71, 72, 73, 74, 75], "length": 100}