{"id": "anomalous_000589", "series": [51.03, 49.75, 53.24, 52.26, 54.35, 54.85, 51.79, 54.68, 54.07, 53.77, 49.8, 50.66, 51.24, 47.88, 46.72, 44.58, 45.7, 45.87, 45.13, 42.4, 45.69, 45.0, 44.95, 45.96, 48.79, 46.75, 52.11, 51.53, 53.38, 53.24, 53.26, 52.77, 53.47, 51.19, 50.94, 52.167033307713794, 42.599414685815, 50.681825171783714, 66.3719847197189, 42.846513443151345, 57.85183140238881, 37.66945160176937, 33.1608887040272, 54.19720095295356, 35.593715695030276, 53.50057985969593, 56.53990856188072, 47.996948880105606, 48.787414846929224, 51.5489665048491, 73.03009750363624, 56.760015766088884, 55.795413005561116, 52.95622537091035, 62.59336844334543, 56.1, 55.03, 51.5, 49.68, 50.64, 48.9, 47.79, 45.87, 45.72, 42.86, 44.98, 43.12, 45.42, 46.12, 42.91, 47.07, 45.31, 49.48, 53.23, 52.2, 55.14, 52.67, 51.5, 55.88, 53.25, 54.38, 51.77, 50.3, 52.72, 51.8, 46.43, 46.78, 46.02, 42.18, 42.86, 42.39, 42.84, 43.02, 45.36, 44.86, 48.4, 47.12, 48.46, 51.08, 52.73], "labels": [0, 0, 0, 0, 0, 0, 0, 0, 0, 0, 0, 0, 0, 0, 0, 0, 0, 0, 0, 0, 0, 0, 0, 0, 0, 0, 0, 0, 0, 0, 0, 0, 0, 0, 0, 1, 1, 1, 1, 1, 1, 1, 1, 1, 1, 1, 1, 1, 1, 1, 1, 1, 1, 1, 1, 0, 0, 0, 0, 0, 0, 0, 0, 0, 0, 0, 0, 0, 0, 0, 0, 0, 0, 0, 0, 0, 0, 0, 0, 0, 0, 0, 0, 0, 0, 0, 0, 0, 0, 0, 0, 0, 0, 0, 0, 0, 0, 0, 0, 0], "is_anomalous": true, "anomaly_type": "variance_change", "anomaly_positions": [35, 36, 37, 38, 39, 40, 41, 42, 43, 44, 45, 46, 47, 48, 49, 50, 51, 52, 53, 54], "length": 100}