{"id": "anomalous_000564", "series": [54.94, 55.32, 58.33, 55.1, 59.61, 58.86, 58.93, 59.24, 57.49, 57.1, 56.96, 53.16, 55.55, 53.63, 53.26, 49.11, 47.83, 51.34, 46.62, 46.8, 52.67, 49.5, 48.66, 52.83, 50.59, 58.39, 55.89, 57.6, 58.32, 54.47, 58.0, 58.76, 59.04, 56.34, 57.96, 54.48, 53.6, 55.99, 52.96, 46.87, 50.08, 44.5, 49.73, 48.85, 47.18, 46.73, 51.14, 52.69, 53.84, 54.65, 54.84, 54.39, 54.01, 59.92, 58.84, 60.561768677509754, 59.57830501395413, 60.552253340997915, 56.52887770050032, 60.02150315211693, 51.59451260990208, 57.41073625482034, 57.25177692105208, 60.24531190208445, 57.59439348287667, 56.43440943584848, 62.91010356834086, 56.476236602016066, 56.24614140119344, 61.39491369959128, 62.49422580329529, 64.18376794003498, 78.86169704246672, 70.41586816999623, 80.50117629686994, 76.57478004103984, 81.98100962916462, 81.2468294806078, 92.9771433219457, 87.26725073971157, 80.85441094064632, 74.14068602695967, 87.63028362675327, 77.93210360765828, 92.87582724427118, 72.84245650045794, 97.66746373933076, 70.76371169388847, 67.65101555678345, 87.30827644115669, 66.21158775208578, 69.61021301560598, 102.613264863411, 103.73241229299694, 74.59096122430023, 81.20888028019567, 93.57283879454273, 83.34113800670552, 122.38651375516434, 116.45688461866735], "labels": [0, 0, 0, 0, 0, 0, 0, 0, 0, 0, 0, 0, 0, 0, 0, 0, 0, 0, 0, 0, 0, 0, 0, 0, 0, 0, 0, 0, 0, 0, 0, 0, 0, 0, 0, 0, 0, 0, 0, 0, 0, 0, 0, 0, 0, 0, 0, 0, 0, 0, 0, 0, 0, 0, 1, 1, 1, 1, 1, 1, 1, 1, 1, 1, 1, 1, 1, 1, 1, 1, 1, 1, 1, 1, 1, 1, 1, 1, 1, 1, 1, 1, 1, 1, 1, 1, 1, 1, 1, 1, 1, 1, 1, 1, 1, 1, 1, 1, 1, 1], "is_anomalous": true, "anomaly_type": "trend_change", "anomaly_positions": [54, 55, 56, 57, 58, 59, 60, 61, 62, 63, 64, 65, 66, 67, 68, 69, 70, 71, 72, 73, 74, 75, 76, 77, 78, 79, 80, 81, 82, 83, 84, 85, 86, 87, 88, 89, 90, 91, 92, 93, 94, 95, 96, 97, 98, 99], "length": 100}