{"id": "anomalous_000022", "series": [45.39, 49.25, 48.75, 51.89, 51.84, 51.13, 52.86, 54.47, 48.23, 52.24, 51.65, 42.36, 45.0, 41.92, 39.21, 40.46, 41.48, 45.75, 40.56, 44.86, 43.19, 38.08, 44.49, 45.52, 42.98, 43.26, 48.29, 52.89, 51.52, 49.96, 53.61, 51.39, 52.27, 65.96566402788947, 42.614922532365654, 41.70143579016798, 34.279766450104646, 52.69137826565661, 44.3508618011985, 29.284693080843745, 17.83805297236204, 58.882928202458004, 27.62762728440714, 65.49832788529689, 47.15512528932445, 40.898497193439766, 49.29031716956221, 41.89621358380937, 37.03301459056086, 61.19403958609524, 60.16262732078589, 51.13649176170139, 37.7313535340855, 47.46, 48.9, 50.94, 50.13, 47.4, 47.05, 46.24, 50.53, 45.79, 43.64, 42.54, 40.67, 45.66, 37.17, 43.53, 40.28, 41.63, 40.34, 44.48, 43.91, 47.92, 50.68, 49.85, 51.36, 48.5, 50.87, 48.67, 45.36, 49.98, 48.6, 45.84, 40.74, 44.62, 39.88, 40.17, 39.41, 35.86, 44.69, 44.92, 43.41, 41.35, 40.51, 39.45, 40.26, 44.38, 48.76, 53.09], "labels": [0, 0, 0, 0, 0, 0, 0, 0, 0, 0, 0, 0, 0, 0, 0, 0, 0, 0, 0, 0, 0, 0, 0, 0, 0, 0, 0, 0, 0, 0, 0, 0, 0, 1, 1, 1, 1, 1, 1, 1, 1, 1, 1, 1, 1, 1, 1, 1, 1, 1, 1, 1, 1, 0, 0, 0, 0, 0, 0, 0, 0, 0, 0, 0, 0, 0, 0, 0, 0, 0, 0, 0, 0, 0, 0, 0, 0, 0, 0, 0, 0, 0, 0, 0, 0, 0, 0, 0, 0, 0, 0, 0, 0, 0, 0, 0, 0, 0, 0, 0], "is_anomalous": true, "anomaly_type": "variance_change", "anomaly_positions": [33, 34, 35, 36, 37, 38, 39, 40, 41, 42, 43, 44, 45, 46, 47, 48, 49, 50, 51, 52], "length": 100}