{"id": "anomalous_000323", "series": [52.85, 52.74, 53.73, 55.93, 54.68, 57.19, 56.12, 57.29, 56.67, 55.12, 52.55, 53.37, 51.69, 51.29, 48.79, 48.1, 46.51, 47.82, 45.29, 49.26, 48.99, 47.27, 49.23, 49.1, 52.04, 51.7, 55.12, 55.02, 56.1, 56.1, 54.14, 55.53, 54.5, 57.63, 54.92, 53.6, 53.24, 50.44, 50.61, 46.7, 47.8, 48.83, 53.223037845133675, 56.969546289304034, 54.37405133487181, 37.668397792354355, 64.41631914755057, 49.15779821447429, 51.1831895441763, 69.9055051475159, 55.49859613134434, 76.55319791035699, 51.009920854308525, 62.864360727868615, 66.3568293124686, 82.64474706068867, 63.99363800535133, 64.52290981833808, 62.52855989237584, 45.159854464491545, 47.16588397616318, 16.555921721337, 50.26, 48.0, 46.56, 45.8, 46.61, 49.35, 46.6, 50.63, 49.83, 51.79, 52.44, 52.71, 54.57, 54.65, 56.39, 57.03, 56.43, 58.24, 55.54, 55.15, 57.33, 51.1, 52.73, 51.43, 49.19, 50.75, 48.7, 46.47, 48.52, 49.27, 48.93, 47.26, 50.18, 52.16, 50.97, 54.45, 55.47, 57.84], "labels": [0, 0, 0, 0, 0, 0, 0, 0, 0, 0, 0, 0, 0, 0, 0, 0, 0, 0, 0, 0, 0, 0, 0, 0, 0, 0, 0, 0, 0, 0, 0, 0, 0, 0, 0, 0, 0, 0, 0, 0, 0, 0, 1, 1, 1, 1, 1, 1, 1, 1, 1, 1, 1, 1, 1, 1, 1, 1, 1, 1, 1, 1, 0, 0, 0, 0, 0, 0, 0, 0, 0, 0, 0, 0, 0, 0, 0, 0, 0, 0, 0, 0, 0, 0, 0, 0, 0, 0, 0, 0, 0, 0, 0, 0, 0, 0, 0, 0, 0, 0], "is_anomalous": true, "anomaly_type": "variance_change", "anomaly_positions": [42, 43, 44, 45, 46, 47, 48, 49, 50, 51, 52, 53, 54, 55, 56, 57, 58, 59, 60, 61], "length": 100}