{"id": "anomalous_000242", "series": [54.12, 50.69, 54.03, 54.02, 54.87, 57.88, 58.17, 56.82, 56.74, 58.04, 51.37, 52.33, 51.59, 51.82, 49.88, 50.4, 51.08, 48.31, 46.98, 47.0, 49.93, 48.1, 50.9, 50.02, 51.19, 54.52, 56.43, 54.94, 57.03, 56.79, 59.49, 57.3, 59.71, 57.86, 54.87, 56.57, 51.47, 54.78, 51.04, 49.41, 52.6, 48.16, 48.75, 47.8, 51.19, 50.44, 52.86, 50.87, 55.36, 55.2, 58.59, 58.08, 58.42, 58.13, 57.92, 61.66, 60.6, 56.69, 54.11, 55.17, 52.78, 51.14, 51.28, 50.66, 47.18, 17.580143485191314, 17.490143485191318, 19.050143485191313, 17.100143485191317, 18.370143485191313, 16.16014348519132, 21.56014348519132, 20.27014348519132, 24.760143485191314, 26.180143485191316, 58.58, 58.27, 60.64, 60.12, 58.33, 58.21, 54.52, 57.04, 55.08, 59.15, 53.05, 52.06, 50.24, 49.86, 51.42, 48.41, 48.98, 54.87, 55.34, 52.79, 54.76, 54.74, 56.96, 54.49, 58.73], "labels": [0, 0, 0, 0, 0, 0, 0, 0, 0, 0, 0, 0, 0, 0, 0, 0, 0, 0, 0, 0, 0, 0, 0, 0, 0, 0, 0, 0, 0, 0, 0, 0, 0, 0, 0, 0, 0, 0, 0, 0, 0, 0, 0, 0, 0, 0, 0, 0, 0, 0, 0, 0, 0, 0, 0, 0, 0, 0, 0, 0, 0, 0, 0, 0, 0, 1, 1, 1, 1, 1, 1, 1, 1, 1, 1, 0, 0, 0, 0, 0, 0, 0, 0, 0, 0, 0, 0, 0, 0, 0, 0, 0, 0, 0, 0, 0, 0, 0, 0, 0], "is_anomalous": true, "anomaly_type": "shift", "anomaly_positions": [65, 66, 67, 68, 69, 70, 71, 72, 73, 74], "length": 100}