{"id": "anomalous_000421", "series": [51.07, 51.63, 54.6, 55.01, 53.13, 57.86, 55.11, 56.01, 56.08, 53.65, 53.56, 51.83, 47.56, 52.21, 49.89, 51.0, 47.91, 47.98, 48.82, 47.23, 44.75, 50.2, 47.38, 52.76, 49.07, 49.46, 52.98, 52.58, 54.87, 58.08, 54.79, 54.11, 54.25, 51.46, 55.14, 51.62, 53.99, 48.18, 50.59, 48.76, 47.14, 46.06, 43.28, 46.96, 46.98, 50.19, 46.49, 53.46, 49.67, 53.08, 54.08, 54.28, 55.46, 59.28, 54.79, 56.25, 56.96, 57.21, 55.79, 57.76, 55.57, 50.02, 46.47, 50.28, 46.78, 47.72, 43.83, 44.89, 48.265197703200776, 48.73051062506933, 52.36296092301669, 55.94016109276926, 54.13083994114293, 60.50137104188591, 61.84943267543833, 62.072410049078584, 62.7426725853759, 61.352745542898546, 72.12142848265425, 61.0457010651104, 63.781291051781544, 78.48718217419231, 72.18794600990317, 65.13570031380202, 62.39080484994003, 68.16246846806426, 58.12458804062832, 63.07022995877951, 74.2891872259175, 63.77802789358738, 70.45229282607308, 76.24319552997478, 61.16990897439957, 62.894951393253855, 64.86592249956182, 62.60569832384359, 91.00356540135164, 81.35740989890874, 92.731333125678, 92.14059004927593], "labels": [0, 0, 0, 0, 0, 0, 0, 0, 0, 0, 0, 0, 0, 0, 0, 0, 0, 0, 0, 0, 0, 0, 0, 0, 0, 0, 0, 0, 0, 0, 0, 0, 0, 0, 0, 0, 0, 0, 0, 0, 0, 0, 0, 0, 0, 0, 0, 0, 0, 0, 0, 0, 0, 0, 0, 0, 0, 0, 0, 0, 0, 0, 0, 0, 0, 0, 0, 1, 1, 1, 1, 1, 1, 1, 1, 1, 1, 1, 1, 1, 1, 1, 1, 1, 1, 1, 1, 1, 1, 1, 1, 1, 1, 1, 1, 1, 1, 1, 1, 1], "is_anomalous": true, "anomaly_type": "trend_change", "anomaly_positions": [67, 68, 69, 70, 71, 72, 73, 74, 75, 76, 77, 78, 79, 80, 81, 82, 83, 84, 85, 86, 87, 88, 89, 90, 91, 92, 93, 94, 95, 96, 97, 98, 99], "length": 100}