{"id": "anomalous_000442", "series": [46.22, 52.27, 48.34, 49.07, 48.18, 53.06, 48.26, 45.86, 51.21, 53.87, 48.61, 42.77, 45.99, 47.67, 44.12, 43.71, 39.32, 41.3, 44.99, 39.98, 43.42, 43.53, 43.54, 44.38, 46.51, 47.99, 51.33, 56.02, 56.69, 55.71, 55.27, 56.36, 55.8, 55.78, 49.26, 52.58, 46.14, 44.78, 49.45, 44.12, 41.91, 45.02, 44.14, 45.75, 40.99, 40.79, 39.48, 50.2, 45.34, 49.19, 48.62, 53.81, 55.19, 57.56, 56.33, 14.016105919996868, 23.306105919996867, 13.096105919996866, 11.156105919996868, 15.526105919996866, 7.386105919996865, 7.9661059199968705, 13.78610591999687, 13.906105919996868, 11.93610591999687, 43.89, 44.13, 44.86, 41.58, 49.7, 46.44, 46.39, 50.79, 54.28, 53.53, 46.43, 56.1, 54.5, 52.87, 59.27, 56.19, 50.22, 53.11, 52.14, 47.8, 49.66, 53.03, 45.16, 49.33, 48.02, 43.45, 48.38, 45.87, 50.01, 47.06, 42.31, 51.69, 52.46, 54.51, 53.59], "labels": [0, 0, 0, 0, 0, 0, 0, 0, 0, 0, 0, 0, 0, 0, 0, 0, 0, 0, 0, 0, 0, 0, 0, 0, 0, 0, 0, 0, 0, 0, 0, 0, 0, 0, 0, 0, 0, 0, 0, 0, 0, 0, 0, 0, 0, 0, 0, 0, 0, 0, 0, 0, 0, 0, 0, 1, 1, 1, 1, 1, 1, 1, 1, 1, 1, 0, 0, 0, 0, 0, 0, 0, 0, 0, 0, 0, 0, 0, 0, 0, 0, 0, 0, 0, 0, 0, 0, 0, 0, 0, 0, 0, 0, 0, 0, 0, 0, 0, 0, 0], "is_anomalous": true, "anomaly_type": "shift", "anomaly_positions": [55, 56, 57, 58, 59, 60, 61, 62, 63, 64], "length": 100}