{"id": "anomalous_000175", "series": [53.82, 56.77, 62.98, 54.91, 59.49, 57.49, 58.17, 56.88, 60.37, 55.48, 54.33, 54.7, 56.2, 52.36, 49.98, 46.64, 45.13, 50.07, 47.21, 47.73, 46.97, 47.45, 52.33, 53.22, 51.42, 55.94, 56.56, 55.18, 58.85, 59.63, 59.71, 54.33, 58.18, 55.1, 49.68, 59.51, 52.46, 45.69, 51.77, 49.24, 46.26, 47.47, 40.15, 48.92, 82.32173405546237, 85.77173405546236, 85.24173405546236, 84.36173405546236, 83.89173405546236, 90.78173405546238, 88.51173405546237, 88.10173405546237, 91.78173405546238, 90.17173405546237, 59.67, 53.01, 55.63, 59.11, 56.53, 52.24, 51.77, 55.04, 55.36, 47.05, 45.35, 50.49, 51.39, 48.26, 46.48, 54.75, 49.8, 45.69, 52.5, 55.49, 57.08, 55.37, 58.73, 59.66, 57.72, 63.1, 56.84, 56.07, 53.92, 52.88, 57.23, 56.18, 51.9, 47.24, 45.73, 49.08, 46.94, 46.89, 49.57, 51.57, 47.88, 54.42, 45.98, 53.91, 56.73, 57.89], "labels": [0, 0, 0, 0, 0, 0, 0, 0, 0, 0, 0, 0, 0, 0, 0, 0, 0, 0, 0, 0, 0, 0, 0, 0, 0, 0, 0, 0, 0, 0, 0, 0, 0, 0, 0, 0, 0, 0, 0, 0, 0, 0, 0, 0, 1, 1, 1, 1, 1, 1, 1, 1, 1, 1, 0, 0, 0, 0, 0, 0, 0, 0, 0, 0, 0, 0, 0, 0, 0, 0, 0, 0, 0, 0, 0, 0, 0, 0, 0, 0, 0, 0, 0, 0, 0, 0, 0, 0, 0, 0, 0, 0, 0, 0, 0, 0, 0, 0, 0, 0], "is_anomalous": true, "anomaly_type": "shift", "anomaly_positions": [44, 45, 46, 47, 48, 49, 50, 51, 52, 53], "length": 100}