{"id": "anomalous_000592", "series": [46.04, 45.63, 50.92, 48.97, 52.83, 47.26, 48.12, 47.62, 52.1, 50.23, 47.43, 48.89, 45.48, 41.42, 47.28, 40.02, 40.87, 40.01, 41.67, 35.59, 44.77, 41.12, 45.07, 43.85, 43.42, 46.7, 52.12, 46.94, 47.72, 47.43, 51.05, 54.89, 49.06, 49.49, 47.12, 48.32, 44.74, 40.56, 43.48, 41.01, 41.74, 37.71, 42.67, 37.66, 39.11, 42.36, 40.26, 46.39, 44.03, 46.21, 46.03, 49.16, 45.07, 52.55, 50.76, 49.74, 50.61, 50.26, 46.26, 45.13, 43.95, 42.55, 41.24, 40.5, 40.66, 18.809493175045926, 47.30601474451742, 49.58385332811433, 31.969150836252687, 64.5388768834603, 42.24483382577577, 45.0006477278829, 41.56090888684729, 35.37533515745207, 42.44341656285293, 56.99286962528751, 28.046521765357248, 55.09160233414973, 26.68430598440162, 47.611966616134715, 60.44676743562613, 38.27143921347174, 25.673668939613776, 43.48025863987049, 47.20327802163981, 45.19, 41.38, 41.95, 40.43, 39.93, 35.0, 39.4, 37.71, 43.65, 40.59, 38.65, 46.42, 46.68, 47.15, 46.49], "labels": [0, 0, 0, 0, 0, 0, 0, 0, 0, 0, 0, 0, 0, 0, 0, 0, 0, 0, 0, 0, 0, 0, 0, 0, 0, 0, 0, 0, 0, 0, 0, 0, 0, 0, 0, 0, 0, 0, 0, 0, 0, 0, 0, 0, 0, 0, 0, 0, 0, 0, 0, 0, 0, 0, 0, 0, 0, 0, 0, 0, 0, 0, 0, 0, 0, 1, 1, 1, 1, 1, 1, 1, 1, 1, 1, 1, 1, 1, 1, 1, 1, 1, 1, 1, 1, 0, 0, 0, 0, 0, 0, 0, 0, 0, 0, 0, 0, 0, 0, 0], "is_anomalous": true, "anomaly_type": "variance_change", "anomaly_positions": [65, 66, 67, 68, 69, 70, 71, 72, 73, 74, 75, 76, 77, 78, 79, 80, 81, 82, 83, 84], "length": 100}