{"id": "anomalous_000438", "series": [48.37, 53.15, 55.0, 51.18, 53.65, 55.87, 54.27, 54.03, 54.29, 54.33, 54.59, 50.51, 50.73, 49.31, 47.12, 48.8, 46.64, 44.83, 44.92, 43.62, 44.32, 47.17, 48.38, 48.21, 52.83, 49.94, 53.5, 51.98, 54.31, 55.14, 54.85, 56.43, 53.8, 53.27, 53.82, 54.65, 51.4, 49.11, 46.66, 46.62, 44.46, 49.03, 47.00627095200831, 48.23984320782617, 49.147942961200215, 50.39312683350696, 55.432046472675, 53.11304897815174, 58.724010132457316, 57.866938964308304, 63.96129459343697, 64.3770936249669, 64.734408376751, 66.11560682285192, 71.71482945844743, 69.33846764409884, 73.36547932110706, 68.90879475228505, 66.52963657353409, 68.56903648471017, 58.718890738632616, 72.37092145234944, 73.78776204242816, 62.36109173551725, 79.06429390618624, 65.35356109172858, 76.55921369887832, 82.4242143259147, 76.09658264234663, 62.4747222544853, 63.86741198598003, 81.29125210246153, 72.71706996945612, 85.0123471517249, 77.10971302711367, 78.94204196497674, 73.26521039062938, 89.16654036555838, 78.19291758857315, 76.80020750684643, 97.36034676735434, 104.41131416075049, 104.73884770487845, 110.70655009931289, 72.55947037959643, 90.06430443007608, 103.89434459594193, 109.19011007502232, 81.87906610556368, 99.5593225707748, 90.08436603955607, 112.08021533881961, 76.11819082358087, 90.71435880205041, 83.94299920560428, 82.99000557208055, 95.56327588558986, 93.82111834409146, 103.69041422311653, 102.02487949442553], "labels": [0, 0, 0, 0, 0, 0, 0, 0, 0, 0, 0, 0, 0, 0, 0, 0, 0, 0, 0, 0, 0, 0, 0, 0, 0, 0, 0, 0, 0, 0, 0, 0, 0, 0, 0, 0, 0, 0, 0, 0, 0, 1, 1, 1, 1, 1, 1, 1, 1, 1, 1, 1, 1, 1, 1, 1, 1, 1, 1, 1, 1, 1, 1, 1, 1, 1, 1, 1, 1, 1, 1, 1, 1, 1, 1, 1, 1, 1, 1, 1, 1, 1, 1, 1, 1, 1, 1, 1, 1, 1, 1, 1, 1, 1, 1, 1, 1, 1, 1, 1], "is_anomalous": true, "anomaly_type": "trend_change", "anomaly_positions": [41, 42, 43, 44, 45, 46, 47, 48, 49, 50, 51, 52, 53, 54, 55, 56, 57, 58, 59, 60, 61, 62, 63, 64, 65, 66, 67, 68, 69, 70, 71, 72, 73, 74, 75, 76, 77, 78, 79, 80, 81, 82, 83, 84, 85, 86, 87, 88, 89, 90, 91, 92, 93, 94, 95, 96, 97, 98, 99], "length": 100}