{"id": "anomalous_000083", "series": [52.73, 54.8, 55.78, 55.87, 55.73, 57.7, 56.88, 56.45, 58.78, 56.9, 54.11, 53.99, 53.12, 53.37, 49.36, 49.79, 49.46, 48.34, 48.08, 47.73, 47.61, 51.56, 54.1, 52.7, 52.46, 55.3, 58.42, 57.94, 58.94, 60.3, 59.64, 59.2, 56.63, 59.55, 55.31, 55.47, 54.27, 52.33, 53.17, 51.3, 48.64, 47.04, 48.08, 49.53, 48.91, 51.61, 52.68, 55.49, 54.79, 55.35, 57.79, 57.0, 63.55, 57.41, 60.43, 56.93, 60.62, 56.45, 59.54, 56.06, 55.05, 54.98, 51.47, 51.35, 51.20238753759437, 52.60484242815133, 53.85000443923535, 56.91775252210984, 56.78369781224586, 55.7358362474315, 58.54688193102026, 62.651054466314896, 69.79664834258534, 65.93692629451475, 71.6597425459457, 66.10127901225414, 72.48162939755055, 78.22521334616513, 73.42549325572993, 69.95420685003344, 69.04804555294427, 71.21290021478858, 69.04641843210068, 73.56947534098825, 74.49699028248234, 69.3610363592653, 68.42285897735086, 78.68364327723853, 76.05609563720476, 74.48725900725765, 89.449914354725, 73.52287145460902, 70.41391612247804, 82.36971717765398, 89.0063389240657, 101.23838569575365, 75.16918877792298, 103.7706745987132, 90.11521419158812, 83.60170780005285], "labels": [0, 0, 0, 0, 0, 0, 0, 0, 0, 0, 0, 0, 0, 0, 0, 0, 0, 0, 0, 0, 0, 0, 0, 0, 0, 0, 0, 0, 0, 0, 0, 0, 0, 0, 0, 0, 0, 0, 0, 0, 0, 0, 0, 0, 0, 0, 0, 0, 0, 0, 0, 0, 0, 0, 0, 0, 0, 0, 0, 0, 0, 0, 0, 1, 1, 1, 1, 1, 1, 1, 1, 1, 1, 1, 1, 1, 1, 1, 1, 1, 1, 1, 1, 1, 1, 1, 1, 1, 1, 1, 1, 1, 1, 1, 1, 1, 1, 1, 1, 1], "is_anomalous": true, "anomaly_type": "trend_change", "anomaly_positions": [63, 64, 65, 66, 67, 68, 69, 70, 71, 72, 73, 74, 75, 76, 77, 78, 79, 80, 81, 82, 83, 84, 85, 86, 87, 88, 89, 90, 91, 92, 93, 94, 95, 96, 97, 98, 99], "length": 100}