{"id": "anomalous_000193", "series": [50.99, 50.7, 48.26, 50.22, 51.52, 54.71, 47.37, 51.37, 49.19, 56.13, 47.46, 49.9, 48.27, 46.35, 45.57, 43.02, 44.87, 47.16, 39.24, 45.13, 43.27, 40.11, 43.24, 48.02, 44.57, 48.67, 51.25, 52.54, 53.08, 52.03, 48.11, 50.8, 50.84, 49.47, 46.9, 47.07, 46.46825581011564, 45.11564376065593, 48.29770212453714, 45.702466113065775, 46.477084793759715, 45.16766070266698, 50.38758815240928, 43.494821046464196, 49.21568372205587, 49.956567393504606, 58.458202655030874, 57.42900080614209, 49.58211469409419, 55.63313485394118, 59.09878840589353, 72.90988137083322, 67.99321725594028, 62.830994953513624, 62.71619372229811, 69.81345069581286, 74.8234104896421, 62.11773273483628, 63.705699850203914, 72.67622106494098, 68.17857884230182, 58.20572526842443, 79.57089315130344, 66.2831808938101, 69.97483927369407, 59.05253696227906, 76.57324041429015, 79.40537903979777, 88.79055476311544, 64.84011899391595, 80.62842132715963, 68.80226584738492, 73.21424445320874, 102.54921249477837, 82.93053111222733, 108.28181043472321, 109.75302791187602, 86.00763357568786, 95.248782615679, 106.19463828874385, 116.59209944802691, 107.03143836944507, 89.2180913641911, 94.57892311859499, 121.2750539524707, 88.87454287493826, 87.39121054078024, 118.0390987711643, 86.60145217996038, 100.28113648419725, 93.63290097087093, 106.435788075876, 80.93015734419717, 71.79075385617023, 83.50660543948288, 113.04083907124738, 105.59196492857987, 93.68318257625288, 108.44798558478237, 120.51154975099084], "labels": [0, 0, 0, 0, 0, 0, 0, 0, 0, 0, 0, 0, 0, 0, 0, 0, 0, 0, 0, 0, 0, 0, 0, 0, 0, 0, 0, 0, 0, 0, 0, 0, 0, 0, 0, 1, 1, 1, 1, 1, 1, 1, 1, 1, 1, 1, 1, 1, 1, 1, 1, 1, 1, 1, 1, 1, 1, 1, 1, 1, 1, 1, 1, 1, 1, 1, 1, 1, 1, 1, 1, 1, 1, 1, 1, 1, 1, 1, 1, 1, 1, 1, 1, 1, 1, 1, 1, 1, 1, 1, 1, 1, 1, 1, 1, 1, 1, 1, 1, 1], "is_anomalous": true, "anomaly_type": "trend_change", "anomaly_positions": [35, 36, 37, 38, 39, 40, 41, 42, 43, 44, 45, 46, 47, 48, 49, 50, 51, 52, 53, 54, 55, 56, 57, 58, 59, 60, 61, 62, 63, 64, 65, 66, 67, 68, 69, 70, 71, 72, 73, 74, 75, 76, 77, 78, 79, 80, 81, 82, 83, 84, 85, 86, 87, 88, 89, 90, 91, 92, 93, 94, 95, 96, 97, 98, 99], "length": 100}