{"id": "anomalous_000779", "series": [53.19, 52.56, 51.47, 56.21, 58.85, 57.97, 56.62, 58.18, 53.3, 56.88, 52.2, 57.28, 53.83, 50.52, 48.1, 49.51, 46.27, 47.05, 47.46, 49.72, 50.62, 46.92, 45.49, 48.37, 54.4, 51.8, 56.46, 50.3, 59.71, 57.26, 55.15, 54.77, 57.04, 57.17, 55.25, 54.3, 51.07, 51.38, 23.571352989500102, 23.9013529895001, 20.5513529895001, 20.6113529895001, 21.4413529895001, 25.481352989500106, 20.981352989500106, 26.061352989500104, 25.021352989500105, 24.341352989500106, 56.46, 56.31, 52.0, 52.47, 54.41, 53.99, 54.17, 58.52, 56.51, 57.26, 54.81, 58.23, 50.32, 50.36, 48.9, 47.62, 46.41, 49.51, 48.15, 48.39, 48.81, 46.52, 48.79, 43.73, 49.44, 52.93, 53.63, 55.03, 53.15, 62.71, 58.54, 55.58, 58.89, 54.86, 59.44, 51.43, 50.77, 53.75, 47.45, 46.22, 48.87, 45.36, 48.64, 48.21, 41.44, 46.95, 44.63, 49.62, 51.97, 51.44, 55.75, 58.2], "labels": [0, 0, 0, 0, 0, 0, 0, 0, 0, 0, 0, 0, 0, 0, 0, 0, 0, 0, 0, 0, 0, 0, 0, 0, 0, 0, 0, 0, 0, 0, 0, 0, 0, 0, 0, 0, 0, 0, 1, 1, 1, 1, 1, 1, 1, 1, 1, 1, 0, 0, 0, 0, 0, 0, 0, 0, 0, 0, 0, 0, 0, 0, 0, 0, 0, 0, 0, 0, 0, 0, 0, 0, 0, 0, 0, 0, 0, 0, 0, 0, 0, 0, 0, 0, 0, 0, 0, 0, 0, 0, 0, 0, 0, 0, 0, 0, 0, 0, 0, 0], "is_anomalous": true, "anomaly_type": "shift", "anomaly_positions": [38, 39, 40, 41, 42, 43, 44, 45, 46, 47], "length": 100}