{"id": "anomalous_000248", "series": [43.51, 45.59, 50.12, 49.91, 53.69, 54.28, 48.09, 51.94, 51.83, 48.65, 52.09, 47.51, 39.34, 44.09, 42.74, 47.1, 39.19, 46.24, 40.79, 47.21, 44.74, 41.85, 47.98, 47.07, 46.34, 49.5, 45.89, 53.09, 51.98, 51.78, 26.328934465783238, 27.10893446578324, 21.39893446578324, 25.98893446578324, 25.42893446578324, 22.798934465783244, 17.878934465783242, 17.46893446578324, 20.66893446578324, 19.03893446578324, 46.4, 37.83, 45.36, 41.99, 48.42, 42.47, 42.62, 46.23, 48.74, 51.96, 51.86, 54.14, 54.43, 50.32, 54.67, 52.78, 52.73, 49.9, 45.76, 45.7, 50.08, 46.79, 42.08, 45.21, 44.29, 45.85, 44.17, 43.6, 44.52, 44.92, 39.87, 47.81, 44.49, 50.18, 50.04, 48.53, 56.05, 48.56, 55.02, 50.44, 51.49, 52.33, 50.51, 47.47, 49.44, 42.58, 41.6, 49.15, 43.32, 44.77, 41.2, 44.02, 43.85, 42.67, 44.23, 47.62, 50.04, 53.65, 50.89, 51.39], "labels": [0, 0, 0, 0, 0, 0, 0, 0, 0, 0, 0, 0, 0, 0, 0, 0, 0, 0, 0, 0, 0, 0, 0, 0, 0, 0, 0, 0, 0, 0, 1, 1, 1, 1, 1, 1, 1, 1, 1, 1, 0, 0, 0, 0, 0, 0, 0, 0, 0, 0, 0, 0, 0, 0, 0, 0, 0, 0, 0, 0, 0, 0, 0, 0, 0, 0, 0, 0, 0, 0, 0, 0, 0, 0, 0, 0, 0, 0, 0, 0, 0, 0, 0, 0, 0, 0, 0, 0, 0, 0, 0, 0, 0, 0, 0, 0, 0, 0, 0, 0], "is_anomalous": true, "anomaly_type": "shift", "anomaly_positions": [30, 31, 32, 33, 34, 35, 36, 37, 38, 39], "length": 100}