{"id": "anomalous_000383", "series": [47.26, 52.83, 52.03, 51.02, 54.73, 57.29, 55.7, 53.33, 50.41, 52.68, 50.21, 47.18, 47.61, 47.49, 47.65, 44.86, 45.21, 44.77, 44.14, 43.91, 45.76, 46.06, 45.6, 49.2, 48.02, 51.08, 50.47, 51.68, 56.28, 51.74, 53.74, 51.14, 51.96, 52.27, 54.32, 52.95, 50.2, 44.34, 46.39, 42.28, 44.38, 43.15, 42.74, 41.95, 43.17, 44.39, 45.05, 47.25, 47.34, 51.35, 50.27, 54.91, 10.788912699534706, 73.85797004232077, 57.52459886274244, 52.44607376177412, 43.59848957078607, 21.846908131040575, 60.11261336786026, 54.13760967596431, 49.80886044643763, 67.68883992195009, 70.20269878430472, 47.19272346532013, 82.7567160761212, 60.6810243258128, 40.2299632400075, 42.29688903964738, 31.939539714258494, 51.36767164045479, 35.79712367556772, 31.131349803852004, 45.5, 46.68, 50.68, 48.23, 47.22, 51.11, 50.88, 51.13, 51.17, 48.07, 48.27, 49.43, 46.63, 45.13, 45.11, 45.12, 43.96, 42.37, 41.47, 45.4, 43.61, 43.24, 44.96, 44.35, 45.16, 44.1, 49.41, 45.79], "labels": [0, 0, 0, 0, 0, 0, 0, 0, 0, 0, 0, 0, 0, 0, 0, 0, 0, 0, 0, 0, 0, 0, 0, 0, 0, 0, 0, 0, 0, 0, 0, 0, 0, 0, 0, 0, 0, 0, 0, 0, 0, 0, 0, 0, 0, 0, 0, 0, 0, 0, 0, 0, 1, 1, 1, 1, 1, 1, 1, 1, 1, 1, 1, 1, 1, 1, 1, 1, 1, 1, 1, 1, 0, 0, 0, 0, 0, 0, 0, 0, 0, 0, 0, 0, 0, 0, 0, 0, 0, 0, 0, 0, 0, 0, 0, 0, 0, 0, 0, 0], "is_anomalous": true, "anomaly_type": "variance_change", "anomaly_positions": [52, 53, 54, 55, 56, 57, 58, 59, 60, 61, 62, 63, 64, 65, 66, 67, 68, 69, 70, 71], "length": 100}