{"id": "anomalous_000557", "series": [53.92, 55.14, 56.97, 55.16, 59.54, 59.67, 59.92, 55.33, 58.46, 58.18, 60.34, 56.85, 52.99, 52.29, 55.08, 52.5, 51.52, 47.8, 50.48, 49.41, 50.45, 51.71, 51.11, 51.69, 53.96, 56.84, 58.06, 61.16, 59.79, 61.07, 60.22, 55.55, 62.43, 61.39, 58.47, 53.46, 54.14, 54.85, 53.52, 55.98219011369171, 66.63976753805045, 49.926272036329465, 55.773253659984746, 58.213288337552314, 67.83468937194336, 70.9111952892701, 40.447692841038865, 42.93474693080862, 69.03345111550641, 52.72351876603564, 55.92821544225079, 67.98558257666683, 80.53830873881962, 78.78820842278752, 49.52400000225509, 79.10015284873165, 66.20640182040673, 65.37880789881898, 79.09635556381382, 58.49, 57.42, 57.52, 52.98, 50.07, 52.59, 52.29, 49.14, 51.34, 51.37, 54.87, 53.6, 54.95, 57.72, 60.25, 56.85, 62.87, 61.87, 59.94, 64.58, 62.33, 61.24, 58.62, 61.59, 58.57, 57.83, 55.7, 53.36, 54.05, 53.35, 54.3, 51.94, 54.39, 52.1, 54.35, 56.71, 58.55, 59.35, 58.61, 59.53, 63.91], "labels": [0, 0, 0, 0, 0, 0, 0, 0, 0, 0, 0, 0, 0, 0, 0, 0, 0, 0, 0, 0, 0, 0, 0, 0, 0, 0, 0, 0, 0, 0, 0, 0, 0, 0, 0, 0, 0, 0, 0, 1, 1, 1, 1, 1, 1, 1, 1, 1, 1, 1, 1, 1, 1, 1, 1, 1, 1, 1, 1, 0, 0, 0, 0, 0, 0, 0, 0, 0, 0, 0, 0, 0, 0, 0, 0, 0, 0, 0, 0, 0, 0, 0, 0, 0, 0, 0, 0, 0, 0, 0, 0, 0, 0, 0, 0, 0, 0, 0, 0, 0], "is_anomalous": true, "anomaly_type": "variance_change", "anomaly_positions": [39, 40, 41, 42, 43, 44, 45, 46, 47, 48, 49, 50, 51, 52, 53, 54, 55, 56, 57, 58], "length": 100}