{"id": "anomalous_000517", "series": [50.27, 53.77, 55.78, 59.56, 55.98, 61.04, 60.7, 59.72, 57.76, 57.57, 54.69, 52.79, 54.15, 51.35, 49.65, 51.22, 48.43, 51.7, 47.54, 48.81, 51.46, 50.15, 50.14, 53.72, 52.34, 56.34, 56.15, 57.14, 60.48, 60.51, 56.64, 56.3, 58.07, 59.42, 54.45, 60.15, 52.4, 50.49, 50.24, 46.97, 47.83, 48.85, 47.44, 46.31, 46.42, 50.2, 50.19, 51.73, 54.96, 55.73, 55.87, 59.36, 58.44, 57.61, 56.27, 58.65, 58.69, 57.8, 59.12, 51.93, 56.48, 54.07, 49.7, 51.31, 49.01, 52.66, 50.33, 48.1, 47.62, 52.454700860685556, 21.104080238017374, 52.82131982887721, 57.416207730225, 74.09767050649972, 71.88667460523713, 42.59030687263903, 73.27048240627256, 53.779002039004695, 62.250718303509935, 61.648050682159585, 47.16842704686848, 69.89747584722477, 69.36974714572632, 62.07104702477065, 75.90623199632299, 53.323869605197416, 57.072784292961174, 40.16192000224084, 34.064895911255086, 50.25, 49.96, 48.46, 50.09, 48.72, 52.65, 54.23, 55.31, 57.07, 55.3, 56.76], "labels": [0, 0, 0, 0, 0, 0, 0, 0, 0, 0, 0, 0, 0, 0, 0, 0, 0, 0, 0, 0, 0, 0, 0, 0, 0, 0, 0, 0, 0, 0, 0, 0, 0, 0, 0, 0, 0, 0, 0, 0, 0, 0, 0, 0, 0, 0, 0, 0, 0, 0, 0, 0, 0, 0, 0, 0, 0, 0, 0, 0, 0, 0, 0, 0, 0, 0, 0, 0, 0, 1, 1, 1, 1, 1, 1, 1, 1, 1, 1, 1, 1, 1, 1, 1, 1, 1, 1, 1, 1, 0, 0, 0, 0, 0, 0, 0, 0, 0, 0, 0], "is_anomalous": true, "anomaly_type": "variance_change", "anomaly_positions": [69, 70, 71, 72, 73, 74, 75, 76, 77, 78, 79, 80, 81, 82, 83, 84, 85, 86, 87, 88], "length": 100}