{"id": "anomalous_000404", "series": [43.72, 49.13, 53.44, 47.31, 53.39, 51.33, 53.08, 51.32, 47.05, 50.22, 50.22, 43.86, 45.78, 47.77, 49.37, 43.36, 46.8, 42.41, 44.59, 44.41, 43.64, 40.24, 44.53, 46.77, 48.54, 47.89, 51.25, 53.47, 54.22, 54.39, 49.11, 53.38, 52.13, 50.96, 48.45, 47.41, 47.75, 44.11, 45.99, 43.75, 45.26, 42.49, 41.61, 41.94, 42.3, 45.61, 45.89, 56.496398838374155, 48.70520601352681, 81.42584669253182, 29.9734735737983, 81.16378228832465, 64.4117775590164, 46.25133909637174, 62.440269817596736, 43.325207532779245, 29.313637094649142, 62.55498063714641, 65.58798053514373, 18.136922911351967, 66.30392565751487, 46.76300429919603, 60.311675882016814, 44.118700957368056, 19.243827567042324, 35.1607189792914, 32.04534908436089, 44.28, 41.69, 48.84, 43.66, 44.31, 46.05, 51.08, 51.69, 52.6, 55.21, 53.79, 51.9, 55.66, 55.63, 52.48, 50.62, 53.74, 48.7, 48.53, 45.89, 47.23, 48.33, 43.82, 41.49, 43.0, 45.78, 46.64, 42.07, 49.5, 50.09, 50.7, 52.3, 52.15], "labels": [0, 0, 0, 0, 0, 0, 0, 0, 0, 0, 0, 0, 0, 0, 0, 0, 0, 0, 0, 0, 0, 0, 0, 0, 0, 0, 0, 0, 0, 0, 0, 0, 0, 0, 0, 0, 0, 0, 0, 0, 0, 0, 0, 0, 0, 0, 0, 1, 1, 1, 1, 1, 1, 1, 1, 1, 1, 1, 1, 1, 1, 1, 1, 1, 1, 1, 1, 0, 0, 0, 0, 0, 0, 0, 0, 0, 0, 0, 0, 0, 0, 0, 0, 0, 0, 0, 0, 0, 0, 0, 0, 0, 0, 0, 0, 0, 0, 0, 0, 0], "is_anomalous": true, "anomaly_type": "variance_change", "anomaly_positions": [47, 48, 49, 50, 51, 52, 53, 54, 55, 56, 57, 58, 59, 60, 61, 62, 63, 64, 65, 66], "length": 100}