{"id": "anomalous_000770", "series": [50.73, 52.98, 51.16, 51.57, 54.81, 54.18, 55.35, 54.75, 50.58, 55.55, 52.3, 51.09, 50.95, 48.19, 45.66, 48.0, 46.52, 46.91, 44.62, 41.84, 47.54, 43.07, 50.16, 51.15, 47.33, 49.65, 54.49, 48.69, 49.26, 52.57, 52.77, 54.14, 54.21, 51.06, 51.14, 50.04, 49.07, 45.35, 44.11, 46.15, 45.67, 41.71, 37.66861026141653, 64.94761640009824, 37.48337820438437, 18.17138817553078, 71.2479891142899, 27.711972371518467, 44.91727766261069, 27.33643442568766, 67.01406450152811, 69.70532812337275, 50.12218410757567, 52.18901229645916, 57.76287793503833, 69.03984774528067, 37.86675231785902, 47.308448456888584, 39.700011097634366, 72.853391265825, 48.75737447771166, 39.90686938866815, 44.37, 42.45, 48.37, 44.14, 40.14, 44.64, 43.87, 42.58, 47.04, 46.53, 51.1, 45.58, 52.61, 51.86, 54.05, 57.48, 50.04, 52.38, 50.92, 50.48, 51.12, 51.93, 49.74, 45.22, 46.18, 42.57, 41.7, 45.86, 40.54, 42.03, 47.12, 46.48, 47.37, 43.05, 44.74, 46.14, 49.35, 52.18], "labels": [0, 0, 0, 0, 0, 0, 0, 0, 0, 0, 0, 0, 0, 0, 0, 0, 0, 0, 0, 0, 0, 0, 0, 0, 0, 0, 0, 0, 0, 0, 0, 0, 0, 0, 0, 0, 0, 0, 0, 0, 0, 0, 1, 1, 1, 1, 1, 1, 1, 1, 1, 1, 1, 1, 1, 1, 1, 1, 1, 1, 1, 1, 0, 0, 0, 0, 0, 0, 0, 0, 0, 0, 0, 0, 0, 0, 0, 0, 0, 0, 0, 0, 0, 0, 0, 0, 0, 0, 0, 0, 0, 0, 0, 0, 0, 0, 0, 0, 0, 0], "is_anomalous": true, "anomaly_type": "variance_change", "anomaly_positions": [42, 43, 44, 45, 46, 47, 48, 49, 50, 51, 52, 53, 54, 55, 56, 57, 58, 59, 60, 61], "length": 100}