{"id": "anomalous_000162", "series": [47.82, 48.69, 48.97, 53.31, 55.35, 53.62, 55.18, 52.26, 53.4, 53.73, 52.03, 50.75, 48.65, 48.26, 46.84, 44.43, 45.6, 44.0, 45.24, 46.37, 46.57, 45.5, 46.88, 47.38, 49.01, 49.71, 50.03, 52.48, 55.7, 54.79, 52.21, 54.73, 53.85, 52.89, 50.87, 49.2, 49.31, 48.97, 47.73, 45.631261521871586, 47.93642963945479, 48.7151988129746, 46.48754446858688, 51.03029271166483, 48.494053485064, 51.36329588800949, 49.514383416324506, 59.474620594320974, 54.515246566891605, 60.25396503244602, 66.7560462147088, 68.68853201859407, 70.0498038086808, 65.08268732478307, 68.26343687662957, 68.46055391237343, 77.9455840299236, 77.23038306263106, 64.404989350794, 77.47480286055816, 75.78413826072634, 71.68694454321219, 66.76753511907289, 61.042690438906384, 63.49732796495711, 66.48209425923976, 74.14576182044223, 89.54479106613218, 79.3662654237855, 62.52851203605026, 92.01694140568588, 99.37286358749085, 75.47431595872902, 89.64299396441757, 90.21213778366695, 87.02246333472559, 75.76809473898265, 105.47226397246234, 105.92628759758708, 113.86767997674127, 87.58729041379564, 112.07001966998408, 99.37395530392038, 78.82895368738212, 83.1911534687185, 94.7311820697517, 85.31333352690469, 104.48613198332038, 87.28302531158033, 79.10411004754107, 105.1684445143465, 75.30442166925884, 115.94591063121024, 102.03166563870727, 98.2615270264326, 93.70749060583373, 114.31840834947093, 86.92074550616495, 91.09354028489713, 132.9478033746953], "labels": [0, 0, 0, 0, 0, 0, 0, 0, 0, 0, 0, 0, 0, 0, 0, 0, 0, 0, 0, 0, 0, 0, 0, 0, 0, 0, 0, 0, 0, 0, 0, 0, 0, 0, 0, 0, 0, 0, 1, 1, 1, 1, 1, 1, 1, 1, 1, 1, 1, 1, 1, 1, 1, 1, 1, 1, 1, 1, 1, 1, 1, 1, 1, 1, 1, 1, 1, 1, 1, 1, 1, 1, 1, 1, 1, 1, 1, 1, 1, 1, 1, 1, 1, 1, 1, 1, 1, 1, 1, 1, 1, 1, 1, 1, 1, 1, 1, 1, 1, 1], "is_anomalous": true, "anomaly_type": "trend_change", "anomaly_positions": [38, 39, 40, 41, 42, 43, 44, 45, 46, 47, 48, 49, 50, 51, 52, 53, 54, 55, 56, 57, 58, 59, 60, 61, 62, 63, 64, 65, 66, 67, 68, 69, 70, 71, 72, 73, 74, 75, 76, 77, 78, 79, 80, 81, 82, 83, 84, 85, 86, 87, 88, 89, 90, 91, 92, 93, 94, 95, 96, 97, 98, 99], "length": 100}