{"id": "anomalous_000773", "series": [56.65, 56.27, 55.56, 54.26, 57.68, 61.12, 59.01, 59.8, 59.7, 62.63, 55.82, 55.67, 51.88, 55.38, 48.89, 53.08, 55.44, 48.04, 45.91, 48.7, 50.76, 55.42, 47.44, 54.17, 54.43, 54.47, 55.37, 58.97, 58.66, 61.44, 60.18, 59.28, 54.9, 59.87, 54.21, 50.67, 53.53, 48.68, 53.69, 53.42, 54.5, 46.4, 48.08, 50.43, 52.84, 48.91, 50.11, 51.22, 55.81, 52.42, 57.69, 58.13, 54.64, 65.34, 53.04, 60.77, 59.83, 54.57, 55.47, 54.28, 55.48, 49.39, 49.35, 48.98, 45.5, 42.08, 45.13, 43.91, 64.09361662175513, 72.95361662175515, 72.87361662175513, 70.44361662175513, 76.31361662175513, 69.46361662175514, 78.67361662175514, 78.52361662175514, 81.92361662175514, 78.16361662175512, 58.73, 55.33, 56.65, 56.13, 50.16, 50.3, 48.57, 50.98, 51.53, 48.14, 45.71, 50.29, 45.42, 41.55, 45.95, 50.38, 49.38, 42.92, 49.27, 47.76, 54.76, 54.27], "labels": [0, 0, 0, 0, 0, 0, 0, 0, 0, 0, 0, 0, 0, 0, 0, 0, 0, 0, 0, 0, 0, 0, 0, 0, 0, 0, 0, 0, 0, 0, 0, 0, 0, 0, 0, 0, 0, 0, 0, 0, 0, 0, 0, 0, 0, 0, 0, 0, 0, 0, 0, 0, 0, 0, 0, 0, 0, 0, 0, 0, 0, 0, 0, 0, 0, 0, 0, 0, 1, 1, 1, 1, 1, 1, 1, 1, 1, 1, 0, 0, 0, 0, 0, 0, 0, 0, 0, 0, 0, 0, 0, 0, 0, 0, 0, 0, 0, 0, 0, 0], "is_anomalous": true, "anomaly_type": "shift", "anomaly_positions": [68, 69, 70, 71, 72, 73, 74, 75, 76, 77], "length": 100}