{"id": "anomalous_000273", "series": [49.45, 51.48, 51.89, 52.08, 52.25, 52.67, 49.54, 52.09, 50.78, 49.39, 49.75, 51.43, 48.44, 44.0, 46.32, 42.95, 41.33, 43.44, 40.56, 42.1, 43.08, 43.91, 45.9, 47.1, 46.36, 47.85, 48.58, 52.62, 52.29, 56.76, 53.33, 53.2, 74.77737083446326, 74.09737083446325, 74.03737083446325, 69.95737083446326, 73.10737083446325, 68.48737083446326, 66.71737083446325, 65.63737083446325, 66.96737083446325, 64.64737083446326, 39.87, 42.22, 42.6, 43.97, 45.85, 42.96, 46.39, 46.54, 51.44, 50.5, 49.34, 50.95, 52.51, 52.7, 52.35, 48.15, 47.74, 45.14, 48.7, 46.77, 44.43, 44.12, 41.18, 40.35, 42.1, 42.08, 41.97, 42.78, 43.18, 45.5, 43.08, 49.76, 45.4, 49.27, 52.47, 50.02, 49.38, 50.48, 49.8, 49.33, 46.22, 46.63, 45.01, 42.11, 45.18, 43.51, 39.91, 41.44, 42.3, 38.8, 40.43, 43.35, 43.14, 44.56, 46.79, 45.06, 48.73, 49.35], "labels": [0, 0, 0, 0, 0, 0, 0, 0, 0, 0, 0, 0, 0, 0, 0, 0, 0, 0, 0, 0, 0, 0, 0, 0, 0, 0, 0, 0, 0, 0, 0, 0, 1, 1, 1, 1, 1, 1, 1, 1, 1, 1, 0, 0, 0, 0, 0, 0, 0, 0, 0, 0, 0, 0, 0, 0, 0, 0, 0, 0, 0, 0, 0, 0, 0, 0, 0, 0, 0, 0, 0, 0, 0, 0, 0, 0, 0, 0, 0, 0, 0, 0, 0, 0, 0, 0, 0, 0, 0, 0, 0, 0, 0, 0, 0, 0, 0, 0, 0, 0], "is_anomalous": true, "anomaly_type": "shift", "anomaly_positions": [32, 33, 34, 35, 36, 37, 38, 39, 40, 41], "length": 100}