{"id": "anomalous_000695", "series": [45.87, 50.09, 52.7, 51.85, 55.63, 54.83, 52.27, 55.5, 51.99, 51.59, 53.0, 49.82, 51.11, 47.76, 48.27, 46.18, 41.71, 43.43, 46.07, 43.63, 44.65, 48.28, 46.48, 49.18, 52.5, 49.32, 55.6, 54.46, 56.64, 54.84, 54.07, 57.08, 52.30842159687959, 53.79107110278868, 55.99708372440769, 57.16766495869843, 56.097491054631554, 53.3620863582707, 57.788410085112574, 60.84015044934354, 57.41573482242235, 55.48491228270051, 54.54202262106986, 60.24045424553546, 67.96100038387618, 60.345088836391554, 63.05868004459735, 57.69689086844514, 71.65930540218348, 66.9651348849427, 78.51083053228626, 75.722898514685, 74.41019162457049, 74.31754396833676, 75.76823783257424, 85.83564542855716, 80.5839331651307, 80.29941190475287, 79.13176654310006, 77.6276775211553, 93.25819122632043, 91.21408550100537, 83.56127626693637, 65.47093036990032, 67.64322294906415, 95.18599096600758, 100.54938359480403, 73.49343925664532, 75.70835809263848, 75.3377827992685, 72.7271385980089, 84.98835494968787, 80.02720290182664, 113.076590258799, 97.74443236685806, 86.43312764271593, 112.22389482087387, 124.35526281028156, 101.33583161128797, 96.42985763988335, 123.898782946912, 96.07510742724776, 127.80977169630927, 87.0823344085631, 127.41328310117972, 124.10554703771234, 127.95858401248577, 82.00767220668283, 82.1703802063288, 104.85741299488866, 96.19284202651511, 96.47229850953465, 113.76732670158005, 137.45750700092032, 117.65955891073685, 92.0727212749268, 99.51332065204528, 144.29655658302977, 115.80927610414429, 140.2691543196653], "labels": [0, 0, 0, 0, 0, 0, 0, 0, 0, 0, 0, 0, 0, 0, 0, 0, 0, 0, 0, 0, 0, 0, 0, 0, 0, 0, 0, 0, 0, 0, 0, 1, 1, 1, 1, 1, 1, 1, 1, 1, 1, 1, 1, 1, 1, 1, 1, 1, 1, 1, 1, 1, 1, 1, 1, 1, 1, 1, 1, 1, 1, 1, 1, 1, 1, 1, 1, 1, 1, 1, 1, 1, 1, 1, 1, 1, 1, 1, 1, 1, 1, 1, 1, 1, 1, 1, 1, 1, 1, 1, 1, 1, 1, 1, 1, 1, 1, 1, 1, 1], "is_anomalous": true, "anomaly_type": "trend_change", "anomaly_positions": [31, 32, 33, 34, 35, 36, 37, 38, 39, 40, 41, 42, 43, 44, 45, 46, 47, 48, 49, 50, 51, 52, 53, 54, 55, 56, 57, 58, 59, 60, 61, 62, 63, 64, 65, 66, 67, 68, 69, 70, 71, 72, 73, 74, 75, 76, 77, 78, 79, 80, 81, 82, 83, 84, 85, 86, 87, 88, 89, 90, 91, 92, 93, 94, 95, 96, 97, 98, 99], "length": 100}