{"id": "anomalous_000669", "series": [57.87, 59.77, 57.49, 56.08, 56.47, 55.21, 61.36, 60.54, 54.5, 59.06, 56.85, 56.8, 58.17, 55.13, 52.24, 51.24, 48.54, 54.34, 45.14, 48.58, 48.28, 56.01, 57.05, 55.03, 58.36, 57.33, 55.39, 58.53, 60.05, 62.26, 54.1, 57.97, 55.56, 56.37, 59.22, 54.59, 55.3, 55.34, 50.13, 50.31, 53.11, 51.92951974769428, 49.813494972652656, 51.42326301059531, 56.00246581814235, 52.94655270111064, 62.77549828659455, 56.26996828366691, 57.81612312895156, 68.67683636883781, 60.38333763531312, 68.74826235210122, 69.69255811130068, 76.44362618804506, 81.84072260975333, 75.97087474186591, 63.518834670004196, 72.95545619310843, 76.33598127042745, 75.8426581637802, 75.51498831414264, 69.93758526376821, 81.58193299188302, 83.9046376554518, 79.77818224966771, 63.9661503776436, 68.39882139428236, 81.2178544618034, 78.66745166645241, 68.04816962241955, 73.1862654048544, 68.93474910762038, 82.53449537457385, 76.77897794167848, 80.01774350037807, 80.89535314709357, 97.83575434516386, 106.64222789287572, 89.11566911065003, 109.77972857172196, 82.54391416410644, 103.35121151964928, 102.63414214309722, 104.00817000579133, 118.20050647537064, 109.95351557407969, 97.77510063788124, 89.29574075447363, 117.13814401968908, 105.20254761388236, 109.3763618200852, 85.02292836248313, 110.81624741729351, 121.84139982537224, 81.10705929438696, 87.56644955068052, 103.9142213436365, 96.71645619629714, 142.9047952015434, 119.71162510394606], "labels": [0, 0, 0, 0, 0, 0, 0, 0, 0, 0, 0, 0, 0, 0, 0, 0, 0, 0, 0, 0, 0, 0, 0, 0, 0, 0, 0, 0, 0, 0, 0, 0, 0, 0, 0, 0, 0, 0, 0, 0, 1, 1, 1, 1, 1, 1, 1, 1, 1, 1, 1, 1, 1, 1, 1, 1, 1, 1, 1, 1, 1, 1, 1, 1, 1, 1, 1, 1, 1, 1, 1, 1, 1, 1, 1, 1, 1, 1, 1, 1, 1, 1, 1, 1, 1, 1, 1, 1, 1, 1, 1, 1, 1, 1, 1, 1, 1, 1, 1, 1], "is_anomalous": true, "anomaly_type": "trend_change", "anomaly_positions": [40, 41, 42, 43, 44, 45, 46, 47, 48, 49, 50, 51, 52, 53, 54, 55, 56, 57, 58, 59, 60, 61, 62, 63, 64, 65, 66, 67, 68, 69, 70, 71, 72, 73, 74, 75, 76, 77, 78, 79, 80, 81, 82, 83, 84, 85, 86, 87, 88, 89, 90, 91, 92, 93, 94, 95, 96, 97, 98, 99], "length": 100}