{"id": "anomalous_000732", "series": [44.15, 45.49, 47.05, 45.59, 54.29, 51.04, 52.93, 48.91, 53.4, 49.63, 47.02, 50.16, 44.3, 39.68, 40.42, 44.33, 42.79, 40.32, 44.82, 40.54, 37.98, 42.43, 44.32, 45.76, 46.95, 50.09, 50.46, 51.4, 49.62, 46.3, 53.79, 53.96, 52.93, 46.38, 51.82, 47.08, 46.01, 48.1, 39.83, 44.72, 38.81, 42.14, 39.13, 42.66, 43.41, 46.49, 44.04, 47.65, 44.25, 49.34, 53.95, 48.09, 48.51, 48.13, 51.36, 52.73, 52.69, 50.54, 46.59, 44.9, 55.68, 44.99, 44.280888768314824, 47.188120451370025, 48.653416858020165, 49.39538075683874, 48.23673801174015, 51.951606457080665, 50.000233094606955, 51.328092043198374, 48.59685160970082, 52.06332113104196, 59.208916587013874, 63.37242555847844, 56.90419437750187, 72.85601560063763, 65.19069186692417, 67.35933719119936, 62.273648795301554, 67.11679388626256, 77.01560750863408, 64.57583738824617, 73.83155297732779, 73.06639651410748, 62.245884753562315, 75.88504581737163, 81.09422038943859, 62.30186883657894, 70.87262650172465, 66.54266675517515, 87.87746781684977, 58.23346260072918, 82.0596030239658, 79.36931759041512, 77.90969736883562, 81.74328540339863, 75.95846193805588, 92.23823497209294, 90.6570118806047, 101.87843286696881], "labels": [0, 0, 0, 0, 0, 0, 0, 0, 0, 0, 0, 0, 0, 0, 0, 0, 0, 0, 0, 0, 0, 0, 0, 0, 0, 0, 0, 0, 0, 0, 0, 0, 0, 0, 0, 0, 0, 0, 0, 0, 0, 0, 0, 0, 0, 0, 0, 0, 0, 0, 0, 0, 0, 0, 0, 0, 0, 0, 0, 0, 0, 1, 1, 1, 1, 1, 1, 1, 1, 1, 1, 1, 1, 1, 1, 1, 1, 1, 1, 1, 1, 1, 1, 1, 1, 1, 1, 1, 1, 1, 1, 1, 1, 1, 1, 1, 1, 1, 1, 1], "is_anomalous": true, "anomaly_type": "trend_change", "anomaly_positions": [61, 62, 63, 64, 65, 66, 67, 68, 69, 70, 71, 72, 73, 74, 75, 76, 77, 78, 79, 80, 81, 82, 83, 84, 85, 86, 87, 88, 89, 90, 91, 92, 93, 94, 95, 96, 97, 98, 99], "length": 100}