{"id": "anomalous_000439", "series": [46.95, 46.53, 54.02, 51.79, 53.28, 48.31, 57.06, 47.81, 49.87, 57.79, 46.87, 48.19, 48.09, 50.75, 42.86, 51.09, 47.48, 49.1, 43.56, 44.86, 45.45, 48.0, 46.28, 51.6, 51.56, 51.7, 49.73, 53.28, 58.75, 45.67, 60.27, 53.21, 50.05, 55.44, 55.8, 48.92, 47.87, 41.53, 48.34, 47.97, 45.26, 43.0, 34.3507471294493, 51.99606978685624, 48.5469647808944, 48.926611180035216, 18.856701177988526, 43.70737722154897, 50.49384892251714, 45.411589615411394, 47.53922576869697, 32.40771352648571, 42.053146561070335, 56.41076179648924, 44.55928016258874, 35.22610885547603, 87.6796090124281, 85.4656186605483, 83.2782651807151, 23.954578069125603, 35.632515921828116, 72.02739699276174, 42.53, 45.54, 46.93, 43.74, 47.7, 44.63, 44.46, 46.47, 50.11, 47.99, 50.43, 49.63, 58.93, 51.06, 52.24, 53.78, 56.94, 47.69, 50.13, 53.39, 52.79, 47.87, 50.92, 47.56, 45.95, 49.16, 43.43, 39.98, 47.05, 46.68, 42.31, 44.19, 43.19, 51.75, 49.35, 49.87, 48.69, 52.78], "labels": [0, 0, 0, 0, 0, 0, 0, 0, 0, 0, 0, 0, 0, 0, 0, 0, 0, 0, 0, 0, 0, 0, 0, 0, 0, 0, 0, 0, 0, 0, 0, 0, 0, 0, 0, 0, 0, 0, 0, 0, 0, 0, 1, 1, 1, 1, 1, 1, 1, 1, 1, 1, 1, 1, 1, 1, 1, 1, 1, 1, 1, 1, 0, 0, 0, 0, 0, 0, 0, 0, 0, 0, 0, 0, 0, 0, 0, 0, 0, 0, 0, 0, 0, 0, 0, 0, 0, 0, 0, 0, 0, 0, 0, 0, 0, 0, 0, 0, 0, 0], "is_anomalous": true, "anomaly_type": "variance_change", "anomaly_positions": [42, 43, 44, 45, 46, 47, 48, 49, 50, 51, 52, 53, 54, 55, 56, 57, 58, 59, 60, 61], "length": 100}