{"id": "anomalous_000545", "series": [53.24, 55.06, 55.19, 56.27, 56.66, 57.54, 58.9, 58.71, 56.97, 56.97, 56.92, 55.6, 54.32, 51.04, 51.18, 49.08, 49.43, 48.21, 49.21, 50.29, 49.09, 48.54, 52.12, 52.65, 51.82, 54.54, 57.54, 56.57, 58.33, 59.17, 57.34, 55.62, 58.19, 56.42, 55.26, 53.97, 54.74, 52.95, 49.83, 51.1, 48.09, 47.5, 48.76, 47.87, 48.16, 48.7, 49.63, 51.61, 56.15, 53.89, 55.2, 57.66, 57.55, 58.43, 58.7, 55.85, 58.84, 57.69, 55.88, 56.13, 55.87, 52.18, 51.08, 51.52, 51.63, 49.42, 49.3, 47.37, 49.33, 52.34443735753443, 53.74733663500271, 54.353240673911706, 60.92711472188699, 58.05222239719183, 60.205202285885896, 64.66160437952153, 66.59473332298126, 65.78542728272078, 69.81350150167874, 70.10000412632937, 73.56003430615877, 76.18805702108467, 68.02353596388713, 69.81255817413145, 62.918809148958914, 63.70324141705665, 64.02199771493204, 59.87656948093933, 66.28519744965264, 76.22700161304395, 77.50316544373743, 83.15045987406785, 65.92788250123631, 82.16840954724783, 68.79721686388962, 80.4205012838473, 91.87989540204245, 82.28777727111466, 72.08723472522628, 98.76271675232678], "labels": [0, 0, 0, 0, 0, 0, 0, 0, 0, 0, 0, 0, 0, 0, 0, 0, 0, 0, 0, 0, 0, 0, 0, 0, 0, 0, 0, 0, 0, 0, 0, 0, 0, 0, 0, 0, 0, 0, 0, 0, 0, 0, 0, 0, 0, 0, 0, 0, 0, 0, 0, 0, 0, 0, 0, 0, 0, 0, 0, 0, 0, 0, 0, 0, 0, 0, 0, 0, 1, 1, 1, 1, 1, 1, 1, 1, 1, 1, 1, 1, 1, 1, 1, 1, 1, 1, 1, 1, 1, 1, 1, 1, 1, 1, 1, 1, 1, 1, 1, 1], "is_anomalous": true, "anomaly_type": "trend_change", "anomaly_positions": [68, 69, 70, 71, 72, 73, 74, 75, 76, 77, 78, 79, 80, 81, 82, 83, 84, 85, 86, 87, 88, 89, 90, 91, 92, 93, 94, 95, 96, 97, 98, 99], "length": 100}