{"id": "anomalous_000218", "series": [49.62, 47.46, 45.74, 52.61, 58.33, 53.0, 56.8, 56.33, 56.43, 52.24, 50.61, 52.61, 52.89, 48.09, 45.85, 44.82, 48.2, 39.34, 47.64, 42.62, 44.26, 44.95, 46.13, 45.17, 44.61, 52.02, 48.49, 51.14, 49.37, 55.59, 53.24, 52.24, 51.01, 51.13, 48.32, 49.94, 50.42, 44.98, 45.93, 37.79, 49.94, 46.15, 52.89188436163993, 23.36324932584211, 31.29610437886639, 41.36351556395798, 73.02104846025293, 55.48107293661504, 50.129843566965604, 73.87399169450887, 78.37514909550814, 29.825582082317332, 52.53377151182589, 57.90698983195317, 44.007125920244285, 25.402698923296395, 41.911926924260875, 47.956880169157, 23.85540752474599, 37.88003417282505, 34.36880829449047, 56.84212629352972, 45.74, 42.75, 43.32, 39.99, 39.15, 38.08, 38.08, 44.3, 44.63, 44.51, 45.58, 52.6, 49.47, 45.65, 52.59, 52.7, 47.42, 50.11, 49.39, 52.19, 53.56, 42.25, 40.77, 42.3, 46.4, 42.49, 43.79, 39.31, 37.45, 41.24, 40.34, 43.78, 43.77, 47.74, 45.58, 46.06, 48.16, 48.07], "labels": [0, 0, 0, 0, 0, 0, 0, 0, 0, 0, 0, 0, 0, 0, 0, 0, 0, 0, 0, 0, 0, 0, 0, 0, 0, 0, 0, 0, 0, 0, 0, 0, 0, 0, 0, 0, 0, 0, 0, 0, 0, 0, 1, 1, 1, 1, 1, 1, 1, 1, 1, 1, 1, 1, 1, 1, 1, 1, 1, 1, 1, 1, 0, 0, 0, 0, 0, 0, 0, 0, 0, 0, 0, 0, 0, 0, 0, 0, 0, 0, 0, 0, 0, 0, 0, 0, 0, 0, 0, 0, 0, 0, 0, 0, 0, 0, 0, 0, 0, 0], "is_anomalous": true, "anomaly_type": "variance_change", "anomaly_positions": [42, 43, 44, 45, 46, 47, 48, 49, 50, 51, 52, 53, 54, 55, 56, 57, 58, 59, 60, 61], "length": 100}