{"id": "anomalous_000361", "series": [45.3, 59.72, 54.28, 54.6, 55.94, 61.16, 60.92, 57.83, 59.55, 56.68, 60.27, 57.13, 52.73, 52.09, 50.1, 50.4, 47.19, 47.62, 45.28, 53.56, 48.58, 52.55, 50.22, 51.11, 51.83, 53.59, 53.69, 56.39, 57.7, 55.12, 55.71, 63.54, 54.83, 58.03, 56.99, 57.37, 49.8, 51.53, 50.33, 47.88, 46.19, 46.48, 47.32, 46.64, 49.4, 49.9, 50.56, 55.76, 52.62, 55.44, 61.89, 57.13, 56.32, 60.37, 56.52, 86.40311773694005, 91.16311773694005, 87.29311773694005, 88.75311773694006, 85.33311773694004, 86.63311773694005, 83.46311773694005, 85.58311773694004, 82.07311773694005, 80.42311773694004, 46.48, 44.62, 46.3, 45.24, 49.98, 50.27, 53.62, 53.32, 53.75, 53.35, 55.8, 56.24, 58.79, 57.43, 56.04, 54.42, 57.89, 53.58, 50.31, 53.19, 52.25, 48.21, 51.9, 41.9, 44.52, 46.54, 46.38, 45.86, 46.52, 47.69, 45.68, 52.71, 51.72, 50.71, 51.84], "labels": [0, 0, 0, 0, 0, 0, 0, 0, 0, 0, 0, 0, 0, 0, 0, 0, 0, 0, 0, 0, 0, 0, 0, 0, 0, 0, 0, 0, 0, 0, 0, 0, 0, 0, 0, 0, 0, 0, 0, 0, 0, 0, 0, 0, 0, 0, 0, 0, 0, 0, 0, 0, 0, 0, 0, 1, 1, 1, 1, 1, 1, 1, 1, 1, 1, 0, 0, 0, 0, 0, 0, 0, 0, 0, 0, 0, 0, 0, 0, 0, 0, 0, 0, 0, 0, 0, 0, 0, 0, 0, 0, 0, 0, 0, 0, 0, 0, 0, 0, 0], "is_anomalous": true, "anomaly_type": "shift", "anomaly_positions": [55, 56, 57, 58, 59, 60, 61, 62, 63, 64], "length": 100}