{"id": "anomalous_000604", "series": [51.77, 55.95, 55.96, 56.22, 59.18, 55.6, 59.79, 56.89, 57.17, 57.24, 53.98, 53.36, 52.8, 52.68, 52.15, 46.27, 51.99, 46.62, 47.68, 44.6, 51.88, 49.42, 48.98, 51.79, 54.49, 54.96, 56.42, 55.72, 60.51, 56.51, 58.2, 56.12, 55.8, 55.64, 55.1, 56.76, 50.61, 51.42, 48.85, 48.68, 46.8, 46.1, 47.21, 48.82, 48.78, 48.82, 47.65, 50.52, 49.82, 52.64, 54.79, 54.8, 56.22, 54.3, 59.61, 53.68, 55.25, 53.44, 56.4, 52.5, 52.43, 50.6, 47.69, 47.15, 46.57, 42.07, 44.07229213614494, 47.52495411856027, 51.44863177155923, 54.23824706969464, 51.08610672532675, 54.297846198371104, 53.68348537020933, 65.51098981136741, 59.47480428365575, 65.8929555685484, 68.2359395524378, 68.16395722381571, 67.65082230067352, 73.08940437119708, 66.87655975239683, 79.4820106850808, 68.00331597821706, 64.97936952232645, 63.91212185778635, 68.01200342953085, 76.55650002044084, 57.511417164161884, 73.5201131255385, 73.17516979749817, 79.27117927092151, 60.57982072947097, 69.04429420586428, 85.38193885371336, 83.03287890849631, 75.00056990891554, 77.1199046994479, 75.66030122753918, 99.71927710555974, 78.14604577815973], "labels": [0, 0, 0, 0, 0, 0, 0, 0, 0, 0, 0, 0, 0, 0, 0, 0, 0, 0, 0, 0, 0, 0, 0, 0, 0, 0, 0, 0, 0, 0, 0, 0, 0, 0, 0, 0, 0, 0, 0, 0, 0, 0, 0, 0, 0, 0, 0, 0, 0, 0, 0, 0, 0, 0, 0, 0, 0, 0, 0, 0, 0, 0, 0, 0, 0, 1, 1, 1, 1, 1, 1, 1, 1, 1, 1, 1, 1, 1, 1, 1, 1, 1, 1, 1, 1, 1, 1, 1, 1, 1, 1, 1, 1, 1, 1, 1, 1, 1, 1, 1], "is_anomalous": true, "anomaly_type": "trend_change", "anomaly_positions": [65, 66, 67, 68, 69, 70, 71, 72, 73, 74, 75, 76, 77, 78, 79, 80, 81, 82, 83, 84, 85, 86, 87, 88, 89, 90, 91, 92, 93, 94, 95, 96, 97, 98, 99], "length": 100}