{"id": "anomalous_000742", "series": [57.85, 60.11, 56.45, 57.53, 60.75, 58.33, 58.28, 61.92, 59.16, 56.14, 54.34, 57.9, 53.12, 53.92, 52.67, 51.9, 49.55, 51.68, 49.02, 51.61, 52.34, 50.93, 54.38, 53.34, 55.74, 56.16, 57.47, 58.66, 58.65, 59.06, 58.2, 62.4, 60.31, 60.12, 56.09, 57.22, 54.81, 52.93, 51.51, 51.41, 52.86, 49.66, 50.72, 50.38, 53.11, 48.58, 55.37, 54.63, 54.12, 57.0, 55.59, 57.18, 58.45, 60.49, 59.72, 60.28, 58.4, 58.01, 60.58, 54.27, 53.84, 53.82, 26.472555951594813, 23.322555951594815, 23.24255595159481, 26.84255595159481, 24.332555951594813, 23.21255595159481, 21.98255595159481, 25.682555951594814, 25.88255595159481, 25.10255595159481, 57.88, 57.52, 57.42, 58.64, 60.77, 60.77, 62.54, 58.63, 64.22, 60.64, 58.35, 56.18, 51.17, 58.34, 56.19, 52.71, 52.8, 51.16, 46.91, 49.8, 53.67, 51.08, 53.79, 54.55, 55.94, 54.67, 59.81, 58.34], "labels": [0, 0, 0, 0, 0, 0, 0, 0, 0, 0, 0, 0, 0, 0, 0, 0, 0, 0, 0, 0, 0, 0, 0, 0, 0, 0, 0, 0, 0, 0, 0, 0, 0, 0, 0, 0, 0, 0, 0, 0, 0, 0, 0, 0, 0, 0, 0, 0, 0, 0, 0, 0, 0, 0, 0, 0, 0, 0, 0, 0, 0, 0, 1, 1, 1, 1, 1, 1, 1, 1, 1, 1, 0, 0, 0, 0, 0, 0, 0, 0, 0, 0, 0, 0, 0, 0, 0, 0, 0, 0, 0, 0, 0, 0, 0, 0, 0, 0, 0, 0], "is_anomalous": true, "anomaly_type": "shift", "anomaly_positions": [62, 63, 64, 65, 66, 67, 68, 69, 70, 71], "length": 100}