{"id": "anomalous_000197", "series": [54.44, 55.93, 56.71, 56.36, 58.08, 60.54, 59.13, 58.84, 56.92, 58.88, 54.37, 55.71, 55.11, 53.15, 53.94, 54.27, 50.88, 49.71, 49.92, 50.23, 49.4, 50.37, 52.69, 54.56, 54.35, 54.46, 55.26, 57.75, 58.26, 60.84, 56.94, 58.32, 57.6, 56.75, 56.73, 82.65504539074374, 79.75504539074373, 79.95504539074373, 78.42504539074373, 77.40504539074374, 76.32504539074374, 76.46504539074374, 73.75504539074373, 77.28504539074373, 75.95504539074373, 50.1, 50.89, 53.72, 52.65, 53.18, 55.54, 57.25, 55.89, 58.12, 57.62, 57.8, 56.08, 54.44, 54.07, 52.78, 52.24, 50.33, 49.75, 48.74, 46.48, 44.56, 46.68, 47.81, 48.74, 49.62, 47.99, 49.88, 50.04, 52.48, 51.99, 53.83, 56.81, 56.65, 57.48, 56.85, 56.19, 53.59, 52.84, 54.99, 50.06, 49.44, 50.99, 49.53, 46.29, 46.24, 45.88, 48.48, 48.14, 47.77, 47.87, 49.72, 50.76, 52.39, 52.26, 55.69], "labels": [0, 0, 0, 0, 0, 0, 0, 0, 0, 0, 0, 0, 0, 0, 0, 0, 0, 0, 0, 0, 0, 0, 0, 0, 0, 0, 0, 0, 0, 0, 0, 0, 0, 0, 0, 1, 1, 1, 1, 1, 1, 1, 1, 1, 1, 0, 0, 0, 0, 0, 0, 0, 0, 0, 0, 0, 0, 0, 0, 0, 0, 0, 0, 0, 0, 0, 0, 0, 0, 0, 0, 0, 0, 0, 0, 0, 0, 0, 0, 0, 0, 0, 0, 0, 0, 0, 0, 0, 0, 0, 0, 0, 0, 0, 0, 0, 0, 0, 0, 0], "is_anomalous": true, "anomaly_type": "shift", "anomaly_positions": [35, 36, 37, 38, 39, 40, 41, 42, 43, 44], "length": 100}