{"id": "anomalous_000467", "series": [49.97, 51.92, 54.41, 53.0, 54.21, 54.99, 55.16, 54.65, 55.42, 54.59, 55.19, 50.96, 49.34, 49.8, 46.66, 47.2, 45.28, 45.48, 46.19, 46.91, 46.43, 45.69, 46.28, 49.15, 50.25, 50.4, 51.92, 53.79, 53.71, 54.96, 53.54, 55.05, 54.03, 54.1, 52.26, 69.0080469480374, 85.16588208290138, 65.02656118012511, 45.99490255585022, 45.96799505079957, 43.132852069249715, 37.297730025896264, 48.147604918340825, 47.427986031348766, 46.21472019117933, 38.610270942559474, 94.97806704812683, 31.901130317771727, 54.6281571765359, 70.63120628103792, 50.38402719309933, 73.21358577650719, 45.168727671037274, 48.16639229510011, 69.21745825568814, 55.71, 52.61, 54.57, 50.85, 47.99, 50.03, 50.16, 48.14, 45.27, 42.98, 44.68, 45.69, 45.23, 43.82, 44.6, 47.05, 48.28, 47.66, 49.64, 50.86, 52.66, 53.65, 54.28, 51.88, 53.61, 54.29, 51.68, 52.94, 50.07, 48.98, 47.97, 45.64, 44.54, 44.55, 43.74, 43.01, 44.96, 43.73, 45.69, 46.99, 47.1, 50.94, 47.82, 52.78, 53.42], "labels": [0, 0, 0, 0, 0, 0, 0, 0, 0, 0, 0, 0, 0, 0, 0, 0, 0, 0, 0, 0, 0, 0, 0, 0, 0, 0, 0, 0, 0, 0, 0, 0, 0, 0, 0, 1, 1, 1, 1, 1, 1, 1, 1, 1, 1, 1, 1, 1, 1, 1, 1, 1, 1, 1, 1, 0, 0, 0, 0, 0, 0, 0, 0, 0, 0, 0, 0, 0, 0, 0, 0, 0, 0, 0, 0, 0, 0, 0, 0, 0, 0, 0, 0, 0, 0, 0, 0, 0, 0, 0, 0, 0, 0, 0, 0, 0, 0, 0, 0, 0], "is_anomalous": true, "anomaly_type": "variance_change", "anomaly_positions": [35, 36, 37, 38, 39, 40, 41, 42, 43, 44, 45, 46, 47, 48, 49, 50, 51, 52, 53, 54], "length": 100}