{"id": "anomalous_000115", "series": [45.4, 45.16, 46.22, 48.25, 50.67, 49.81, 53.88, 52.05, 50.3, 47.64, 48.6, 50.9, 46.89, 43.47, 45.97, 41.17, 41.81, 42.63, 40.39, 39.73, 41.25, 45.37, 44.64, 44.09, 47.17, 49.31, 48.73, 51.21, 54.54, 50.8, 51.29, 49.87, 54.57, 51.67, 48.84, 47.34, 50.28, 44.21, 45.53, 43.09, 43.33, 40.44, 40.68, 67.81126158068078, 65.47126158068079, 64.70126158068078, 68.26126158068078, 70.99126158068077, 69.30126158068077, 72.75126158068078, 73.59126158068078, 73.00126158068078, 76.08126158068077, 54.33, 52.24, 53.76, 51.17, 53.28, 49.42, 49.46, 49.9, 49.46, 44.91, 45.44, 43.26, 42.95, 42.85, 43.34, 42.41, 47.11, 44.38, 47.14, 47.35, 51.91, 48.96, 50.62, 50.76, 54.92, 53.52, 55.24, 52.03, 53.84, 51.78, 48.85, 49.23, 48.52, 47.99, 46.76, 46.05, 46.62, 43.96, 43.37, 43.52, 48.77, 50.3, 42.51, 50.1, 53.54, 53.31, 53.8], "labels": [0, 0, 0, 0, 0, 0, 0, 0, 0, 0, 0, 0, 0, 0, 0, 0, 0, 0, 0, 0, 0, 0, 0, 0, 0, 0, 0, 0, 0, 0, 0, 0, 0, 0, 0, 0, 0, 0, 0, 0, 0, 0, 0, 1, 1, 1, 1, 1, 1, 1, 1, 1, 1, 0, 0, 0, 0, 0, 0, 0, 0, 0, 0, 0, 0, 0, 0, 0, 0, 0, 0, 0, 0, 0, 0, 0, 0, 0, 0, 0, 0, 0, 0, 0, 0, 0, 0, 0, 0, 0, 0, 0, 0, 0, 0, 0, 0, 0, 0, 0], "is_anomalous": true, "anomaly_type": "shift", "anomaly_positions": [43, 44, 45, 46, 47, 48, 49, 50, 51, 52], "length": 100}