{"id": "anomalous_000357", "series": [50.66, 52.95, 50.19, 54.21, 55.66, 52.96, 52.61, 57.52, 56.41, 53.72, 53.5, 52.5, 52.13, 50.85, 51.65, 47.45, 47.43, 46.45, 46.68, 47.29, 48.35, 50.86, 48.33, 51.78, 51.06, 51.54, 51.86, 53.55, 52.65, 57.2, 59.29, 57.23, 55.09, 55.26, 54.12, 52.63, 53.81, 51.93, 49.57, 47.72, 49.62, 45.7, 46.18, 48.59, 46.42, 47.42, 52.12, 51.5, 52.16, 50.63, 54.65, 65.63726206155826, 63.97179480652136, 52.69656064138674, 84.78973214023276, 52.0353858198678, 63.914834985728874, 38.23945423829817, 73.09575364859904, 64.54149676224695, 40.82710773374057, 53.52093770268039, 71.93505279629369, 49.8859343008358, 53.49473861630332, 40.83132479905018, 49.37228240206699, 38.60624957114706, 42.40435139879504, 47.77856033734284, 64.89016161152747, 52.65, 50.46, 54.45, 55.07, 56.26, 58.51, 61.14, 63.5, 59.25, 58.73, 55.56, 60.32, 54.92, 54.32, 54.65, 54.34, 51.67, 49.12, 50.35, 51.19, 50.49, 50.21, 51.64, 50.02, 56.55, 54.92, 54.33, 56.46, 60.75], "labels": [0, 0, 0, 0, 0, 0, 0, 0, 0, 0, 0, 0, 0, 0, 0, 0, 0, 0, 0, 0, 0, 0, 0, 0, 0, 0, 0, 0, 0, 0, 0, 0, 0, 0, 0, 0, 0, 0, 0, 0, 0, 0, 0, 0, 0, 0, 0, 0, 0, 0, 0, 1, 1, 1, 1, 1, 1, 1, 1, 1, 1, 1, 1, 1, 1, 1, 1, 1, 1, 1, 1, 0, 0, 0, 0, 0, 0, 0, 0, 0, 0, 0, 0, 0, 0, 0, 0, 0, 0, 0, 0, 0, 0, 0, 0, 0, 0, 0, 0, 0], "is_anomalous": true, "anomaly_type": "variance_change", "anomaly_positions": [51, 52, 53, 54, 55, 56, 57, 58, 59, 60, 61, 62, 63, 64, 65, 66, 67, 68, 69, 70], "length": 100}