{"id": "anomalous_000444", "series": [47.4, 45.58, 48.24, 51.95, 49.22, 48.87, 51.57, 52.37, 49.85, 48.29, 48.33, 50.53, 45.95, 46.42, 42.25, 42.36, 41.08, 39.94, 37.45, 38.95, 39.96, 41.48, 41.12, 42.82, 43.34, 46.69, 49.69, 52.11, 48.77, 48.51, 90.03536959120882, 87.99536959120883, 85.55536959120883, 86.45536959120882, 84.66536959120882, 83.35536959120881, 82.84536959120882, 78.69536959120882, 81.41536959120882, 80.49536959120883, 42.8, 40.68, 40.04, 35.65, 40.19, 43.32, 44.73, 42.93, 44.94, 45.51, 43.59, 45.44, 48.27, 48.36, 50.31, 51.63, 47.88, 43.54, 45.7, 46.62, 42.15, 42.43, 42.06, 41.05, 38.53, 41.74, 37.66, 37.29, 34.81, 40.05, 40.62, 42.21, 44.09, 42.81, 46.92, 47.15, 50.89, 47.5, 47.83, 50.08, 52.52, 47.28, 48.41, 41.81, 44.79, 41.32, 40.01, 36.65, 39.57, 36.48, 36.78, 37.56, 34.54, 41.65, 38.65, 42.47, 42.21, 42.46, 44.59, 48.37], "labels": [0, 0, 0, 0, 0, 0, 0, 0, 0, 0, 0, 0, 0, 0, 0, 0, 0, 0, 0, 0, 0, 0, 0, 0, 0, 0, 0, 0, 0, 0, 1, 1, 1, 1, 1, 1, 1, 1, 1, 1, 0, 0, 0, 0, 0, 0, 0, 0, 0, 0, 0, 0, 0, 0, 0, 0, 0, 0, 0, 0, 0, 0, 0, 0, 0, 0, 0, 0, 0, 0, 0, 0, 0, 0, 0, 0, 0, 0, 0, 0, 0, 0, 0, 0, 0, 0, 0, 0, 0, 0, 0, 0, 0, 0, 0, 0, 0, 0, 0, 0], "is_anomalous": true, "anomaly_type": "shift", "anomaly_positions": [30, 31, 32, 33, 34, 35, 36, 37, 38, 39], "length": 100}