{"id": "anomalous_000257", "series": [52.8, 55.13, 55.89, 56.89, 57.98, 56.78, 57.84, 59.23, 55.96, 58.98, 56.26, 54.75, 53.36, 51.33, 51.06, 49.81, 49.01, 49.69, 49.08, 49.09, 48.48, 50.13, 51.52, 53.01, 53.57, 56.42, 55.84, 56.63, 57.15, 58.43, 60.65, 58.85, 59.25, 56.14, 53.68, 52.05, 53.15, 50.35, 52.50282133717441, 51.771953160080365, 50.531810200954, 50.53402810366299, 52.62543908832923, 51.63827721213485, 58.275868336372625, 55.47998645184602, 63.69830425871234, 67.61427003451803, 66.73902616853889, 67.89274347718222, 70.47256902496366, 73.52196034591606, 75.14245624045842, 73.23652116468942, 82.44202134704013, 79.03534832975932, 76.80483043890273, 84.48382419204219, 83.74739776219289, 72.93504958421677, 68.55962256549536, 85.25392027084624, 69.37923431987682, 78.45422536000771, 62.89429308948789, 75.09639908175991, 89.17680538952303, 80.69455867031719, 93.03810027037542, 67.13688602183875, 95.31341341089774, 83.21936603741796, 70.99969641351092, 91.60018153022523, 98.77160156330672, 78.02034002881155, 111.40395704338128, 86.99641311815958, 101.04595789229452, 117.76103283238982, 95.47847420767368, 88.84461480241865, 113.6005601276416, 100.21415872475357, 114.9187010297966, 110.9218464312307, 116.84926685192093, 97.96755746698382, 101.12232640731219, 80.47795822950542, 99.48114564977291, 90.13727137515025, 111.92834962175449, 78.06539366900518, 130.899091254749, 94.02866627829215, 120.87182484871758, 120.02474815325928, 113.42031090383247, 147.5908387236092], "labels": [0, 0, 0, 0, 0, 0, 0, 0, 0, 0, 0, 0, 0, 0, 0, 0, 0, 0, 0, 0, 0, 0, 0, 0, 0, 0, 0, 0, 0, 0, 0, 0, 0, 0, 0, 0, 0, 1, 1, 1, 1, 1, 1, 1, 1, 1, 1, 1, 1, 1, 1, 1, 1, 1, 1, 1, 1, 1, 1, 1, 1, 1, 1, 1, 1, 1, 1, 1, 1, 1, 1, 1, 1, 1, 1, 1, 1, 1, 1, 1, 1, 1, 1, 1, 1, 1, 1, 1, 1, 1, 1, 1, 1, 1, 1, 1, 1, 1, 1, 1], "is_anomalous": true, "anomaly_type": "trend_change", "anomaly_positions": [37, 38, 39, 40, 41, 42, 43, 44, 45, 46, 47, 48, 49, 50, 51, 52, 53, 54, 55, 56, 57, 58, 59, 60, 61, 62, 63, 64, 65, 66, 67, 68, 69, 70, 71, 72, 73, 74, 75, 76, 77, 78, 79, 80, 81, 82, 83, 84, 85, 86, 87, 88, 89, 90, 91, 92, 93, 94, 95, 96, 97, 98, 99], "length": 100}