{"id": "anomalous_000578", "series": [55.23, 58.52, 57.28, 60.85, 56.31, 62.34, 65.09, 58.48, 58.6, 56.86, 60.78, 58.47, 51.81, 55.12, 52.89, 53.63, 53.43, 51.21, 48.36, 51.36, 54.37, 51.23, 51.07, 56.62, 50.19, 56.41, 58.26, 54.92, 57.12, 63.33, 63.51, 64.49, 62.81, 60.42, 61.89, 52.44, 53.22, 49.75, 57.46, 47.39, 50.89, 51.62, 50.37, 50.75, 49.76, 51.01, 49.54, 53.94, 54.7, 57.1, 60.08, 51.82, 57.98, 61.09, 58.99, 58.13, 59.16, 59.96, 56.63, 58.98, 56.45, 55.59, 53.04, 50.07, 51.58, 49.88, 50.6, 65.62742043019739, 34.5484117925244, 43.29815617113077, 48.78657995151881, 52.48881075471174, 50.70496844005659, 60.92237563006943, 87.31549317700798, 51.21760053772172, 58.599367141180345, 86.7130380298095, 55.637353345177125, 7.708745486075159, 36.24968896079642, 56.026110120907376, 62.36061928012933, 60.72689297656391, 25.891293578825803, 58.78461086363304, 49.99855369085538, 55.07, 53.36, 51.51, 51.87, 54.29, 50.45, 53.2, 52.35, 53.23, 49.95, 57.49, 55.24, 60.52], "labels": [0, 0, 0, 0, 0, 0, 0, 0, 0, 0, 0, 0, 0, 0, 0, 0, 0, 0, 0, 0, 0, 0, 0, 0, 0, 0, 0, 0, 0, 0, 0, 0, 0, 0, 0, 0, 0, 0, 0, 0, 0, 0, 0, 0, 0, 0, 0, 0, 0, 0, 0, 0, 0, 0, 0, 0, 0, 0, 0, 0, 0, 0, 0, 0, 0, 0, 0, 1, 1, 1, 1, 1, 1, 1, 1, 1, 1, 1, 1, 1, 1, 1, 1, 1, 1, 1, 1, 0, 0, 0, 0, 0, 0, 0, 0, 0, 0, 0, 0, 0], "is_anomalous": true, "anomaly_type": "variance_change", "anomaly_positions": [67, 68, 69, 70, 71, 72, 73, 74, 75, 76, 77, 78, 79, 80, 81, 82, 83, 84, 85, 86], "length": 100}