{"id": "anomalous_000641", "series": [51.68, 52.78, 54.11, 56.19, 55.78, 57.86, 58.05, 57.3, 55.63, 55.66, 55.46, 53.01, 53.03, 49.54, 49.26, 47.54, 48.4, 46.53, 47.38, 49.38, 47.24, 49.14, 50.43, 51.21, 49.98, 52.67, 56.49, 56.44, 58.08, 54.95, 59.45, 58.29, 56.04, 79.635617073442, 77.49561707344199, 78.575617073442, 77.90561707344199, 75.585617073442, 73.265617073442, 72.955617073442, 72.105617073442, 71.395617073442, 71.27561707344199, 47.69, 50.29, 48.9, 48.79, 51.46, 52.81, 53.58, 53.38, 55.87, 57.19, 56.82, 57.67, 56.73, 57.27, 58.02, 55.63, 51.65, 53.87, 51.48, 49.82, 47.49, 46.88, 46.39, 49.48, 48.15, 48.95, 49.99, 49.79, 51.72, 50.51, 54.71, 55.54, 55.72, 57.71, 55.44, 57.22, 57.24, 59.08, 55.62, 54.95, 53.53, 54.49, 51.5, 52.12, 48.51, 49.35, 46.31, 46.09, 50.1, 49.26, 48.8, 49.94, 50.94, 54.32, 53.5, 54.62, 54.17], "labels": [0, 0, 0, 0, 0, 0, 0, 0, 0, 0, 0, 0, 0, 0, 0, 0, 0, 0, 0, 0, 0, 0, 0, 0, 0, 0, 0, 0, 0, 0, 0, 0, 0, 1, 1, 1, 1, 1, 1, 1, 1, 1, 1, 0, 0, 0, 0, 0, 0, 0, 0, 0, 0, 0, 0, 0, 0, 0, 0, 0, 0, 0, 0, 0, 0, 0, 0, 0, 0, 0, 0, 0, 0, 0, 0, 0, 0, 0, 0, 0, 0, 0, 0, 0, 0, 0, 0, 0, 0, 0, 0, 0, 0, 0, 0, 0, 0, 0, 0, 0], "is_anomalous": true, "anomaly_type": "shift", "anomaly_positions": [33, 34, 35, 36, 37, 38, 39, 40, 41, 42], "length": 100}