{"id": "anomalous_000107", "series": [54.85, 54.08, 53.0, 54.79, 55.37, 55.74, 63.01, 61.8, 57.31, 57.59, 53.96, 55.15, 50.05, 46.94, 49.23, 50.41, 47.85, 46.24, 50.39, 48.34, 49.46, 51.93, 49.4, 50.54, 59.87, 56.87, 56.35, 57.19, 58.31, 60.42, 55.7, 57.66, 63.63, 59.17, 53.77, 56.11, 54.55, 52.97, 47.51, 51.94, 51.05, 45.72, 51.75, 49.66, 47.31, 49.24, 54.97, 48.79, 55.21, 57.29, 60.03, 61.66, 56.57, 58.17, 62.86, 56.29, 58.6, 63.67650000714975, 55.08821895188477, 55.62111666844024, 59.75877430552539, 64.85702625220316, 58.572430190772955, 60.89233438994165, 56.3825921923081, 63.330255697668285, 55.65970183853687, 65.49710969617482, 66.12886964914706, 63.122646729334676, 63.69637679101442, 67.74096986816224, 82.31953200706353, 73.05603034413303, 66.6389069891033, 73.78114968720729, 68.3274469962011, 81.63237368985854, 98.13063970632712, 88.96239543784912, 81.97474824127534, 88.28799999938613, 94.60877385594316, 84.23944288972156, 85.27311548061635, 80.35035037481427, 76.15020758324903, 97.26364028214167, 94.79469860668007, 99.71267842050406, 88.02458656755377, 88.68720985723104, 83.57631272505682, 105.95384913359503, 101.9633279764798, 105.8424344727659, 95.5291587569441, 81.87730816927406, 100.33801043780355, 92.2338884376161], "labels": [0, 0, 0, 0, 0, 0, 0, 0, 0, 0, 0, 0, 0, 0, 0, 0, 0, 0, 0, 0, 0, 0, 0, 0, 0, 0, 0, 0, 0, 0, 0, 0, 0, 0, 0, 0, 0, 0, 0, 0, 0, 0, 0, 0, 0, 0, 0, 0, 0, 0, 0, 0, 0, 0, 0, 0, 1, 1, 1, 1, 1, 1, 1, 1, 1, 1, 1, 1, 1, 1, 1, 1, 1, 1, 1, 1, 1, 1, 1, 1, 1, 1, 1, 1, 1, 1, 1, 1, 1, 1, 1, 1, 1, 1, 1, 1, 1, 1, 1, 1], "is_anomalous": true, "anomaly_type": "trend_change", "anomaly_positions": [56, 57, 58, 59, 60, 61, 62, 63, 64, 65, 66, 67, 68, 69, 70, 71, 72, 73, 74, 75, 76, 77, 78, 79, 80, 81, 82, 83, 84, 85, 86, 87, 88, 89, 90, 91, 92, 93, 94, 95, 96, 97, 98, 99], "length": 100}