{"id": "anomalous_000120", "series": [43.73, 46.69, 47.89, 46.44, 50.27, 49.48, 51.35, 52.35, 50.25, 47.35, 48.33, 47.06, 53.77, 43.03, 41.51, 40.58, 36.57, 40.64, 41.76, 39.03, 43.83, 47.34, 39.78, 44.65, 40.27, 47.4, 47.56, 47.63, 52.77, 50.31, 51.01, 52.07, 54.1, 50.05, 45.2, 50.22, 43.37, 45.48, 45.86, 43.69, 42.37, 39.89, 36.05, 46.99, 41.25, 42.83, 41.67, 48.55, 45.88, 48.23, 50.68, 50.68, 49.74, 55.81, 47.38, 51.74, 51.04, 45.74, 47.49, 48.44, 49.2, 46.72, 42.76, 39.18, 41.31, 48.26, 42.87, 41.68, 38.17, 6.271627352479761, 3.921627352479767, 3.691627352479763, 9.441627352479763, 7.581627352479764, 9.751627352479765, 9.161627352479762, 10.541627352479765, 13.591627352479762, 18.74162735247976, 49.0, 51.56, 51.7, 49.48, 47.24, 46.79, 51.99, 41.89, 45.28, 46.51, 42.54, 44.18, 42.77, 45.44, 44.67, 48.8, 44.49, 51.21, 46.11, 54.38, 49.65], "labels": [0, 0, 0, 0, 0, 0, 0, 0, 0, 0, 0, 0, 0, 0, 0, 0, 0, 0, 0, 0, 0, 0, 0, 0, 0, 0, 0, 0, 0, 0, 0, 0, 0, 0, 0, 0, 0, 0, 0, 0, 0, 0, 0, 0, 0, 0, 0, 0, 0, 0, 0, 0, 0, 0, 0, 0, 0, 0, 0, 0, 0, 0, 0, 0, 0, 0, 0, 0, 0, 1, 1, 1, 1, 1, 1, 1, 1, 1, 1, 0, 0, 0, 0, 0, 0, 0, 0, 0, 0, 0, 0, 0, 0, 0, 0, 0, 0, 0, 0, 0], "is_anomalous": true, "anomaly_type": "shift", "anomaly_positions": [69, 70, 71, 72, 73, 74, 75, 76, 77, 78], "length": 100}