{"id": "anomalous_000177", "series": [42.69, 53.76, 52.81, 53.98, 53.47, 57.86, 53.8, 53.2, 54.59, 49.46, 45.97, 46.24, 46.45, 51.47, 48.4, 47.87, 42.87, 42.43, 40.46, 41.64, 49.12, 43.88, 48.37, 42.14, 44.08, 50.52, 46.45, 50.46, 57.34, 53.0, 50.36, 53.63, 56.25, 50.37, 46.36, 50.49, 47.32, 51.53, 52.36, 44.43, 43.6, 45.05, 40.26, 46.23, 49.87, 47.19, 57.73189910917119, 53.559852322688315, 35.013811753045545, 43.26482227971292, 87.77069734841051, 73.60745165467887, 45.94492258198923, 50.63407656552839, 45.31663361647976, 43.4816025405803, 78.55211328012193, 39.31383953300352, 73.56991626232141, 54.2731833094723, 58.91994577117559, 64.5044556577903, 35.181766001092114, -17.821092202404508, 32.7792769013703, 70.55099517169164, 46.11, 43.7, 45.75, 45.04, 49.59, 49.25, 51.63, 50.81, 55.62, 58.29, 46.78, 56.62, 57.32, 56.78, 56.66, 55.03, 56.44, 54.08, 52.95, 48.19, 47.68, 49.08, 46.55, 46.34, 45.63, 47.54, 45.2, 49.44, 48.45, 43.03, 53.75, 53.7, 50.24, 52.8], "labels": [0, 0, 0, 0, 0, 0, 0, 0, 0, 0, 0, 0, 0, 0, 0, 0, 0, 0, 0, 0, 0, 0, 0, 0, 0, 0, 0, 0, 0, 0, 0, 0, 0, 0, 0, 0, 0, 0, 0, 0, 0, 0, 0, 0, 0, 0, 1, 1, 1, 1, 1, 1, 1, 1, 1, 1, 1, 1, 1, 1, 1, 1, 1, 1, 1, 1, 0, 0, 0, 0, 0, 0, 0, 0, 0, 0, 0, 0, 0, 0, 0, 0, 0, 0, 0, 0, 0, 0, 0, 0, 0, 0, 0, 0, 0, 0, 0, 0, 0, 0], "is_anomalous": true, "anomaly_type": "variance_change", "anomaly_positions": [46, 47, 48, 49, 50, 51, 52, 53, 54, 55, 56, 57, 58, 59, 60, 61, 62, 63, 64, 65], "length": 100}