{"id": "anomalous_000298", "series": [53.61, 54.81, 51.95, 58.71, 51.69, 55.56, 54.93, 59.87, 58.24, 59.55, 61.05, 54.5, 52.01, 50.68, 55.38, 50.32, 54.32, 49.5, 50.67, 43.02, 46.37, 50.92, 53.17, 54.03, 53.36, 57.9, 60.3, 58.45, 58.5, 59.44, 58.95, 58.78, 59.78, 54.13, 56.91, 52.45, 56.02, 55.22, 50.15, 54.21, 46.93, 46.76, 47.49, 51.33, 48.9, 56.7, 54.7, 54.75, 54.37, 53.98, 55.62840671748462, 57.39899375075703, 53.630463571860034, 23.3637298507862, 44.70061213722144, 42.792022970666224, 24.36605708586843, 62.696809796006534, 33.524484306827354, 90.86424959132319, 58.18488139088592, 48.565016567999216, 29.176366338473265, 48.473255177778896, 70.04648127211128, 65.6434720637471, 34.10341703250878, 65.27359715100837, 15.969384863440148, 53.84207287302648, 51.74, 53.53, 57.78, 56.31, 61.44, 58.13, 58.75, 60.91, 53.66, 57.01, 60.72, 62.52, 59.77, 51.31, 53.95, 54.69, 53.84, 44.68, 50.69, 51.6, 53.27, 51.18, 53.47, 51.64, 50.35, 54.09, 55.9, 57.98, 60.26, 53.59], "labels": [0, 0, 0, 0, 0, 0, 0, 0, 0, 0, 0, 0, 0, 0, 0, 0, 0, 0, 0, 0, 0, 0, 0, 0, 0, 0, 0, 0, 0, 0, 0, 0, 0, 0, 0, 0, 0, 0, 0, 0, 0, 0, 0, 0, 0, 0, 0, 0, 0, 0, 1, 1, 1, 1, 1, 1, 1, 1, 1, 1, 1, 1, 1, 1, 1, 1, 1, 1, 1, 1, 0, 0, 0, 0, 0, 0, 0, 0, 0, 0, 0, 0, 0, 0, 0, 0, 0, 0, 0, 0, 0, 0, 0, 0, 0, 0, 0, 0, 0, 0], "is_anomalous": true, "anomaly_type": "variance_change", "anomaly_positions": [50, 51, 52, 53, 54, 55, 56, 57, 58, 59, 60, 61, 62, 63, 64, 65, 66, 67, 68, 69], "length": 100}