{"id": "anomalous_000536", "series": [47.31, 57.18, 55.55, 52.63, 51.8, 59.94, 59.99, 61.08, 56.38, 53.02, 52.34, 51.01, 47.94, 52.94, 47.74, 49.0, 48.36, 44.36, 48.43, 51.2, 48.42, 47.01, 47.57, 49.82, 51.96, 54.22, 58.56, 51.63, 57.04, 58.79, 56.93, 57.95, 57.19, 57.37, 52.95, 53.36, 49.67, 48.59, 50.95, 51.29, 45.31, 46.69, 47.05, 43.63, 41.9, 45.37, 48.74, 50.8, 49.55, 53.12, 60.94, 52.81, 52.06, 54.84, 54.341961087561856, 55.02110928408615, 54.99891937442399, 58.56138545396682, 56.13057664375115, 57.14549427647811, 60.670152388805214, 56.07190833993551, 57.222456195156454, 58.99683053072626, 56.882194942309674, 51.51393122071928, 56.568599418808745, 54.046561363114776, 54.57512242491686, 53.74284911466239, 65.95638109440942, 73.77594759917136, 73.70277231791367, 69.61789217704823, 83.59931243200288, 67.8777233344621, 84.84977698086749, 74.26858231595196, 76.20906228462236, 82.17500947312301, 91.94253089422753, 67.46476005356364, 69.16131227346584, 77.37857414837444, 80.02698291480733, 72.10875286642272, 80.95365222660064, 78.82234256153687, 78.16252008731846, 76.22093009588664, 90.54534600084584, 95.84386588946491, 74.12751300586828, 83.20693655171655, 86.79774204520331, 82.2512449426973, 102.16722044439464, 95.10714974125179, 81.30050123186341, 79.42590094559351], "labels": [0, 0, 0, 0, 0, 0, 0, 0, 0, 0, 0, 0, 0, 0, 0, 0, 0, 0, 0, 0, 0, 0, 0, 0, 0, 0, 0, 0, 0, 0, 0, 0, 0, 0, 0, 0, 0, 0, 0, 0, 0, 0, 0, 0, 0, 0, 0, 0, 0, 0, 0, 0, 0, 1, 1, 1, 1, 1, 1, 1, 1, 1, 1, 1, 1, 1, 1, 1, 1, 1, 1, 1, 1, 1, 1, 1, 1, 1, 1, 1, 1, 1, 1, 1, 1, 1, 1, 1, 1, 1, 1, 1, 1, 1, 1, 1, 1, 1, 1, 1], "is_anomalous": true, "anomaly_type": "trend_change", "anomaly_positions": [53, 54, 55, 56, 57, 58, 59, 60, 61, 62, 63, 64, 65, 66, 67, 68, 69, 70, 71, 72, 73, 74, 75, 76, 77, 78, 79, 80, 81, 82, 83, 84, 85, 86, 87, 88, 89, 90, 91, 92, 93, 94, 95, 96, 97, 98, 99], "length": 100}