{"id": "anomalous_000365", "series": [52.53, 52.22, 53.32, 59.05, 57.61, 55.49, 57.77, 55.06, 51.55, 57.64, 50.81, 53.22, 50.54, 50.16, 50.63, 52.85, 47.51, 43.47, 48.65, 43.6, 46.93, 48.93, 45.84, 47.71, 53.7, 55.45, 54.85, 52.65, 58.35, 52.85, 55.19, 59.77, 53.8, 50.63, 52.08, 50.14, 52.48, 10.143513748680583, 11.62351374868058, 8.203513748680585, 4.573513748680583, 11.453513748680585, 9.673513748680584, 10.203513748680585, 12.203513748680585, 6.853513748680584, 9.55351374868058, 51.46, 46.19, 51.7, 51.01, 50.9, 57.76, 52.85, 51.92, 50.02, 52.33, 50.87, 54.46, 51.12, 47.3, 45.87, 45.68, 45.29, 47.31, 44.93, 50.47, 42.57, 42.1, 44.04, 49.01, 43.07, 51.59, 47.75, 50.19, 52.9, 51.72, 51.6, 56.3, 50.33, 49.15, 54.44, 50.19, 50.9, 48.44, 50.13, 45.58, 44.57, 42.46, 43.07, 44.39, 42.6, 41.52, 46.81, 48.65, 42.73, 46.85, 51.51, 53.09, 50.18], "labels": [0, 0, 0, 0, 0, 0, 0, 0, 0, 0, 0, 0, 0, 0, 0, 0, 0, 0, 0, 0, 0, 0, 0, 0, 0, 0, 0, 0, 0, 0, 0, 0, 0, 0, 0, 0, 0, 1, 1, 1, 1, 1, 1, 1, 1, 1, 1, 0, 0, 0, 0, 0, 0, 0, 0, 0, 0, 0, 0, 0, 0, 0, 0, 0, 0, 0, 0, 0, 0, 0, 0, 0, 0, 0, 0, 0, 0, 0, 0, 0, 0, 0, 0, 0, 0, 0, 0, 0, 0, 0, 0, 0, 0, 0, 0, 0, 0, 0, 0, 0], "is_anomalous": true, "anomaly_type": "shift", "anomaly_positions": [37, 38, 39, 40, 41, 42, 43, 44, 45, 46], "length": 100}