{"id": "anomalous_000795", "series": [46.06, 49.03, 47.42, 52.93, 52.71, 52.74, 51.89, 48.33, 49.8, 54.0, 49.21, 48.54, 50.03, 46.24, 44.73, 43.79, 45.03, 41.97, 42.08, 45.08, 42.02, 43.67, 45.02, 46.36, 45.1, 47.64, 48.4, 49.56, 51.02, 55.12, 52.66, 54.31, 52.2, 48.37, 47.71, 47.3, 46.1, 48.22, 47.94, 43.37, 43.51, 43.83, 40.52, 41.75, 42.98376723175488, 45.8385502156694, 48.483624208370514, 47.26342577253779, 54.542635227514246, 53.708871525792084, 56.7536685633004, 62.963526231841065, 61.65969375909091, 64.77873352567643, 55.80564350084248, 61.58097485041921, 56.824251468585544, 58.92961661731533, 67.89182178616846, 67.67036263536889, 62.311213429641754, 58.94297565191651, 69.17795478503837, 65.58325436552431, 57.001530912513076, 69.42921428031234, 68.68563022638128, 66.29157111486609, 79.31490265010211, 73.6131804719495, 63.42036785095651, 60.361671121113574, 89.12320665619845, 64.30710158483342, 79.89742256895013, 70.28353569726664, 70.5835495800383, 71.88822691916069, 91.75867863414585, 98.04108272476799, 86.95804144337977, 95.19600655965604, 73.22566405381406, 76.78559589366114, 90.89079166975941, 91.24584417273621, 82.97506322417556, 90.03410930608896, 75.41255271569224, 83.11410502063086, 75.68002979707894, 77.19641290273182, 68.49735477139392, 80.60476418603102, 77.32542035545991, 71.71127617026907, 122.58863986217631, 125.44084237207929, 116.9932913022515, 88.68422690664926], "labels": [0, 0, 0, 0, 0, 0, 0, 0, 0, 0, 0, 0, 0, 0, 0, 0, 0, 0, 0, 0, 0, 0, 0, 0, 0, 0, 0, 0, 0, 0, 0, 0, 0, 0, 0, 0, 0, 0, 0, 0, 0, 0, 0, 1, 1, 1, 1, 1, 1, 1, 1, 1, 1, 1, 1, 1, 1, 1, 1, 1, 1, 1, 1, 1, 1, 1, 1, 1, 1, 1, 1, 1, 1, 1, 1, 1, 1, 1, 1, 1, 1, 1, 1, 1, 1, 1, 1, 1, 1, 1, 1, 1, 1, 1, 1, 1, 1, 1, 1, 1], "is_anomalous": true, "anomaly_type": "trend_change", "anomaly_positions": [43, 44, 45, 46, 47, 48, 49, 50, 51, 52, 53, 54, 55, 56, 57, 58, 59, 60, 61, 62, 63, 64, 65, 66, 67, 68, 69, 70, 71, 72, 73, 74, 75, 76, 77, 78, 79, 80, 81, 82, 83, 84, 85, 86, 87, 88, 89, 90, 91, 92, 93, 94, 95, 96, 97, 98, 99], "length": 100}