{"id": "anomalous_000602", "series": [48.16, 49.21, 49.93, 53.49, 53.39, 52.12, 53.78, 51.3, 51.92, 49.55, 50.27, 49.51, 47.64, 45.17, 45.18, 43.67, 43.39, 41.81, 42.58, 42.18, 43.47, 43.99, 46.09, 46.58, 49.38, 47.75, 49.11, 48.13, 52.64, 51.27, 51.85, 52.88, 51.67, 52.4, 50.58, 50.45, 46.95, 46.49, 46.67, 45.19, 43.46, 40.98, 43.51, 42.74, 42.78, 44.3, 44.47, 45.55, 48.27, 47.98, 51.4, 51.6, 51.41, 51.35, 54.58, 53.24, 51.34, 50.51, 48.16, 48.61, 47.25, 46.565714424192414, 48.642760961837034, 48.30191327165686, 47.14141682210025, 45.78214473417114, 48.776807546134904, 51.250483840016045, 50.10366321491324, 53.24981904868991, 56.34578205260925, 51.943754783540186, 63.22183037245429, 60.35174158603308, 58.84649990462187, 63.024929987385995, 74.3930936996297, 77.04297245848612, 64.52105064608452, 79.44064835225426, 72.28545011790568, 81.95156630318529, 72.0112464627681, 78.7699066322942, 69.1182654706374, 65.69985298464611, 68.74623786434128, 66.19962736862402, 71.439118017565, 62.564957076362774, 70.99224818823599, 75.24609073676014, 91.23454163545915, 73.89038910712256, 79.63902181656118, 69.43644541521549, 94.33978938028147, 78.44535587268133, 92.58498017109719, 84.78894391040163], "labels": [0, 0, 0, 0, 0, 0, 0, 0, 0, 0, 0, 0, 0, 0, 0, 0, 0, 0, 0, 0, 0, 0, 0, 0, 0, 0, 0, 0, 0, 0, 0, 0, 0, 0, 0, 0, 0, 0, 0, 0, 0, 0, 0, 0, 0, 0, 0, 0, 0, 0, 0, 0, 0, 0, 0, 0, 0, 0, 0, 0, 1, 1, 1, 1, 1, 1, 1, 1, 1, 1, 1, 1, 1, 1, 1, 1, 1, 1, 1, 1, 1, 1, 1, 1, 1, 1, 1, 1, 1, 1, 1, 1, 1, 1, 1, 1, 1, 1, 1, 1], "is_anomalous": true, "anomaly_type": "trend_change", "anomaly_positions": [60, 61, 62, 63, 64, 65, 66, 67, 68, 69, 70, 71, 72, 73, 74, 75, 76, 77, 78, 79, 80, 81, 82, 83, 84, 85, 86, 87, 88, 89, 90, 91, 92, 93, 94, 95, 96, 97, 98, 99], "length": 100}