{"id": "anomalous_000522", "series": [45.35, 47.6, 48.18, 51.95, 49.97, 48.56, 52.41, 51.03, 48.64, 49.37, 51.01, 45.3, 45.67, 44.42, 44.78, 42.44, 41.3, 39.37, 40.45, 40.43, 42.4, 42.77, 45.48, 45.1, 47.43, 47.38, 49.41, 50.48, 48.74, 51.93, 52.33, 50.13, 50.61, 50.42, 47.35, 48.66, 46.9, 46.03, 44.32, 43.92, 41.61, 42.08, 41.1, 42.83, 41.7, 43.09, 42.67, 43.89, 47.56, 45.88, 49.65, 49.24, 50.28, 50.38, 50.25, 50.1, 14.743027742403541, 13.35302774240354, 9.573027742403546, 11.463027742403547, 9.043027742403545, 9.493027742403541, 8.703027742403542, 4.963027742403547, 6.183027742403546, 4.913027742403543, 40.6, 40.98, 42.08, 42.85, 42.61, 47.14, 44.17, 48.23, 49.73, 46.93, 49.72, 51.33, 50.14, 51.0, 50.94, 48.66, 48.9, 46.59, 47.71, 45.1, 43.2, 44.89, 41.73, 41.01, 42.86, 43.22, 43.33, 43.71, 44.13, 42.27, 46.37, 47.42, 47.59, 48.22], "labels": [0, 0, 0, 0, 0, 0, 0, 0, 0, 0, 0, 0, 0, 0, 0, 0, 0, 0, 0, 0, 0, 0, 0, 0, 0, 0, 0, 0, 0, 0, 0, 0, 0, 0, 0, 0, 0, 0, 0, 0, 0, 0, 0, 0, 0, 0, 0, 0, 0, 0, 0, 0, 0, 0, 0, 0, 1, 1, 1, 1, 1, 1, 1, 1, 1, 1, 0, 0, 0, 0, 0, 0, 0, 0, 0, 0, 0, 0, 0, 0, 0, 0, 0, 0, 0, 0, 0, 0, 0, 0, 0, 0, 0, 0, 0, 0, 0, 0, 0, 0], "is_anomalous": true, "anomaly_type": "shift", "anomaly_positions": [56, 57, 58, 59, 60, 61, 62, 63, 64, 65], "length": 100}