{"id": "anomalous_000058", "series": [48.91, 52.03, 52.03, 52.05, 54.67, 50.61, 57.61, 54.86, 52.46, 50.43, 53.16, 50.57, 50.91, 44.3, 48.23, 49.13, 44.6, 43.87, 45.07, 45.06, 47.14, 46.26, 50.54, 51.27, 51.47, 52.59, 48.97, 52.18, 56.72, 58.17, 55.46, 53.73, 51.72, 51.29, 52.17, 50.64, 52.13, 55.18, 48.45, 52.83, 47.2, 49.89, 40.24939899311506, 40.888470922325915, 65.86737821382212, 64.12777101876478, 45.187215116032576, 90.85972933167871, 52.05236338316244, 51.33618292421654, 59.09318252218995, 77.44884984933734, 64.7928224995082, 47.04686736403788, 59.91321315234738, 55.3497889436097, 50.935894941673546, 80.84252667378833, 63.629712891310334, 81.445294137063, 42.031699537038754, 34.511713786745375, 51.22, 47.72, 48.62, 48.65, 45.13, 47.62, 49.83, 48.29, 48.32, 49.07, 53.23, 51.29, 54.33, 54.58, 59.17, 55.07, 58.09, 60.83, 55.9, 55.45, 56.19, 53.6, 54.99, 49.99, 48.98, 50.06, 43.98, 50.39, 46.71, 50.34, 50.29, 50.35, 53.63, 51.75, 56.02, 57.86, 55.57, 60.44], "labels": [0, 0, 0, 0, 0, 0, 0, 0, 0, 0, 0, 0, 0, 0, 0, 0, 0, 0, 0, 0, 0, 0, 0, 0, 0, 0, 0, 0, 0, 0, 0, 0, 0, 0, 0, 0, 0, 0, 0, 0, 0, 0, 1, 1, 1, 1, 1, 1, 1, 1, 1, 1, 1, 1, 1, 1, 1, 1, 1, 1, 1, 1, 0, 0, 0, 0, 0, 0, 0, 0, 0, 0, 0, 0, 0, 0, 0, 0, 0, 0, 0, 0, 0, 0, 0, 0, 0, 0, 0, 0, 0, 0, 0, 0, 0, 0, 0, 0, 0, 0], "is_anomalous": true, "anomaly_type": "variance_change", "anomaly_positions": [42, 43, 44, 45, 46, 47, 48, 49, 50, 51, 52, 53, 54, 55, 56, 57, 58, 59, 60, 61], "length": 100}