{"id": "anomalous_000364", "series": [50.05, 52.6, 55.2, 54.77, 56.51, 57.03, 57.66, 57.88, 57.15, 56.95, 54.55, 54.97, 53.01, 51.77, 48.63, 49.44, 48.57, 47.45, 47.65, 49.64, 48.79, 46.92, 52.15, 55.27, 52.23, 56.49, 55.31, 55.88, 56.26, 59.03, 57.09, 57.66, 57.72, 55.77, 53.05, 54.14, 52.45, 50.13, 50.01, 52.01, 48.97, 49.85, 50.06, 48.03, 49.07, 49.29, 51.57, 51.15, 54.38, 52.59, 55.27, 55.38, 59.73, 57.07, 58.9, 60.34, 60.81, 56.98, 56.63, 53.41, 35.89085664389784, 50.180434308818405, 46.10807794254954, 73.82901740138075, 40.5020115045366, 25.567251309393434, 56.510909854319394, 42.28134882429125, 41.076665037450994, 63.915818743827074, 60.573575331161756, 61.010194402795335, 81.10818175713246, 34.419344559880415, 53.19928284320999, 47.23809055117891, 73.47772895687659, 54.36163364515188, 46.44979996206997, 45.16635427084258, 59.03, 57.38, 57.23, 56.86, 55.48, 53.22, 55.28, 51.63, 52.23, 51.34, 51.91, 48.83, 51.29, 51.59, 53.0, 55.06, 56.0, 54.1, 56.19, 57.03], "labels": [0, 0, 0, 0, 0, 0, 0, 0, 0, 0, 0, 0, 0, 0, 0, 0, 0, 0, 0, 0, 0, 0, 0, 0, 0, 0, 0, 0, 0, 0, 0, 0, 0, 0, 0, 0, 0, 0, 0, 0, 0, 0, 0, 0, 0, 0, 0, 0, 0, 0, 0, 0, 0, 0, 0, 0, 0, 0, 0, 0, 1, 1, 1, 1, 1, 1, 1, 1, 1, 1, 1, 1, 1, 1, 1, 1, 1, 1, 1, 1, 0, 0, 0, 0, 0, 0, 0, 0, 0, 0, 0, 0, 0, 0, 0, 0, 0, 0, 0, 0], "is_anomalous": true, "anomaly_type": "variance_change", "anomaly_positions": [60, 61, 62, 63, 64, 65, 66, 67, 68, 69, 70, 71, 72, 73, 74, 75, 76, 77, 78, 79], "length": 100}