{"id": "anomalous_000483", "series": [52.49, 53.97, 55.09, 55.02, 50.24, 55.45, 56.02, 54.95, 62.17, 56.11, 54.24, 51.06, 54.52, 52.35, 49.98, 51.49, 51.64, 45.39, 47.82, 50.08, 47.59, 48.45, 46.97, 47.27, 56.39, 56.9, 57.14, 54.34, 55.95, 61.86, 55.95, 53.47, 55.28, 56.07, 52.5, 55.53, 51.454275436226595, 37.76670950218654, 33.32671884227938, 49.5068120991892, 44.559295833172, 50.26026149930745, 24.956886935024738, 34.996566537418005, 56.10935308033844, 43.74697566404857, 47.587722525956934, 58.86365928943651, 76.85881834116167, 64.37854100084446, 73.92009230103329, 67.08978210281097, 82.37051887219978, 57.4424044170778, 66.5251132412541, 34.266877420154174, 59.36, 58.97, 54.08, 52.83, 54.87, 50.28, 54.79, 51.44, 49.41, 43.56, 45.81, 51.57, 46.67, 49.39, 51.48, 50.55, 51.06, 55.59, 57.48, 59.58, 61.22, 58.28, 61.16, 58.01, 58.49, 59.2, 54.95, 54.59, 52.17, 51.51, 44.67, 51.41, 52.02, 47.47, 48.26, 47.66, 48.53, 48.87, 47.5, 52.92, 51.12, 55.04, 54.47, 58.63], "labels": [0, 0, 0, 0, 0, 0, 0, 0, 0, 0, 0, 0, 0, 0, 0, 0, 0, 0, 0, 0, 0, 0, 0, 0, 0, 0, 0, 0, 0, 0, 0, 0, 0, 0, 0, 0, 1, 1, 1, 1, 1, 1, 1, 1, 1, 1, 1, 1, 1, 1, 1, 1, 1, 1, 1, 1, 0, 0, 0, 0, 0, 0, 0, 0, 0, 0, 0, 0, 0, 0, 0, 0, 0, 0, 0, 0, 0, 0, 0, 0, 0, 0, 0, 0, 0, 0, 0, 0, 0, 0, 0, 0, 0, 0, 0, 0, 0, 0, 0, 0], "is_anomalous": true, "anomaly_type": "variance_change", "anomaly_positions": [36, 37, 38, 39, 40, 41, 42, 43, 44, 45, 46, 47, 48, 49, 50, 51, 52, 53, 54, 55], "length": 100}