{"id": "anomalous_000572", "series": [48.19, 46.41, 56.85, 48.2, 57.81, 59.36, 54.2, 53.91, 51.96, 53.57, 54.06, 58.01, 52.18, 48.39, 50.57, 47.13, 46.66, 44.63, 42.86, 42.63, 48.14, 48.36, 47.67, 48.99, 52.25, 51.39, 50.97, 53.61, 56.53, 56.78, 58.5, 58.25, 56.97, 54.88, 54.18, 54.42, 53.22, 49.14, 56.26, 49.76, 54.81, 50.99, 46.73, 47.29, 50.53, 45.41, 49.98, 51.36, 49.26, 53.53, 55.71, 56.13, 56.25, 57.57, 61.91, 55.29, 57.91, 55.56, 56.57, 55.23, 55.94, 48.44, 54.77, 49.5, 47.5, 45.72, 46.2717761980719, 48.391148422985786, 47.159759888383505, 59.433780316394184, 57.48873679473726, 57.26640626960314, 56.11070519174913, 65.27114658101145, 66.55704689270132, 65.78587174424041, 65.48688968100232, 78.08117339150185, 76.23226361099339, 65.7360092563765, 70.11546259354206, 66.57224814438734, 69.25892045354998, 74.69667049418916, 68.20542004583221, 66.59839563536518, 75.93887221150959, 70.69650697164383, 72.3889857188787, 72.95821104248023, 89.4160152622054, 89.84910024850006, 77.2081309244673, 74.89225558209256, 68.8682511638259, 78.00735506988434, 90.52221421968835, 83.13218315305537, 81.64002595553734, 91.62324673670497], "labels": [0, 0, 0, 0, 0, 0, 0, 0, 0, 0, 0, 0, 0, 0, 0, 0, 0, 0, 0, 0, 0, 0, 0, 0, 0, 0, 0, 0, 0, 0, 0, 0, 0, 0, 0, 0, 0, 0, 0, 0, 0, 0, 0, 0, 0, 0, 0, 0, 0, 0, 0, 0, 0, 0, 0, 0, 0, 0, 0, 0, 0, 0, 0, 0, 0, 1, 1, 1, 1, 1, 1, 1, 1, 1, 1, 1, 1, 1, 1, 1, 1, 1, 1, 1, 1, 1, 1, 1, 1, 1, 1, 1, 1, 1, 1, 1, 1, 1, 1, 1], "is_anomalous": true, "anomaly_type": "trend_change", "anomaly_positions": [65, 66, 67, 68, 69, 70, 71, 72, 73, 74, 75, 76, 77, 78, 79, 80, 81, 82, 83, 84, 85, 86, 87, 88, 89, 90, 91, 92, 93, 94, 95, 96, 97, 98, 99], "length": 100}