{"id": "anomalous_000469", "series": [51.48, 53.58, 55.78, 56.22, 56.2, 56.34, 58.01, 55.48, 56.66, 56.68, 54.83, 54.43, 52.05, 50.77, 48.63, 50.97, 48.99, 45.62, 48.18, 48.35, 48.45, 48.58, 48.68, 51.89, 51.04, 54.5, 53.79, 55.59, 57.42, 57.45, 57.95, 58.98, 57.22, 57.14, 56.14, 57.29, 51.99, 52.42, 53.84, 48.76, 48.32, 48.3, 50.98, 48.85, 49.95, 50.64, 52.0, 52.19, 65.76685709547259, 67.39243571401, 71.31845164312848, 52.57284258770719, 39.55575510679823, 71.2062122068386, 39.925289513286, 58.31044086392126, 50.80923666555338, 58.27314819816979, 39.97389161432969, 32.74833275050564, 56.15095015731332, 71.83527451415694, 57.03612863303425, 70.0852558862027, 37.62616011448836, 76.57640881388355, 39.767469655390165, 38.49218002025229, 51.17, 52.37, 52.09, 52.41, 55.45, 57.16, 55.89, 60.96, 59.47, 59.15, 60.79, 57.41, 60.11, 58.29, 56.2, 54.85, 53.74, 51.68, 49.69, 51.06, 50.65, 48.5, 50.73, 48.1, 50.14, 52.87, 52.73, 53.37, 55.05, 56.33, 58.0, 58.76], "labels": [0, 0, 0, 0, 0, 0, 0, 0, 0, 0, 0, 0, 0, 0, 0, 0, 0, 0, 0, 0, 0, 0, 0, 0, 0, 0, 0, 0, 0, 0, 0, 0, 0, 0, 0, 0, 0, 0, 0, 0, 0, 0, 0, 0, 0, 0, 0, 0, 1, 1, 1, 1, 1, 1, 1, 1, 1, 1, 1, 1, 1, 1, 1, 1, 1, 1, 1, 1, 0, 0, 0, 0, 0, 0, 0, 0, 0, 0, 0, 0, 0, 0, 0, 0, 0, 0, 0, 0, 0, 0, 0, 0, 0, 0, 0, 0, 0, 0, 0, 0], "is_anomalous": true, "anomaly_type": "variance_change", "anomaly_positions": [48, 49, 50, 51, 52, 53, 54, 55, 56, 57, 58, 59, 60, 61, 62, 63, 64, 65, 66, 67], "length": 100}