{"id": "anomalous_000081", "series": [46.69, 48.22, 54.9, 54.82, 51.59, 53.24, 56.21, 53.1, 51.24, 50.95, 49.03, 47.75, 46.54, 49.72, 51.69, 41.46, 44.1, 46.56, 41.19, 47.9, 43.19, 47.97, 42.8, 52.48, 49.14, 49.49, 51.58, 49.73, 48.72, 55.11, 50.57, 45.61, 53.65, 53.77, 52.85, 53.0, 45.96, 50.43, 47.51, 41.21, 43.71, 39.79, 41.62, 43.42, 46.77, 39.17, 46.41, 44.92, 46.56, 48.09, 53.19, 18.49871209120518, 61.01277455240106, 30.86874334901836, 33.180580364467566, 45.182534905253995, 64.39878726567741, 25.555971011898038, 60.904704385985184, 72.44465107583983, 21.32719889528632, 56.22244725386551, 29.583359403018022, 58.30382326322551, 63.35412766454422, 52.61878315065274, 28.89276349299048, 66.35671652246995, 23.178983992725804, 18.02257775549398, 33.593126828107934, 43.22, 47.36, 50.44, 49.5, 52.02, 48.62, 55.44, 54.27, 50.51, 49.04, 53.24, 49.94, 50.04, 46.35, 43.4, 42.3, 44.7, 41.14, 41.66, 42.31, 36.28, 39.74, 43.91, 41.37, 42.82, 44.73, 46.76, 50.54, 49.98], "labels": [0, 0, 0, 0, 0, 0, 0, 0, 0, 0, 0, 0, 0, 0, 0, 0, 0, 0, 0, 0, 0, 0, 0, 0, 0, 0, 0, 0, 0, 0, 0, 0, 0, 0, 0, 0, 0, 0, 0, 0, 0, 0, 0, 0, 0, 0, 0, 0, 0, 0, 0, 1, 1, 1, 1, 1, 1, 1, 1, 1, 1, 1, 1, 1, 1, 1, 1, 1, 1, 1, 1, 0, 0, 0, 0, 0, 0, 0, 0, 0, 0, 0, 0, 0, 0, 0, 0, 0, 0, 0, 0, 0, 0, 0, 0, 0, 0, 0, 0, 0], "is_anomalous": true, "anomaly_type": "variance_change", "anomaly_positions": [51, 52, 53, 54, 55, 56, 57, 58, 59, 60, 61, 62, 63, 64, 65, 66, 67, 68, 69, 70], "length": 100}