{"id": "anomalous_000707", "series": [48.91, 56.9, 54.49, 58.97, 54.78, 57.89, 57.23, 54.02, 55.91, 54.81, 53.06, 53.34, 52.99, 50.8, 51.03, 48.3, 45.15, 43.77, 44.25, 45.48, 47.97, 42.57, 51.96, 47.47, 49.23, 51.32, 54.82, 52.97, 57.52, 57.33, 55.83, 55.21, 53.71, 51.82, 53.93, 51.7, 47.72, 50.5, 49.64, 46.66, 47.08, 15.755061196198088, 23.695061196198086, 21.315061196198084, 17.155061196198087, 23.195061196198086, 23.155061196198087, 17.665061196198085, 21.245061196198083, 28.045061196198088, 22.595061196198085, 54.82, 54.95, 56.81, 57.54, 52.87, 54.57, 53.17, 49.89, 48.23, 51.12, 49.05, 42.26, 43.59, 48.62, 45.35, 45.21, 41.03, 44.62, 46.19, 46.15, 43.8, 48.69, 52.41, 54.99, 53.47, 53.9, 53.61, 55.24, 55.47, 52.24, 55.4, 50.62, 51.63, 52.26, 46.68, 44.64, 45.83, 43.15, 45.4, 42.3, 43.45, 47.05, 46.13, 44.82, 45.04, 49.8, 49.75, 50.69, 49.79], "labels": [0, 0, 0, 0, 0, 0, 0, 0, 0, 0, 0, 0, 0, 0, 0, 0, 0, 0, 0, 0, 0, 0, 0, 0, 0, 0, 0, 0, 0, 0, 0, 0, 0, 0, 0, 0, 0, 0, 0, 0, 0, 1, 1, 1, 1, 1, 1, 1, 1, 1, 1, 0, 0, 0, 0, 0, 0, 0, 0, 0, 0, 0, 0, 0, 0, 0, 0, 0, 0, 0, 0, 0, 0, 0, 0, 0, 0, 0, 0, 0, 0, 0, 0, 0, 0, 0, 0, 0, 0, 0, 0, 0, 0, 0, 0, 0, 0, 0, 0, 0], "is_anomalous": true, "anomaly_type": "shift", "anomaly_positions": [41, 42, 43, 44, 45, 46, 47, 48, 49, 50], "length": 100}