{"id": "anomalous_000284", "series": [53.8, 50.72, 54.21, 59.7, 57.96, 57.09, 59.81, 56.91, 55.99, 54.46, 56.97, 56.86, 49.59, 53.19, 48.86, 51.53, 50.48, 44.55, 46.27, 50.81, 50.01, 51.55, 52.22, 51.02, 53.28, 58.47, 58.81, 55.22, 58.27, 56.61, 59.06, 53.4, 61.55, 56.65, 55.1, 55.57, 51.76, 53.78, 53.84, 49.47, 51.53, 48.13, 49.6, 22.551543503470146, 24.581543503470147, 23.32154350347015, 25.741543503470144, 25.261543503470147, 32.48154350347015, 31.831543503470147, 33.42154350347015, 31.741543503470144, 32.26154350347015, 61.77, 61.01, 62.91, 60.17, 53.33, 57.3, 52.11, 51.19, 51.99, 49.38, 50.66, 54.04, 50.04, 56.88, 49.36, 50.44, 51.72, 49.84, 53.93, 51.67, 54.82, 58.06, 56.68, 61.34, 60.17, 61.98, 65.52, 64.53, 58.4, 52.51, 55.78, 53.53, 48.79, 51.56, 48.7, 49.13, 51.11, 47.82, 51.06, 48.5, 50.63, 53.89, 53.73, 56.98, 61.21, 59.24, 60.84], "labels": [0, 0, 0, 0, 0, 0, 0, 0, 0, 0, 0, 0, 0, 0, 0, 0, 0, 0, 0, 0, 0, 0, 0, 0, 0, 0, 0, 0, 0, 0, 0, 0, 0, 0, 0, 0, 0, 0, 0, 0, 0, 0, 0, 1, 1, 1, 1, 1, 1, 1, 1, 1, 1, 0, 0, 0, 0, 0, 0, 0, 0, 0, 0, 0, 0, 0, 0, 0, 0, 0, 0, 0, 0, 0, 0, 0, 0, 0, 0, 0, 0, 0, 0, 0, 0, 0, 0, 0, 0, 0, 0, 0, 0, 0, 0, 0, 0, 0, 0, 0], "is_anomalous": true, "anomaly_type": "shift", "anomaly_positions": [43, 44, 45, 46, 47, 48, 49, 50, 51, 52], "length": 100}