{"id": "anomalous_000552", "series": [47.78, 49.11, 49.05, 50.8, 53.56, 51.35, 53.46, 53.37, 55.76, 52.15, 49.53, 50.72, 45.9, 46.86, 41.74, 45.95, 42.03, 46.36, 40.54, 45.13, 38.11, 44.75, 44.96, 44.25, 44.96, 47.43, 51.41, 51.72, 51.36, 50.84, 52.88, 50.31, 50.15, 50.66, 52.83, 48.32, 45.31, 41.96, 46.87, 40.91, 42.05, 43.41, 41.79, 41.88, 41.42, 40.28, 45.27, 45.23, 46.03, 49.4, 50.13, 49.44, 49.4, 51.84, 49.28, 48.14, 50.53, 51.92, 51.05, 45.39, 46.42, 41.91, 45.1, 42.69, 41.94, 40.79, 42.22, 38.49, 5.372381190884468, 6.372381190884468, 10.262381190884469, 12.492381190884466, 13.912381190884467, 13.852381190884465, 14.372381190884468, 15.692381190884468, 12.43238119088447, 15.982381190884468, 49.4, 49.41, 49.5, 50.05, 49.47, 48.34, 44.99, 47.7, 45.45, 39.27, 36.93, 40.15, 41.12, 39.83, 43.49, 41.12, 42.42, 41.31, 45.55, 48.58, 48.04, 51.36], "labels": [0, 0, 0, 0, 0, 0, 0, 0, 0, 0, 0, 0, 0, 0, 0, 0, 0, 0, 0, 0, 0, 0, 0, 0, 0, 0, 0, 0, 0, 0, 0, 0, 0, 0, 0, 0, 0, 0, 0, 0, 0, 0, 0, 0, 0, 0, 0, 0, 0, 0, 0, 0, 0, 0, 0, 0, 0, 0, 0, 0, 0, 0, 0, 0, 0, 0, 0, 0, 1, 1, 1, 1, 1, 1, 1, 1, 1, 1, 0, 0, 0, 0, 0, 0, 0, 0, 0, 0, 0, 0, 0, 0, 0, 0, 0, 0, 0, 0, 0, 0], "is_anomalous": true, "anomaly_type": "shift", "anomaly_positions": [68, 69, 70, 71, 72, 73, 74, 75, 76, 77], "length": 100}