{"id": "anomalous_000355", "series": [52.97, 58.55, 56.9, 59.51, 60.16, 61.33, 57.41, 60.23, 54.83, 57.59, 56.23, 57.58, 56.5, 52.33, 53.56, 51.34, 51.79, 49.98, 45.88, 49.66, 51.27, 54.37, 50.76, 51.07, 50.88, 58.3, 55.69, 59.07, 55.26, 58.28, 58.52, 57.64, 62.23, 57.7, 56.62, 57.0, 55.85, 53.47, 49.55, 52.07, 50.45, 51.21, 51.01, 46.76, 53.3, 52.16, 52.46, 55.15, 53.15, 61.56, 58.46, 58.61, 58.92, 59.56, 56.11, 58.56, 58.88, 56.59, 90.70232042587935, 93.67232042587935, 88.17232042587935, 92.57232042587935, 87.54232042587935, 88.74232042587936, 87.25232042587936, 86.16232042587936, 87.22232042587936, 87.28232042587936, 49.17, 53.77, 53.21, 52.45, 55.62, 55.69, 53.86, 60.84, 58.72, 61.63, 58.05, 60.0, 59.48, 60.6, 57.65, 52.55, 55.91, 54.61, 52.65, 51.77, 49.12, 47.89, 50.69, 52.51, 47.19, 51.5, 50.78, 52.48, 57.17, 52.2, 54.65, 58.16], "labels": [0, 0, 0, 0, 0, 0, 0, 0, 0, 0, 0, 0, 0, 0, 0, 0, 0, 0, 0, 0, 0, 0, 0, 0, 0, 0, 0, 0, 0, 0, 0, 0, 0, 0, 0, 0, 0, 0, 0, 0, 0, 0, 0, 0, 0, 0, 0, 0, 0, 0, 0, 0, 0, 0, 0, 0, 0, 0, 1, 1, 1, 1, 1, 1, 1, 1, 1, 1, 0, 0, 0, 0, 0, 0, 0, 0, 0, 0, 0, 0, 0, 0, 0, 0, 0, 0, 0, 0, 0, 0, 0, 0, 0, 0, 0, 0, 0, 0, 0, 0], "is_anomalous": true, "anomaly_type": "shift", "anomaly_positions": [58, 59, 60, 61, 62, 63, 64, 65, 66, 67], "length": 100}