{"id": "anomalous_000449", "series": [49.37, 51.78, 51.32, 50.33, 60.88, 50.84, 55.97, 55.17, 57.03, 60.01, 50.55, 48.65, 53.5, 49.92, 50.42, 43.24, 52.49, 50.45, 48.86, 49.3, 50.12, 44.48, 47.55, 44.91, 49.51, 48.15, 51.64, 51.19, 52.95, 51.77, 52.68, 56.8, 56.55, 51.19, 46.53, 57.98, 49.93, 49.5, 41.75, 48.45, 43.54, 36.86, 44.59, 43.85, 46.75, 47.28, 49.26, 48.77, 50.4, 55.92, 54.24, 52.38, 59.6, 52.53, 60.19, 58.76, 58.65, 55.9, 53.45, 53.68, 49.51, 49.92, 50.25, 44.85, 41.89, 46.6, 48.24, 22.40407566355887, 15.974075663558871, 24.934075663558872, 17.664075663558876, 23.36407566355887, 21.26407566355887, 19.424075663558874, 32.40407566355887, 27.774075663558875, 29.924075663558874, 54.53, 56.31, 50.5, 53.3, 52.02, 56.79, 41.04, 53.1, 43.86, 44.85, 43.68, 47.54, 47.96, 47.92, 46.23, 43.42, 46.6, 49.0, 49.39, 51.03, 48.65, 56.95, 55.42], "labels": [0, 0, 0, 0, 0, 0, 0, 0, 0, 0, 0, 0, 0, 0, 0, 0, 0, 0, 0, 0, 0, 0, 0, 0, 0, 0, 0, 0, 0, 0, 0, 0, 0, 0, 0, 0, 0, 0, 0, 0, 0, 0, 0, 0, 0, 0, 0, 0, 0, 0, 0, 0, 0, 0, 0, 0, 0, 0, 0, 0, 0, 0, 0, 0, 0, 0, 0, 1, 1, 1, 1, 1, 1, 1, 1, 1, 1, 0, 0, 0, 0, 0, 0, 0, 0, 0, 0, 0, 0, 0, 0, 0, 0, 0, 0, 0, 0, 0, 0, 0], "is_anomalous": true, "anomaly_type": "shift", "anomaly_positions": [67, 68, 69, 70, 71, 72, 73, 74, 75, 76], "length": 100}