{"id": "anomalous_000603", "series": [47.22, 42.4, 47.47, 49.28, 44.72, 53.83, 49.05, 52.52, 52.31, 46.64, 48.63, 46.85, 44.49, 41.67, 44.01, 44.63, 38.15, 42.2, 39.56, 42.47, 40.8, 43.4, 42.39, 40.41, 44.98, 52.37, 48.72, 48.8, 49.93, 52.23, 49.72, 50.7, 47.23, 50.45, 49.9, 48.97, 45.88, 45.78, 40.31, 40.57, 41.89, 42.59, 39.49, 39.09, 46.49, 44.28, 41.41, 44.39, 47.52, 47.91, 48.79, 48.46, 50.92, 51.75, 53.15, 52.51, 52.14, 50.4, 53.09, 47.43, 62.80265989015033, 69.36475525638545, 27.07381796162832, 37.52930600458399, 80.92326659690971, 33.46873559238606, 22.365976647921638, 37.1577468197632, 19.8364569636315, 50.50278233092335, 23.40088435051572, 41.86099732758325, 62.86147732575679, 66.60173792852568, 48.61853028900865, 51.67966091723419, 65.65340024813818, 52.366657249219735, 49.649804949685716, 57.73348955423328, 49.11, 51.63, 48.42, 48.15, 49.45, 45.07, 46.82, 46.96, 45.21, 39.86, 41.72, 42.16, 40.25, 43.17, 41.56, 49.53, 49.37, 52.38, 51.37, 52.07], "labels": [0, 0, 0, 0, 0, 0, 0, 0, 0, 0, 0, 0, 0, 0, 0, 0, 0, 0, 0, 0, 0, 0, 0, 0, 0, 0, 0, 0, 0, 0, 0, 0, 0, 0, 0, 0, 0, 0, 0, 0, 0, 0, 0, 0, 0, 0, 0, 0, 0, 0, 0, 0, 0, 0, 0, 0, 0, 0, 0, 0, 1, 1, 1, 1, 1, 1, 1, 1, 1, 1, 1, 1, 1, 1, 1, 1, 1, 1, 1, 1, 0, 0, 0, 0, 0, 0, 0, 0, 0, 0, 0, 0, 0, 0, 0, 0, 0, 0, 0, 0], "is_anomalous": true, "anomaly_type": "variance_change", "anomaly_positions": [60, 61, 62, 63, 64, 65, 66, 67, 68, 69, 70, 71, 72, 73, 74, 75, 76, 77, 78, 79], "length": 100}