{"id": "anomalous_000534", "series": [58.94, 52.13, 47.35, 54.97, 51.69, 52.7, 57.26, 56.38, 53.52, 52.69, 55.91, 57.16, 56.97, 47.53, 49.99, 48.25, 50.73, 45.02, 48.93, 43.72, 47.31, 44.34, 54.85, 53.04, 47.08, 55.31, 58.85, 54.82, 50.37, 57.75, 55.03, 59.08, 57.55, 55.66, 50.13, 47.39, 54.48, 48.93, 47.34, 48.84, 42.68, 52.09, 47.65, 45.85, 47.5, 48.54, 46.23, 48.48, 49.37, 56.0, 52.5, 58.98, 54.96, 54.12, 55.74, 52.33, 58.17, 56.34, 53.26, 55.64, 47.5, 58.1192772925405, 57.562947403305174, 48.29958266898231, 55.05730828517334, 51.61763775975513, 55.553182392394774, 37.35892960575296, 26.745992046079042, 54.88398926907435, 23.084059493747734, 50.17545055008929, 50.676478259467025, 57.29224901755025, 69.99403510583893, 43.13506310767631, 54.18346380293107, 66.42320441010696, 48.850724694891866, 65.41581703851936, 54.7540398022998, 58.23, 55.77, 59.65, 48.06, 50.81, 45.33, 52.22, 50.49, 51.39, 52.24, 51.63, 50.79, 50.02, 52.56, 55.35, 51.64, 59.57, 56.46, 58.81], "labels": [0, 0, 0, 0, 0, 0, 0, 0, 0, 0, 0, 0, 0, 0, 0, 0, 0, 0, 0, 0, 0, 0, 0, 0, 0, 0, 0, 0, 0, 0, 0, 0, 0, 0, 0, 0, 0, 0, 0, 0, 0, 0, 0, 0, 0, 0, 0, 0, 0, 0, 0, 0, 0, 0, 0, 0, 0, 0, 0, 0, 0, 1, 1, 1, 1, 1, 1, 1, 1, 1, 1, 1, 1, 1, 1, 1, 1, 1, 1, 1, 1, 0, 0, 0, 0, 0, 0, 0, 0, 0, 0, 0, 0, 0, 0, 0, 0, 0, 0, 0], "is_anomalous": true, "anomaly_type": "variance_change", "anomaly_positions": [61, 62, 63, 64, 65, 66, 67, 68, 69, 70, 71, 72, 73, 74, 75, 76, 77, 78, 79, 80], "length": 100}