{"id": "anomalous_000124", "series": [46.4, 51.22, 48.09, 49.44, 50.96, 53.25, 53.4, 51.52, 50.81, 52.29, 50.05, 49.44, 45.34, 47.38, 42.56, 45.99, 39.4, 41.56, 43.24, 43.35, 42.19, 45.42, 43.55, 48.72, 45.25, 49.88, 48.46, 50.0, 50.14, 52.27, 50.27, 55.48, 53.92, 51.21, 49.84, 45.93, 47.45, 46.01, 42.58, 42.47, 41.85, 45.28, 41.09, 41.37, 44.79, 45.75, 43.66, 45.65, 49.93, 47.6, 50.96, 53.23, 49.7, 53.89, 50.59, 55.19, 52.73, 50.19, 51.39, 48.73, 46.96, 51.941006146371414, 54.330696875797, 67.39037364919879, 48.74044715852195, 46.231212035071415, 38.694698539698244, 49.8426912622451, 45.98382953822221, 39.09556619474307, 61.7477793088191, 34.93225987407512, 43.441243468586535, 24.707004832218132, 55.44748974558297, 47.87772669704029, 67.79173319663172, 63.669426233768434, 39.600907835127664, 30.147852904378624, 71.26014700181956, 51.38, 49.88, 50.41, 48.2, 44.67, 45.28, 42.95, 41.87, 41.14, 41.05, 43.97, 45.76, 45.54, 45.69, 46.44, 46.48, 49.24, 46.34, 55.5], "labels": [0, 0, 0, 0, 0, 0, 0, 0, 0, 0, 0, 0, 0, 0, 0, 0, 0, 0, 0, 0, 0, 0, 0, 0, 0, 0, 0, 0, 0, 0, 0, 0, 0, 0, 0, 0, 0, 0, 0, 0, 0, 0, 0, 0, 0, 0, 0, 0, 0, 0, 0, 0, 0, 0, 0, 0, 0, 0, 0, 0, 0, 1, 1, 1, 1, 1, 1, 1, 1, 1, 1, 1, 1, 1, 1, 1, 1, 1, 1, 1, 1, 0, 0, 0, 0, 0, 0, 0, 0, 0, 0, 0, 0, 0, 0, 0, 0, 0, 0, 0], "is_anomalous": true, "anomaly_type": "variance_change", "anomaly_positions": [61, 62, 63, 64, 65, 66, 67, 68, 69, 70, 71, 72, 73, 74, 75, 76, 77, 78, 79, 80], "length": 100}