{"id": "anomalous_000269", "series": [46.81, 47.45, 49.82, 48.87, 48.89, 52.14, 51.16, 51.62, 50.94, 48.93, 49.85, 46.59, 45.41, 44.87, 44.29, 40.79, 39.04, 43.27, 40.41, 41.58, 41.92, 42.95, 43.77, 44.33, 45.99, 48.1, 50.46, 48.16, 50.81, 50.13, 53.52, 50.75, 48.69, 51.66, 49.16, 48.75, 45.4, 43.5, 45.82, 43.18, 41.22, 39.97, 43.08, 40.64, 43.69, 42.29, 45.78, 45.68, 45.77, 48.69, 49.52, 51.14, 52.75, 50.79, 50.88, 53.04, 51.09, 46.274045441717085, 35.71215651955048, 24.475065371941295, 26.589034257612287, 45.53411187361652, 23.57686973099727, 23.39108102118608, 20.573545841540493, 36.78469877097839, 50.28064701782312, 15.065490044650833, 79.00561921187648, 40.58662697856214, 11.551778869906897, 42.92153320367867, 44.22781068110953, 49.137251562865934, 80.93033555204312, 27.090232432530556, 54.928170425000175, 52.37, 53.77, 54.23, 52.12, 52.64, 51.19, 48.28, 48.99, 47.07, 44.33, 43.55, 43.01, 45.19, 42.66, 45.86, 43.14, 46.32, 43.32, 46.93, 48.5, 50.26, 51.61, 53.67], "labels": [0, 0, 0, 0, 0, 0, 0, 0, 0, 0, 0, 0, 0, 0, 0, 0, 0, 0, 0, 0, 0, 0, 0, 0, 0, 0, 0, 0, 0, 0, 0, 0, 0, 0, 0, 0, 0, 0, 0, 0, 0, 0, 0, 0, 0, 0, 0, 0, 0, 0, 0, 0, 0, 0, 0, 0, 0, 1, 1, 1, 1, 1, 1, 1, 1, 1, 1, 1, 1, 1, 1, 1, 1, 1, 1, 1, 1, 0, 0, 0, 0, 0, 0, 0, 0, 0, 0, 0, 0, 0, 0, 0, 0, 0, 0, 0, 0, 0, 0, 0], "is_anomalous": true, "anomaly_type": "variance_change", "anomaly_positions": [57, 58, 59, 60, 61, 62, 63, 64, 65, 66, 67, 68, 69, 70, 71, 72, 73, 74, 75, 76], "length": 100}