{"id": "anomalous_000672", "series": [48.63, 49.42, 52.37, 46.99, 56.35, 46.67, 56.92, 51.28, 51.07, 49.24, 46.41, 51.96, 47.4, 48.52, 48.84, 43.0, 39.74, 44.07, 41.06, 45.79, 46.12, 48.44, 49.56, 48.68, 48.58, 48.62, 55.12, 48.85, 51.33, 49.31, 53.97, 56.94, 54.26, 48.98, 51.35, 46.73, 44.72, 47.35, 43.87, 40.95, 42.42, 49.98, 39.85, 44.26, 42.44, 41.72, 43.5, 45.44, 48.47, 52.53, 46.96, 49.06, 50.17, 48.6, 50.61, 47.51, 53.56, 50.89, 44.66, 45.34, 48.9, 45.84, 47.62, 45.75, 44.545817342829054, 20.96427591884622, 75.00722436184394, 64.83980440964723, 43.64552928294833, 52.56726751181183, 34.96179226448559, 50.11435614942183, 29.172888145825745, 58.54889613928989, 44.18435106515771, 9.30378489958369, 58.46422838406719, 34.583711913830584, 29.720067869009593, 83.569518979853, 55.27289527935729, 61.21778071928381, 41.833418033255, 60.77661941448876, 49.48, 46.27, 41.69, 39.61, 47.17, 46.32, 44.52, 43.61, 44.65, 39.06, 43.33, 49.86, 52.8, 51.13, 49.56, 52.65], "labels": [0, 0, 0, 0, 0, 0, 0, 0, 0, 0, 0, 0, 0, 0, 0, 0, 0, 0, 0, 0, 0, 0, 0, 0, 0, 0, 0, 0, 0, 0, 0, 0, 0, 0, 0, 0, 0, 0, 0, 0, 0, 0, 0, 0, 0, 0, 0, 0, 0, 0, 0, 0, 0, 0, 0, 0, 0, 0, 0, 0, 0, 0, 0, 0, 1, 1, 1, 1, 1, 1, 1, 1, 1, 1, 1, 1, 1, 1, 1, 1, 1, 1, 1, 1, 0, 0, 0, 0, 0, 0, 0, 0, 0, 0, 0, 0, 0, 0, 0, 0], "is_anomalous": true, "anomaly_type": "variance_change", "anomaly_positions": [64, 65, 66, 67, 68, 69, 70, 71, 72, 73, 74, 75, 76, 77, 78, 79, 80, 81, 82, 83], "length": 100}