{"id": "anomalous_000319", "series": [49.95, 48.4, 49.23, 55.12, 51.0, 49.12, 56.1, 53.38, 54.33, 48.88, 48.49, 51.01, 45.28, 44.05, 43.45, 41.14, 45.18, 41.19, 42.84, 44.52, 36.6, 44.53, 47.4, 43.86, 48.39, 46.53, 51.66, 55.35, 55.3, 52.12, 55.97, 49.66, 48.57, 46.59, 50.05, 44.88, 53.25, 45.66, 21.29286199561999, 16.65286199561999, 17.772861995619994, 15.602861995619993, 16.08286199561999, 11.72286199561999, 11.54286199561999, 13.252861995619991, 14.412861995619995, 17.422861995619993, 47.53, 54.08, 52.53, 55.16, 49.97, 57.64, 51.78, 50.51, 54.44, 51.95, 51.37, 55.11, 48.65, 49.23, 47.33, 44.19, 42.88, 43.11, 48.52, 43.47, 41.32, 52.24, 49.52, 47.57, 54.86, 47.54, 51.89, 58.55, 53.72, 58.28, 58.72, 57.82, 54.13, 54.28, 49.17, 50.16, 44.4, 47.07, 49.88, 42.72, 42.24, 48.01, 45.24, 45.48, 42.13, 50.44, 53.43, 50.32, 54.9, 54.51, 52.49, 55.06], "labels": [0, 0, 0, 0, 0, 0, 0, 0, 0, 0, 0, 0, 0, 0, 0, 0, 0, 0, 0, 0, 0, 0, 0, 0, 0, 0, 0, 0, 0, 0, 0, 0, 0, 0, 0, 0, 0, 0, 1, 1, 1, 1, 1, 1, 1, 1, 1, 1, 0, 0, 0, 0, 0, 0, 0, 0, 0, 0, 0, 0, 0, 0, 0, 0, 0, 0, 0, 0, 0, 0, 0, 0, 0, 0, 0, 0, 0, 0, 0, 0, 0, 0, 0, 0, 0, 0, 0, 0, 0, 0, 0, 0, 0, 0, 0, 0, 0, 0, 0, 0], "is_anomalous": true, "anomaly_type": "shift", "anomaly_positions": [38, 39, 40, 41, 42, 43, 44, 45, 46, 47], "length": 100}