{"id": "anomalous_000621", "series": [49.15, 49.33, 51.27, 53.54, 53.62, 55.6, 55.67, 53.66, 54.34, 54.1, 51.13, 51.93, 47.89, 48.15, 49.14, 45.13, 43.06, 44.65, 43.85, 46.03, 45.13, 44.91, 47.81, 48.04, 49.2, 51.3, 51.69, 53.54, 55.54, 55.77, 51.96, 53.36, 55.9, 54.13, 53.75, 52.55, 49.0, 50.56, 47.69, 44.77, 47.31, 45.29, 45.77, 46.44, 45.2, 45.94, 48.38, 49.82, 51.75805886775902, 54.72298650606012, 55.705987328498104, 58.94205177445583, 60.71193672507108, 57.21823249098278, 60.127276782527666, 61.84368019123248, 64.5209656234546, 68.81597480167125, 66.29305155248719, 65.8339840021491, 63.10612100859787, 62.44586997244258, 61.42382101569144, 59.32014998106915, 61.05502976016263, 70.20274009630121, 59.22392464913742, 57.100485481057255, 63.403916846043956, 76.8960308619386, 62.915171764095334, 63.16029208811654, 62.24474369323365, 89.51024647932903, 67.65314614389646, 93.46160155114441, 77.30668436709675, 89.460843658811, 90.14913817287379, 98.39723496953263, 74.45965708727084, 86.95326459322959, 92.0482496914029, 97.66120448223518, 73.36972637900746, 93.46545522663256, 84.8465740033111, 86.46507687365359, 69.85751362087818, 92.6044133163524, 94.26536569072573, 78.07317081314747, 96.98999904729769, 89.80631437143603, 89.97140278334, 101.2077832265896, 121.94476341605287, 123.55558097852408, 115.35538796786048, 127.26605984080248], "labels": [0, 0, 0, 0, 0, 0, 0, 0, 0, 0, 0, 0, 0, 0, 0, 0, 0, 0, 0, 0, 0, 0, 0, 0, 0, 0, 0, 0, 0, 0, 0, 0, 0, 0, 0, 0, 0, 0, 0, 0, 0, 0, 0, 0, 0, 0, 0, 1, 1, 1, 1, 1, 1, 1, 1, 1, 1, 1, 1, 1, 1, 1, 1, 1, 1, 1, 1, 1, 1, 1, 1, 1, 1, 1, 1, 1, 1, 1, 1, 1, 1, 1, 1, 1, 1, 1, 1, 1, 1, 1, 1, 1, 1, 1, 1, 1, 1, 1, 1, 1], "is_anomalous": true, "anomaly_type": "trend_change", "anomaly_positions": [47, 48, 49, 50, 51, 52, 53, 54, 55, 56, 57, 58, 59, 60, 61, 62, 63, 64, 65, 66, 67, 68, 69, 70, 71, 72, 73, 74, 75, 76, 77, 78, 79, 80, 81, 82, 83, 84, 85, 86, 87, 88, 89, 90, 91, 92, 93, 94, 95, 96, 97, 98, 99], "length": 100}