{"id": "anomalous_000282", "series": [44.06, 44.85, 48.91, 48.92, 51.57, 51.65, 50.93, 48.4, 49.99, 49.04, 49.21, 48.58, 44.9, 43.43, 42.28, 42.88, 40.22, 40.0, 40.63, 41.12, 41.86, 43.7, 39.64, 48.48, 44.12, 47.74, 49.81, 49.29, 51.05, 52.22, 50.52, 53.59, 52.74, 49.81, 51.07, 49.73, 49.23647021818934, 50.46346866306466, 49.16226512292073, 44.28387175974853, 49.05367843494138, 48.53371935887912, 48.57476807982861, 48.30741874145877, 54.53870017019294, 51.85261145274816, 53.7275400214187, 61.72511366694476, 62.23012617003224, 59.25853073179276, 60.015878880878546, 59.292637324923206, 65.25349584969865, 75.84198609290588, 67.31062697074043, 68.5744065378463, 67.52446955703795, 82.65590542231047, 84.86496609075665, 64.58741454427891, 62.16911981204913, 65.71228218508251, 82.48093831138652, 73.91717226563017, 67.7450841749133, 74.0513115575558, 73.68466266717256, 84.13653333838175, 67.58953545318622, 92.45252068466331, 67.5065754998759, 78.09113360700898, 99.50430400934177, 75.65291149170635, 70.5425738024036, 108.09892962949073, 81.50755902570539, 114.82548891586376, 115.00284979368311, 85.98259474082393, 78.96000825427507, 109.64019479447752, 113.60364519809832, 99.201644002726, 87.77567628560385, 92.91641510726407, 80.04326274873009, 78.99939166547766, 111.1287794245579, 108.78069476275661, 88.39870612559895, 79.57350601798404, 83.62775135783468, 89.03164762652412, 80.85763259780033, 108.06119661640702, 110.81422520191977, 109.17392260453695, 88.24545981236827, 127.6350259117826], "labels": [0, 0, 0, 0, 0, 0, 0, 0, 0, 0, 0, 0, 0, 0, 0, 0, 0, 0, 0, 0, 0, 0, 0, 0, 0, 0, 0, 0, 0, 0, 0, 0, 0, 0, 0, 1, 1, 1, 1, 1, 1, 1, 1, 1, 1, 1, 1, 1, 1, 1, 1, 1, 1, 1, 1, 1, 1, 1, 1, 1, 1, 1, 1, 1, 1, 1, 1, 1, 1, 1, 1, 1, 1, 1, 1, 1, 1, 1, 1, 1, 1, 1, 1, 1, 1, 1, 1, 1, 1, 1, 1, 1, 1, 1, 1, 1, 1, 1, 1, 1], "is_anomalous": true, "anomaly_type": "trend_change", "anomaly_positions": [35, 36, 37, 38, 39, 40, 41, 42, 43, 44, 45, 46, 47, 48, 49, 50, 51, 52, 53, 54, 55, 56, 57, 58, 59, 60, 61, 62, 63, 64, 65, 66, 67, 68, 69, 70, 71, 72, 73, 74, 75, 76, 77, 78, 79, 80, 81, 82, 83, 84, 85, 86, 87, 88, 89, 90, 91, 92, 93, 94, 95, 96, 97, 98, 99], "length": 100}