{"id": "anomalous_000114", "series": [48.84, 49.16, 50.22, 51.41, 53.04, 53.53, 52.69, 52.21, 53.9, 50.63, 52.06, 50.33, 47.97, 47.5, 46.57, 45.31, 44.91, 44.38, 42.28, 43.64, 44.65, 44.06, 45.97, 47.72, 48.22, 48.27, 51.02, 51.73, 51.04, 53.15, 51.93, 53.13, 52.01, 50.51, 49.93, 48.51, 48.79, 46.75, 46.0, 44.62, 42.01, 42.93, 40.15, 41.16, 42.18, 46.1, 45.76, 47.66, 46.88, 47.51, 50.24, 50.97, 53.79, 50.5, 52.5, 52.08, 53.17, 48.87, 49.59, 49.75, 47.55, 43.78, 45.16, 42.36, 42.51, 42.19, 42.37, 35.159781457843245, 67.51230063715997, 51.74173651662781, 23.89404999650354, 16.092524306351205, 63.52278586140421, 69.32144862700208, 20.437979991321672, 13.160472187958547, 45.233789883435485, 64.10886885897838, 75.42176142229927, 61.83882844435834, 54.026953709645966, 48.64266668019207, 43.87151195079986, 40.93133337502326, 56.03078427324104, 48.12686667804037, 53.75265592353148, 42.16, 39.89, 41.51, 41.89, 40.05, 43.17, 41.9, 42.93, 47.68, 47.22, 49.19, 48.43, 49.23], "labels": [0, 0, 0, 0, 0, 0, 0, 0, 0, 0, 0, 0, 0, 0, 0, 0, 0, 0, 0, 0, 0, 0, 0, 0, 0, 0, 0, 0, 0, 0, 0, 0, 0, 0, 0, 0, 0, 0, 0, 0, 0, 0, 0, 0, 0, 0, 0, 0, 0, 0, 0, 0, 0, 0, 0, 0, 0, 0, 0, 0, 0, 0, 0, 0, 0, 0, 0, 1, 1, 1, 1, 1, 1, 1, 1, 1, 1, 1, 1, 1, 1, 1, 1, 1, 1, 1, 1, 0, 0, 0, 0, 0, 0, 0, 0, 0, 0, 0, 0, 0], "is_anomalous": true, "anomaly_type": "variance_change", "anomaly_positions": [67, 68, 69, 70, 71, 72, 73, 74, 75, 76, 77, 78, 79, 80, 81, 82, 83, 84, 85, 86], "length": 100}