{"id": "anomalous_000613", "series": [52.96, 52.01, 56.63, 54.45, 55.99, 55.77, 57.49, 58.83, 57.15, 55.32, 53.17, 51.44, 52.58, 51.82, 48.2, 49.61, 49.76, 45.44, 46.08, 47.93, 45.45, 48.75, 53.17, 51.28, 51.25, 52.68, 54.79, 54.3, 56.27, 55.44, 55.55, 56.49, 55.5, 54.63, 50.87, 54.77, 52.02, 49.15, 50.61, 48.5, 47.58, 45.69, 45.76, 47.71, 44.98, 49.42, 50.82, 51.81, 50.39, 52.54, 54.32, 56.86, 57.5, 56.36, 52.94, 57.78, 56.33, 55.86, 55.48, 53.47, 51.77, 50.46, 51.85, 46.98, 46.76, 43.84, 47.71, 46.4602807728415, 49.133647506743394, 53.21776241798263, 52.280152555614066, 56.262317717483654, 57.95440492697081, 62.84212605929665, 61.45791727645536, 66.95821615977601, 61.24928085505184, 71.26276206504065, 62.71399043079361, 72.57113633793799, 72.86978042720828, 72.1115633988071, 64.06549183866777, 71.42784647192192, 61.70227895745379, 65.2103575763753, 78.97819448810944, 78.63143575839277, 64.65403099484051, 59.8819048839651, 78.11096320316338, 80.4106516508989, 61.500795181362435, 73.41507732893362, 86.53269128642953, 89.38425103667478, 69.89355582319477, 87.21577466710613, 79.93844320992179, 100.87791323539798], "labels": [0, 0, 0, 0, 0, 0, 0, 0, 0, 0, 0, 0, 0, 0, 0, 0, 0, 0, 0, 0, 0, 0, 0, 0, 0, 0, 0, 0, 0, 0, 0, 0, 0, 0, 0, 0, 0, 0, 0, 0, 0, 0, 0, 0, 0, 0, 0, 0, 0, 0, 0, 0, 0, 0, 0, 0, 0, 0, 0, 0, 0, 0, 0, 0, 0, 0, 1, 1, 1, 1, 1, 1, 1, 1, 1, 1, 1, 1, 1, 1, 1, 1, 1, 1, 1, 1, 1, 1, 1, 1, 1, 1, 1, 1, 1, 1, 1, 1, 1, 1], "is_anomalous": true, "anomaly_type": "trend_change", "anomaly_positions": [66, 67, 68, 69, 70, 71, 72, 73, 74, 75, 76, 77, 78, 79, 80, 81, 82, 83, 84, 85, 86, 87, 88, 89, 90, 91, 92, 93, 94, 95, 96, 97, 98, 99], "length": 100}