{"id": "anomalous_000628", "series": [51.72, 55.63, 54.77, 53.83, 57.21, 58.01, 58.27, 57.36, 58.84, 56.81, 57.89, 55.11, 53.89, 51.05, 52.0, 51.87, 50.68, 46.3, 47.86, 45.73, 50.76, 51.47, 50.06, 52.85, 54.2, 53.73, 56.36, 58.75, 58.4, 60.72, 59.38, 60.89, 59.45, 58.54, 58.07, 55.85, 53.27, 55.06, 51.49, 49.52, 51.26, 49.1, 48.08, 51.76, 49.11, 50.15, 52.25, 54.57, 55.22, 56.23, 58.25, 58.98, 58.14, 60.4, 60.33, 59.92, 58.93, 59.560543694248366, 58.89119264849662, 60.59173199348023, 61.286286915406656, 59.82583865446098, 60.59224961954478, 55.20012180238245, 58.28850625543413, 55.479619816662506, 59.84349350788433, 58.147501951927325, 62.786179937150216, 61.31940468399535, 64.27052908802835, 71.40988948407474, 73.26588700601224, 79.96401507777902, 74.97272650756696, 78.95979372976403, 86.13181512231219, 78.57131343870333, 84.10648989730878, 92.22881025571546, 85.02324990688805, 80.7709112373808, 81.06742227573277, 75.7546603848583, 92.39850834281413, 87.81666360067473, 79.77626495958438, 71.57107336078303, 88.19940661355542, 85.39492591726805, 76.76336184215836, 96.69423237543047, 88.61741265566164, 102.29105931045088, 92.76996469258005, 87.94442577305524, 79.05008177007183, 85.59865068437134, 110.45008084809425, 120.63244166002298], "labels": [0, 0, 0, 0, 0, 0, 0, 0, 0, 0, 0, 0, 0, 0, 0, 0, 0, 0, 0, 0, 0, 0, 0, 0, 0, 0, 0, 0, 0, 0, 0, 0, 0, 0, 0, 0, 0, 0, 0, 0, 0, 0, 0, 0, 0, 0, 0, 0, 0, 0, 0, 0, 0, 0, 0, 0, 1, 1, 1, 1, 1, 1, 1, 1, 1, 1, 1, 1, 1, 1, 1, 1, 1, 1, 1, 1, 1, 1, 1, 1, 1, 1, 1, 1, 1, 1, 1, 1, 1, 1, 1, 1, 1, 1, 1, 1, 1, 1, 1, 1], "is_anomalous": true, "anomaly_type": "trend_change", "anomaly_positions": [56, 57, 58, 59, 60, 61, 62, 63, 64, 65, 66, 67, 68, 69, 70, 71, 72, 73, 74, 75, 76, 77, 78, 79, 80, 81, 82, 83, 84, 85, 86, 87, 88, 89, 90, 91, 92, 93, 94, 95, 96, 97, 98, 99], "length": 100}