{"id": "anomalous_000673", "series": [55.16, 60.12, 58.21, 57.02, 55.24, 61.4, 61.06, 61.02, 59.79, 57.67, 54.65, 59.11, 51.61, 56.46, 52.46, 50.81, 49.09, 52.65, 45.07, 53.2, 50.48, 54.35, 54.21, 50.15, 53.57, 57.18, 56.22, 58.09, 53.51, 57.17, 58.62, 54.26, 59.82, 57.58, 53.47, 49.98, 50.52, 52.31, 49.55, 51.26, 52.33, 47.15, 49.64, 48.25, 50.03, 45.79, 50.32, 53.87, 51.92, 47.64, 59.36, 52.46, 58.23, 55.38, 58.21, 58.11, 55.46, 59.24, 55.24, 52.31, 58.15661000702036, 42.05268812269676, 35.72829041265243, 36.272084128053265, 36.09289172119396, 49.109279151569346, 70.33043262463502, 31.63416625478056, 42.10180405836258, 80.4029414754084, 60.70408027836672, 58.687319080003775, 51.7332889282524, 74.13064863207492, 48.33288080895923, 43.26152024386187, 60.767389583880636, 51.75857961457558, 43.97560672275036, 58.43332021898627, 61.52, 53.15, 50.12, 53.39, 48.97, 47.96, 43.1, 47.47, 43.66, 46.94, 46.75, 45.38, 44.75, 43.47, 46.82, 49.87, 51.81, 56.49, 48.82, 58.88], "labels": [0, 0, 0, 0, 0, 0, 0, 0, 0, 0, 0, 0, 0, 0, 0, 0, 0, 0, 0, 0, 0, 0, 0, 0, 0, 0, 0, 0, 0, 0, 0, 0, 0, 0, 0, 0, 0, 0, 0, 0, 0, 0, 0, 0, 0, 0, 0, 0, 0, 0, 0, 0, 0, 0, 0, 0, 0, 0, 0, 0, 1, 1, 1, 1, 1, 1, 1, 1, 1, 1, 1, 1, 1, 1, 1, 1, 1, 1, 1, 1, 0, 0, 0, 0, 0, 0, 0, 0, 0, 0, 0, 0, 0, 0, 0, 0, 0, 0, 0, 0], "is_anomalous": true, "anomaly_type": "variance_change", "anomaly_positions": [60, 61, 62, 63, 64, 65, 66, 67, 68, 69, 70, 71, 72, 73, 74, 75, 76, 77, 78, 79], "length": 100}