{"id": "anomalous_000693", "series": [51.76, 50.18, 55.23, 54.27, 54.71, 53.66, 57.42, 55.77, 55.66, 55.02, 54.69, 51.63, 50.79, 49.33, 49.31, 46.59, 44.94, 46.57, 47.11, 45.39, 45.8, 46.75, 48.11, 49.59, 50.24, 50.99, 53.08, 51.93, 53.43, 55.22, 55.11, 54.96, 56.45, 53.22, 53.09, 52.86, 49.53, 48.93, 49.15, 49.53, 46.1, 45.37, 45.27, 46.38, 46.61, 45.22, 46.1, 47.49, 49.84, 51.49, 52.09, 52.95, 53.17, 54.28, 48.56010453693426, 36.00930072464399, 46.113473902752034, 39.84686027524503, 99.85299707482578, 48.85624862317181, 44.627556567216445, 20.769153740161514, 47.035743424910684, 31.095523440164257, 41.2441281736882, 20.44581382963693, 37.88852326790618, 48.38761049331518, 53.83746200724546, 54.170707388594415, 50.07257270756758, 35.24191277018187, 51.116224232542606, 61.31167823360647, 51.69, 49.92, 51.73, 53.26, 53.55, 53.31, 53.54, 51.16, 54.45, 48.98, 48.36, 46.95, 43.99, 45.54, 43.88, 45.19, 42.81, 44.19, 44.77, 47.51, 46.74, 47.17, 49.2, 51.37, 51.84, 52.25], "labels": [0, 0, 0, 0, 0, 0, 0, 0, 0, 0, 0, 0, 0, 0, 0, 0, 0, 0, 0, 0, 0, 0, 0, 0, 0, 0, 0, 0, 0, 0, 0, 0, 0, 0, 0, 0, 0, 0, 0, 0, 0, 0, 0, 0, 0, 0, 0, 0, 0, 0, 0, 0, 0, 0, 1, 1, 1, 1, 1, 1, 1, 1, 1, 1, 1, 1, 1, 1, 1, 1, 1, 1, 1, 1, 0, 0, 0, 0, 0, 0, 0, 0, 0, 0, 0, 0, 0, 0, 0, 0, 0, 0, 0, 0, 0, 0, 0, 0, 0, 0], "is_anomalous": true, "anomaly_type": "variance_change", "anomaly_positions": [54, 55, 56, 57, 58, 59, 60, 61, 62, 63, 64, 65, 66, 67, 68, 69, 70, 71, 72, 73], "length": 100}