{"id": "anomalous_000363", "series": [51.66, 54.97, 56.74, 54.51, 55.86, 56.22, 57.49, 56.08, 54.8, 56.21, 53.9, 55.83, 51.21, 52.74, 50.84, 47.14, 47.32, 46.85, 48.31, 45.67, 46.88, 49.99, 46.92, 49.09, 51.15, 53.52, 55.73, 55.38, 55.65, 57.2, 55.12, 56.22, 52.61, 55.4, 53.94, 52.26, 49.33, 49.84, 47.28, 46.64, 45.75, 45.95, 45.62, 46.35, 50.44, 47.0, 50.62, 49.94, 49.71240941885837, 61.906701221091296, 31.253000531040257, 54.574670508435474, 49.91476269367605, 49.43871947174781, 19.56570383889099, 41.06098940403177, 52.97004233573973, 95.67230794983894, 59.95324821941897, 37.17812533806611, 53.862221663542606, 27.155395091325474, 67.78367908050181, 38.87843556898163, 80.7442474482838, 43.31290932782168, 47.87218885114071, 25.87279480303967, 46.36, 46.12, 46.47, 47.14, 49.62, 51.24, 54.35, 50.72, 54.79, 52.89, 54.53, 54.31, 53.68, 51.86, 51.09, 51.1, 48.09, 47.17, 44.42, 46.21, 42.86, 42.9, 45.41, 42.9, 43.25, 43.02, 45.32, 47.34, 48.97, 46.48, 53.93, 51.28], "labels": [0, 0, 0, 0, 0, 0, 0, 0, 0, 0, 0, 0, 0, 0, 0, 0, 0, 0, 0, 0, 0, 0, 0, 0, 0, 0, 0, 0, 0, 0, 0, 0, 0, 0, 0, 0, 0, 0, 0, 0, 0, 0, 0, 0, 0, 0, 0, 0, 1, 1, 1, 1, 1, 1, 1, 1, 1, 1, 1, 1, 1, 1, 1, 1, 1, 1, 1, 1, 0, 0, 0, 0, 0, 0, 0, 0, 0, 0, 0, 0, 0, 0, 0, 0, 0, 0, 0, 0, 0, 0, 0, 0, 0, 0, 0, 0, 0, 0, 0, 0], "is_anomalous": true, "anomaly_type": "variance_change", "anomaly_positions": [48, 49, 50, 51, 52, 53, 54, 55, 56, 57, 58, 59, 60, 61, 62, 63, 64, 65, 66, 67], "length": 100}