{"id": "anomalous_000118", "series": [53.19, 54.7, 54.75, 55.89, 58.76, 58.98, 59.29, 59.45, 55.48, 57.09, 57.07, 56.11, 53.52, 51.44, 51.49, 52.42, 50.07, 47.1, 49.27, 47.95, 47.97, 51.29, 51.83, 51.5, 51.65, 54.48, 54.03, 57.42, 59.31, 56.83, 59.39, 56.69, 57.43, 58.48, 54.82, 55.93, 51.86, 54.69, 52.64, 51.35, 49.55, 49.63, 48.38, 21.797568779199864, 22.337568779199863, 24.52756877919986, 25.327568779199865, 27.127568779199862, 27.807568779199862, 29.557568779199862, 27.16756877919986, 31.60756877919986, 32.03756877919986, 57.39, 58.1, 57.24, 55.68, 55.69, 55.4, 54.06, 51.3, 51.87, 50.35, 51.17, 50.56, 49.15, 48.26, 48.9, 47.21, 49.87, 51.14, 52.42, 52.0, 54.67, 54.75, 55.79, 55.94, 56.77, 56.04, 59.39, 58.42, 56.23, 56.34, 52.55, 51.57, 49.68, 50.09, 48.36, 46.32, 46.89, 47.07, 47.74, 48.43, 48.25, 50.47, 52.31, 51.44, 54.23, 55.63, 57.31], "labels": [0, 0, 0, 0, 0, 0, 0, 0, 0, 0, 0, 0, 0, 0, 0, 0, 0, 0, 0, 0, 0, 0, 0, 0, 0, 0, 0, 0, 0, 0, 0, 0, 0, 0, 0, 0, 0, 0, 0, 0, 0, 0, 0, 1, 1, 1, 1, 1, 1, 1, 1, 1, 1, 0, 0, 0, 0, 0, 0, 0, 0, 0, 0, 0, 0, 0, 0, 0, 0, 0, 0, 0, 0, 0, 0, 0, 0, 0, 0, 0, 0, 0, 0, 0, 0, 0, 0, 0, 0, 0, 0, 0, 0, 0, 0, 0, 0, 0, 0, 0], "is_anomalous": true, "anomaly_type": "shift", "anomaly_positions": [43, 44, 45, 46, 47, 48, 49, 50, 51, 52], "length": 100}