{"id": "anomalous_000609", "series": [46.29, 48.39, 51.58, 47.54, 49.91, 50.34, 54.65, 48.66, 47.0, 49.36, 46.14, 53.43, 45.93, 44.69, 50.2, 41.37, 44.02, 41.57, 42.0, 40.91, 40.17, 47.34, 41.2, 47.53, 47.91, 52.96, 46.37, 43.45, 55.13, 53.58, 50.26, 51.39, 53.77, 48.2, 48.93, 46.43, 48.77, 41.95, 43.73, 50.31, 46.09, 40.48, 40.29, 43.25, 42.77, 45.48, 42.69, 42.33, 46.71, 43.58, 52.42, 53.88, 52.2, 49.64, 51.11, 48.08, 48.2, 48.46, 49.55, 45.89, 43.71, 41.7, 41.37, 41.39, 40.26, 39.53, 41.24, 37.91, 24.312725391222834, 26.871156278500543, 21.94585665419583, 25.469216459666377, 39.185352841555584, 39.53334075145753, 42.434780029185674, 40.62881234843935, 68.51629384223983, 63.02627080880506, 36.1752022021117, 77.53089420326117, 36.70224689754391, 72.86688559862584, 8.335846390680217, 50.417522742523545, 48.78270537019917, 36.18866768455679, 62.84796404566039, 27.698694988150784, 39.0, 43.4, 43.48, 41.82, 43.84, 42.55, 43.26, 43.06, 48.61, 49.83, 50.33, 56.09], "labels": [0, 0, 0, 0, 0, 0, 0, 0, 0, 0, 0, 0, 0, 0, 0, 0, 0, 0, 0, 0, 0, 0, 0, 0, 0, 0, 0, 0, 0, 0, 0, 0, 0, 0, 0, 0, 0, 0, 0, 0, 0, 0, 0, 0, 0, 0, 0, 0, 0, 0, 0, 0, 0, 0, 0, 0, 0, 0, 0, 0, 0, 0, 0, 0, 0, 0, 0, 0, 1, 1, 1, 1, 1, 1, 1, 1, 1, 1, 1, 1, 1, 1, 1, 1, 1, 1, 1, 1, 0, 0, 0, 0, 0, 0, 0, 0, 0, 0, 0, 0], "is_anomalous": true, "anomaly_type": "variance_change", "anomaly_positions": [68, 69, 70, 71, 72, 73, 74, 75, 76, 77, 78, 79, 80, 81, 82, 83, 84, 85, 86, 87], "length": 100}