{"id": "anomalous_000360", "series": [50.5, 53.89, 56.23, 54.0, 57.32, 58.03, 57.22, 56.77, 55.58, 54.59, 50.0, 53.77, 49.96, 50.79, 49.66, 47.72, 49.12, 50.87, 43.32, 48.46, 49.11, 50.39, 47.01, 48.44, 48.74, 52.07, 51.63, 57.59, 55.12, 61.1, 55.58, 55.64, 57.19, 55.82, 57.43, 54.7, 50.13, 52.46, 51.04, 44.58, 48.68, 48.38, 48.28, 49.83, 46.77, 48.64, 50.71, 51.98, 54.19, 58.05, 58.64, 58.01, 57.0, 54.54, 80.66240008990101, 80.21240008990101, 79.90240008990101, 80.65240008990101, 78.05240008990101, 76.28240008990102, 74.88240008990101, 83.18240008990101, 76.43240008990101, 74.29240008990101, 46.26, 49.79, 52.44, 46.02, 48.6, 47.89, 49.41, 51.32, 53.24, 54.08, 58.24, 54.92, 57.23, 56.93, 56.75, 55.17, 59.54, 55.75, 58.15, 52.56, 53.75, 51.0, 50.63, 48.45, 49.59, 49.38, 46.74, 51.78, 49.47, 51.01, 52.57, 52.28, 54.29, 53.77, 55.8, 58.86], "labels": [0, 0, 0, 0, 0, 0, 0, 0, 0, 0, 0, 0, 0, 0, 0, 0, 0, 0, 0, 0, 0, 0, 0, 0, 0, 0, 0, 0, 0, 0, 0, 0, 0, 0, 0, 0, 0, 0, 0, 0, 0, 0, 0, 0, 0, 0, 0, 0, 0, 0, 0, 0, 0, 0, 1, 1, 1, 1, 1, 1, 1, 1, 1, 1, 0, 0, 0, 0, 0, 0, 0, 0, 0, 0, 0, 0, 0, 0, 0, 0, 0, 0, 0, 0, 0, 0, 0, 0, 0, 0, 0, 0, 0, 0, 0, 0, 0, 0, 0, 0], "is_anomalous": true, "anomaly_type": "shift", "anomaly_positions": [54, 55, 56, 57, 58, 59, 60, 61, 62, 63], "length": 100}