{"id": "anomalous_000542", "series": [50.4, 57.14, 57.43, 56.49, 58.52, 61.26, 58.7, 61.52, 56.51, 55.94, 55.45, 56.23, 54.32, 53.95, 52.06, 51.87, 52.81, 49.87, 51.02, 48.44, 51.14, 49.81, 48.11, 52.09, 55.46, 57.54, 61.88, 63.07, 61.59, 55.67, 62.89, 58.67, 58.4, 59.5, 58.81, 56.92, 49.79, 52.4, 47.6, 47.57, 52.91, 51.78, 53.36, 48.36, 46.48, 51.23, 55.72, 52.39, 51.99, 55.14, 56.84, 57.24, 62.39, 60.26, 58.5, 62.36, 59.55, 58.33, 58.89, 56.29, 50.34, 51.65, 52.6, 56.65, 53.16, 49.2, 50.68, 50.843106759900046, 50.63364892187873, 54.082141676603406, 56.393622229365185, 59.17135770855369, 57.551731624083914, 68.7939276131245, 68.91573217533106, 72.56190903495303, 70.96093744203984, 69.85526751117371, 69.58039866240279, 72.25058444909381, 80.09679571380681, 67.86131154498752, 75.14615548043459, 75.29424678601454, 67.49919124497644, 72.61736559011797, 68.38038509413352, 67.146266786854, 78.39327983058416, 67.1810905799427, 82.89919571933132, 74.71353583428382, 75.79325177559976, 86.86627599212628, 64.6129838954876, 77.78782563560429, 75.45431275697928, 74.60710799735037, 76.19899779160902, 98.83230364030072], "labels": [0, 0, 0, 0, 0, 0, 0, 0, 0, 0, 0, 0, 0, 0, 0, 0, 0, 0, 0, 0, 0, 0, 0, 0, 0, 0, 0, 0, 0, 0, 0, 0, 0, 0, 0, 0, 0, 0, 0, 0, 0, 0, 0, 0, 0, 0, 0, 0, 0, 0, 0, 0, 0, 0, 0, 0, 0, 0, 0, 0, 0, 0, 0, 0, 0, 0, 1, 1, 1, 1, 1, 1, 1, 1, 1, 1, 1, 1, 1, 1, 1, 1, 1, 1, 1, 1, 1, 1, 1, 1, 1, 1, 1, 1, 1, 1, 1, 1, 1, 1], "is_anomalous": true, "anomaly_type": "trend_change", "anomaly_positions": [66, 67, 68, 69, 70, 71, 72, 73, 74, 75, 76, 77, 78, 79, 80, 81, 82, 83, 84, 85, 86, 87, 88, 89, 90, 91, 92, 93, 94, 95, 96, 97, 98, 99], "length": 100}