{"id": "anomalous_000227", "series": [54.31, 57.61, 53.46, 52.87, 56.97, 59.2, 56.4, 56.61, 54.39, 52.36, 59.63, 51.73, 55.2, 55.42, 44.5, 51.4, 46.77, 49.88, 47.84, 47.08, 47.44, 52.72, 46.42, 49.49, 51.65, 47.04, 54.02, 55.92, 60.51, 56.36, 58.69, 55.12, 55.88, 52.89, 55.55, 55.3, 55.1, 53.91, 54.32, 50.03, 43.22, 46.84, 45.93, 46.3, 50.29, 50.63, 48.11, 52.91, 54.33, 50.65, 52.43, 55.85, 56.44, 59.5, 61.12, 53.46, 55.75, 53.16, 54.98, 51.93, 53.328871392080565, 54.921540406217204, 53.600692671964616, 51.76714997759071, 52.391521133401504, 49.281301575857746, 52.44232524374644, 58.626438103430246, 51.11058824332258, 65.25268177217956, 55.275770578141916, 70.77061415143973, 62.97549860402131, 62.76659458134144, 68.49784169324948, 67.86518187132621, 83.28440434965933, 74.87366173363094, 69.68603263719478, 72.32953861434174, 86.17698232831629, 76.99320751547911, 74.59345661118888, 84.78847664109693, 80.60670401314275, 85.58301471844199, 78.30706522010223, 71.88191414859662, 72.97885341656249, 89.01868820052186, 89.3049735497404, 72.99727434248163, 91.33148868998474, 80.32859543415057, 86.20965825565199, 68.3627902044159, 87.32160439922296, 102.60260524917615, 106.54591365237692, 86.63866464344153], "labels": [0, 0, 0, 0, 0, 0, 0, 0, 0, 0, 0, 0, 0, 0, 0, 0, 0, 0, 0, 0, 0, 0, 0, 0, 0, 0, 0, 0, 0, 0, 0, 0, 0, 0, 0, 0, 0, 0, 0, 0, 0, 0, 0, 0, 0, 0, 0, 0, 0, 0, 0, 0, 0, 0, 0, 0, 0, 0, 0, 1, 1, 1, 1, 1, 1, 1, 1, 1, 1, 1, 1, 1, 1, 1, 1, 1, 1, 1, 1, 1, 1, 1, 1, 1, 1, 1, 1, 1, 1, 1, 1, 1, 1, 1, 1, 1, 1, 1, 1, 1], "is_anomalous": true, "anomaly_type": "trend_change", "anomaly_positions": [59, 60, 61, 62, 63, 64, 65, 66, 67, 68, 69, 70, 71, 72, 73, 74, 75, 76, 77, 78, 79, 80, 81, 82, 83, 84, 85, 86, 87, 88, 89, 90, 91, 92, 93, 94, 95, 96, 97, 98, 99], "length": 100}