{"id": "anomalous_000754", "series": [45.96, 49.29, 52.26, 51.21, 52.24, 53.19, 53.73, 51.24, 51.14, 48.91, 49.78, 49.76, 46.96, 46.22, 46.2, 44.5, 44.61, 42.72, 43.02, 40.26, 42.36, 43.97, 47.78, 46.34, 49.22, 48.04, 49.77, 51.68, 52.76, 52.72, 52.88, 53.25, 52.8, 49.86, 78.03765427268252, 79.33765427268251, 78.03765427268252, 74.93765427268252, 74.03765427268252, 71.79765427268251, 71.81765427268252, 71.57765427268251, 71.4276542726825, 72.1476542726825, 47.91, 43.9, 47.39, 47.74, 49.85, 52.41, 51.95, 49.87, 52.52, 55.01, 53.25, 55.04, 53.5, 54.35, 52.33, 50.98, 51.46, 48.73, 46.61, 45.81, 47.83, 45.52, 46.23, 44.72, 44.85, 47.24, 46.48, 47.57, 49.59, 49.69, 53.13, 54.54, 54.8, 55.64, 57.17, 55.07, 54.46, 54.99, 53.25, 50.11, 49.46, 48.65, 47.65, 47.42, 45.5, 47.21, 45.01, 44.52, 46.09, 46.92, 49.78, 49.18, 51.8, 53.53, 52.59, 54.69], "labels": [0, 0, 0, 0, 0, 0, 0, 0, 0, 0, 0, 0, 0, 0, 0, 0, 0, 0, 0, 0, 0, 0, 0, 0, 0, 0, 0, 0, 0, 0, 0, 0, 0, 0, 1, 1, 1, 1, 1, 1, 1, 1, 1, 1, 0, 0, 0, 0, 0, 0, 0, 0, 0, 0, 0, 0, 0, 0, 0, 0, 0, 0, 0, 0, 0, 0, 0, 0, 0, 0, 0, 0, 0, 0, 0, 0, 0, 0, 0, 0, 0, 0, 0, 0, 0, 0, 0, 0, 0, 0, 0, 0, 0, 0, 0, 0, 0, 0, 0, 0], "is_anomalous": true, "anomaly_type": "shift", "anomaly_positions": [34, 35, 36, 37, 38, 39, 40, 41, 42, 43], "length": 100}