{"id": "anomalous_000739", "series": [51.17, 49.9, 52.35, 50.74, 51.75, 52.1, 53.75, 56.37, 54.53, 53.48, 50.17, 49.76, 49.4, 49.66, 46.28, 44.16, 43.75, 44.54, 44.59, 41.19, 43.79, 42.28, 42.77, 44.64, 49.17, 54.13, 51.53, 52.22, 57.3, 54.64, 52.47, 54.41, 55.38, 52.41, 48.76, 49.13, 50.0, 48.1, 48.89, 45.1, 42.0, 46.52, 42.47, 47.08, 45.55, 44.71, 46.56, 48.45, 47.51, 49.13, 50.18, 49.62, 53.76, 52.34, 54.14, 54.85, 55.14, 52.72, 49.57, 47.97, 50.62, 45.93, 48.61, 49.51, 45.37, 69.11948618249842, 66.18948618249841, 61.95948618249842, 72.35948618249842, 65.33948618249842, 71.32948618249841, 72.99948618249842, 70.76948618249841, 73.99948618249842, 72.90948618249841, 50.69, 52.32, 55.65, 51.63, 54.37, 51.26, 51.24, 51.74, 52.95, 47.81, 46.84, 49.15, 45.9, 44.24, 43.9, 42.73, 42.96, 45.83, 46.57, 49.45, 46.42, 48.73, 52.22, 53.51, 55.99], "labels": [0, 0, 0, 0, 0, 0, 0, 0, 0, 0, 0, 0, 0, 0, 0, 0, 0, 0, 0, 0, 0, 0, 0, 0, 0, 0, 0, 0, 0, 0, 0, 0, 0, 0, 0, 0, 0, 0, 0, 0, 0, 0, 0, 0, 0, 0, 0, 0, 0, 0, 0, 0, 0, 0, 0, 0, 0, 0, 0, 0, 0, 0, 0, 0, 0, 1, 1, 1, 1, 1, 1, 1, 1, 1, 1, 0, 0, 0, 0, 0, 0, 0, 0, 0, 0, 0, 0, 0, 0, 0, 0, 0, 0, 0, 0, 0, 0, 0, 0, 0], "is_anomalous": true, "anomaly_type": "shift", "anomaly_positions": [65, 66, 67, 68, 69, 70, 71, 72, 73, 74], "length": 100}