{"id": "anomalous_000117", "series": [47.5, 55.16, 52.74, 55.41, 55.65, 61.04, 57.47, 57.57, 55.41, 59.81, 55.34, 53.07, 51.37, 48.15, 49.36, 50.44, 46.47, 46.1, 52.25, 47.38, 48.52, 50.47, 49.62, 52.18, 53.13, 57.54, 52.54, 59.84, 57.58, 55.06, 52.72, 58.85, 59.15, 62.01, 58.51, 52.85, 57.16, 51.09, 49.35, 50.25, 47.92, 45.54, 43.05, 87.3503246018171, 85.77032460181712, 88.48032460181712, 87.20032460181712, 84.91032460181711, 93.43032460181712, 90.76032460181712, 91.94032460181711, 94.55032460181712, 91.34032460181712, 56.98, 53.05, 55.0, 56.11, 56.63, 51.86, 57.57, 56.28, 52.04, 49.24, 43.8, 51.15, 43.06, 45.6, 48.58, 46.63, 49.74, 47.66, 52.14, 51.52, 55.69, 54.41, 56.13, 54.29, 55.62, 53.84, 56.09, 58.29, 56.43, 54.95, 53.61, 51.15, 53.08, 48.12, 49.85, 49.34, 46.91, 44.67, 47.14, 50.08, 50.81, 47.34, 48.08, 51.85, 55.41, 54.43, 54.36], "labels": [0, 0, 0, 0, 0, 0, 0, 0, 0, 0, 0, 0, 0, 0, 0, 0, 0, 0, 0, 0, 0, 0, 0, 0, 0, 0, 0, 0, 0, 0, 0, 0, 0, 0, 0, 0, 0, 0, 0, 0, 0, 0, 0, 1, 1, 1, 1, 1, 1, 1, 1, 1, 1, 0, 0, 0, 0, 0, 0, 0, 0, 0, 0, 0, 0, 0, 0, 0, 0, 0, 0, 0, 0, 0, 0, 0, 0, 0, 0, 0, 0, 0, 0, 0, 0, 0, 0, 0, 0, 0, 0, 0, 0, 0, 0, 0, 0, 0, 0, 0], "is_anomalous": true, "anomaly_type": "shift", "anomaly_positions": [43, 44, 45, 46, 47, 48, 49, 50, 51, 52], "length": 100}