{"id": "anomalous_000499", "series": [53.66, 55.46, 57.36, 57.51, 57.87, 59.47, 59.26, 59.9, 55.23, 55.8, 56.4, 50.1, 51.94, 50.78, 50.83, 48.14, 47.17, 48.79, 49.8, 48.14, 48.22, 52.25, 53.32, 51.22, 54.05, 57.1, 56.29, 59.08, 55.93, 57.48, 57.63, 56.1, 54.38, 57.26, 59.85, 55.7, 52.78, 54.38, 49.74, 51.68, 52.02, 48.85, 50.09, 53.84, 48.18, 50.58, 51.58, 54.42, 53.57, 56.47, 56.72, 58.33, 59.12, 60.93, 61.65, 56.06, 59.5, 62.06, 57.34, 57.31, 55.05, 55.04, 52.31, 15.645074361008419, 11.92507436100842, 12.88507436100842, 12.975074361008417, 15.515074361008416, 14.92507436100842, 17.27507436100842, 16.165074361008422, 15.24507436100842, 14.345074361008422, 56.87, 57.86, 57.36, 58.46, 60.86, 61.52, 59.83, 61.13, 59.11, 56.75, 59.47, 55.86, 57.35, 51.42, 54.73, 53.56, 52.5, 53.79, 49.84, 53.72, 52.8, 54.4, 56.83, 57.58, 56.11, 59.16, 62.0], "labels": [0, 0, 0, 0, 0, 0, 0, 0, 0, 0, 0, 0, 0, 0, 0, 0, 0, 0, 0, 0, 0, 0, 0, 0, 0, 0, 0, 0, 0, 0, 0, 0, 0, 0, 0, 0, 0, 0, 0, 0, 0, 0, 0, 0, 0, 0, 0, 0, 0, 0, 0, 0, 0, 0, 0, 0, 0, 0, 0, 0, 0, 0, 0, 1, 1, 1, 1, 1, 1, 1, 1, 1, 1, 0, 0, 0, 0, 0, 0, 0, 0, 0, 0, 0, 0, 0, 0, 0, 0, 0, 0, 0, 0, 0, 0, 0, 0, 0, 0, 0], "is_anomalous": true, "anomaly_type": "shift", "anomaly_positions": [63, 64, 65, 66, 67, 68, 69, 70, 71, 72], "length": 100}