{"id": "anomalous_000209", "series": [45.71, 46.29, 48.63, 49.09, 49.68, 50.93, 50.61, 50.81, 51.54, 49.31, 48.19, 47.87, 47.19, 43.55, 46.25, 42.76, 42.53, 39.57, 40.89, 43.56, 42.34, 43.13, 45.91, 45.14, 48.94, 46.67, 48.81, 49.55, 51.37, 47.92, 51.33, 52.62, 52.73, 52.12, 50.26, 48.46, 72.72636131514983, 68.89636131514983, 70.87636131514984, 66.98636131514982, 68.23636131514982, 67.46636131514984, 65.03636131514983, 67.35636131514983, 68.31636131514983, 67.79636131514982, 42.83, 46.13, 49.58, 49.72, 50.37, 52.13, 52.36, 52.93, 54.58, 54.53, 52.84, 52.1, 50.61, 50.93, 48.1, 46.22, 44.99, 44.83, 43.97, 44.71, 43.47, 44.1, 45.75, 44.74, 44.78, 48.19, 47.21, 50.94, 50.74, 52.59, 52.35, 53.93, 54.06, 53.52, 53.73, 54.22, 52.23, 52.24, 50.01, 49.12, 47.66, 44.99, 45.99, 43.6, 45.51, 43.35, 46.71, 48.73, 46.99, 50.29, 51.19, 49.46, 53.04, 55.6], "labels": [0, 0, 0, 0, 0, 0, 0, 0, 0, 0, 0, 0, 0, 0, 0, 0, 0, 0, 0, 0, 0, 0, 0, 0, 0, 0, 0, 0, 0, 0, 0, 0, 0, 0, 0, 0, 1, 1, 1, 1, 1, 1, 1, 1, 1, 1, 0, 0, 0, 0, 0, 0, 0, 0, 0, 0, 0, 0, 0, 0, 0, 0, 0, 0, 0, 0, 0, 0, 0, 0, 0, 0, 0, 0, 0, 0, 0, 0, 0, 0, 0, 0, 0, 0, 0, 0, 0, 0, 0, 0, 0, 0, 0, 0, 0, 0, 0, 0, 0, 0], "is_anomalous": true, "anomaly_type": "shift", "anomaly_positions": [36, 37, 38, 39, 40, 41, 42, 43, 44, 45], "length": 100}