{"id": "anomalous_000676", "series": [50.74, 51.68, 55.16, 55.0, 55.38, 57.81, 58.29, 57.57, 55.8, 53.3, 55.71, 51.93, 51.46, 50.14, 48.39, 47.48, 46.52, 47.05, 48.68, 46.69, 48.45, 48.87, 49.02, 50.84, 49.85, 51.99, 54.46, 56.12, 55.15, 57.28, 55.89, 55.48, 52.88, 55.8, 54.71, 52.32, 50.28, 51.57, 49.28, 49.03, 46.28, 46.37, 46.22, 46.52, 47.4, 48.77, 49.58, 48.02, 51.33, 50.85, 55.05, 53.65, 55.71, 56.28, 56.27, 54.21, 54.85, 54.44, 54.31, 50.6, 51.74, 51.51, 67.46525871821491, 53.99218735988971, 53.50399163297695, 50.06924010380877, 50.26783556728998, 42.90481638122217, 48.63486615271827, 63.60304964365052, -1.2833986961738049, 58.0220449781954, 56.85208583167221, 26.471518565097124, 64.06757142358803, 80.39537859417796, 57.638588344153426, 52.73394519985282, 57.0242735169051, 75.36114097895418, 49.145455595116594, 55.969103764961325, 52.27, 50.14, 50.94, 49.58, 47.66, 47.56, 47.97, 45.81, 43.38, 45.96, 45.46, 46.79, 46.67, 51.1, 49.48, 50.74, 53.66, 53.63], "labels": [0, 0, 0, 0, 0, 0, 0, 0, 0, 0, 0, 0, 0, 0, 0, 0, 0, 0, 0, 0, 0, 0, 0, 0, 0, 0, 0, 0, 0, 0, 0, 0, 0, 0, 0, 0, 0, 0, 0, 0, 0, 0, 0, 0, 0, 0, 0, 0, 0, 0, 0, 0, 0, 0, 0, 0, 0, 0, 0, 0, 0, 0, 1, 1, 1, 1, 1, 1, 1, 1, 1, 1, 1, 1, 1, 1, 1, 1, 1, 1, 1, 1, 0, 0, 0, 0, 0, 0, 0, 0, 0, 0, 0, 0, 0, 0, 0, 0, 0, 0], "is_anomalous": true, "anomaly_type": "variance_change", "anomaly_positions": [62, 63, 64, 65, 66, 67, 68, 69, 70, 71, 72, 73, 74, 75, 76, 77, 78, 79, 80, 81], "length": 100}