{"id": "anomalous_000408", "series": [52.81, 54.66, 57.28, 58.33, 55.81, 57.47, 54.09, 58.32, 61.11, 58.76, 55.35, 56.74, 52.75, 51.37, 55.4, 43.61, 47.61, 45.63, 44.07, 51.28, 48.41, 50.64, 50.77, 51.27, 55.29, 57.14, 53.97, 55.51, 60.01, 58.85, 59.51, 57.75, 55.56, 58.97, 58.31, 57.07, 52.81, 50.54, 52.19, 51.89, 50.73, 44.46, 45.22, 45.41, 50.89, 50.91, 45.12, 51.37, 50.55, 56.15, 58.08, 57.4, 56.77, 57.64, 56.41, 56.82, 58.42, 52.31, 52.39, 55.34, 54.93, 50.0, 49.54, 48.59, 51.803412664199485, 42.09629657488594, 35.90595609337829, 73.53139091280931, 63.4336861875713, 56.6077782740679, 66.73397901976156, 47.93696043806895, 55.93853336732732, 69.68892971841134, 29.165403888755808, 62.87503824239903, 57.71917190148574, 57.83519039216039, 46.36115061715933, 43.9238439627771, 76.9019780755956, 41.42518865340686, 77.71931478880262, 61.43266062984048, 53.62, 52.81, 54.58, 46.19, 47.33, 46.34, 45.72, 49.6, 50.5, 49.0, 47.92, 51.21, 54.18, 54.01, 52.98, 57.44], "labels": [0, 0, 0, 0, 0, 0, 0, 0, 0, 0, 0, 0, 0, 0, 0, 0, 0, 0, 0, 0, 0, 0, 0, 0, 0, 0, 0, 0, 0, 0, 0, 0, 0, 0, 0, 0, 0, 0, 0, 0, 0, 0, 0, 0, 0, 0, 0, 0, 0, 0, 0, 0, 0, 0, 0, 0, 0, 0, 0, 0, 0, 0, 0, 0, 1, 1, 1, 1, 1, 1, 1, 1, 1, 1, 1, 1, 1, 1, 1, 1, 1, 1, 1, 1, 0, 0, 0, 0, 0, 0, 0, 0, 0, 0, 0, 0, 0, 0, 0, 0], "is_anomalous": true, "anomaly_type": "variance_change", "anomaly_positions": [64, 65, 66, 67, 68, 69, 70, 71, 72, 73, 74, 75, 76, 77, 78, 79, 80, 81, 82, 83], "length": 100}