{"id": "anomalous_000489", "series": [48.99, 53.5, 53.56, 55.09, 58.93, 53.88, 54.07, 58.15, 54.24, 57.81, 53.0, 52.77, 49.23, 48.84, 49.09, 49.34, 45.34, 45.78, 46.27, 42.83, 51.04, 45.0, 50.93, 47.29, 51.35, 55.48, 55.16, 55.62, 57.35, 54.56, 55.17, 55.86, 55.07, 50.19, 55.57, 55.3, 52.39, 47.01, 46.81, 49.15, 51.09, 49.92, 42.36, 43.9, 45.12, 47.24, 49.67, 48.66, 51.44, 56.18, 58.82, 55.07, 54.69, 58.47, 59.08, 55.65, 61.86, 58.06, 52.98, 51.96, 52.84, 50.72, 47.61, 50.31, 45.2, 48.36, 62.84349781428735, 25.146808252120326, 79.24846823429314, 47.031587974822656, 58.46469677218543, 54.00662133661724, 52.617131699205046, 49.68471245669741, 58.474954991510835, 69.23182212931033, 54.05548711863747, 61.51621692057348, 51.674959953704715, 44.5865079027391, 56.27093051767455, 26.063688307289222, 25.543699446423886, 56.77730482443748, 59.493381846211, 73.74775666569775, 48.95, 45.46, 46.65, 45.26, 51.14, 43.27, 51.17, 45.11, 47.97, 50.66, 48.05, 50.78, 50.81, 56.31], "labels": [0, 0, 0, 0, 0, 0, 0, 0, 0, 0, 0, 0, 0, 0, 0, 0, 0, 0, 0, 0, 0, 0, 0, 0, 0, 0, 0, 0, 0, 0, 0, 0, 0, 0, 0, 0, 0, 0, 0, 0, 0, 0, 0, 0, 0, 0, 0, 0, 0, 0, 0, 0, 0, 0, 0, 0, 0, 0, 0, 0, 0, 0, 0, 0, 0, 0, 1, 1, 1, 1, 1, 1, 1, 1, 1, 1, 1, 1, 1, 1, 1, 1, 1, 1, 1, 1, 0, 0, 0, 0, 0, 0, 0, 0, 0, 0, 0, 0, 0, 0], "is_anomalous": true, "anomaly_type": "variance_change", "anomaly_positions": [66, 67, 68, 69, 70, 71, 72, 73, 74, 75, 76, 77, 78, 79, 80, 81, 82, 83, 84, 85], "length": 100}