{"id": "anomalous_000675", "series": [55.8, 60.17, 57.82, 55.62, 59.25, 54.56, 60.46, 59.22, 56.08, 56.93, 52.72, 51.09, 56.81, 57.54, 51.77, 53.54, 51.35, 51.1, 47.22, 51.12, 48.57, 45.28, 52.58, 53.25, 52.19, 55.0, 56.96, 58.25, 61.06, 57.12, 56.02, 58.4, 58.97, 53.08, 58.21, 56.07, 53.47, 53.89, 52.41, 50.8, 45.98, 46.21, 48.11, 49.4, 46.34, 53.0, 50.59, 56.04, 50.66, 55.99, 60.31, 57.15, 58.06, 56.97, 60.27, 67.09, 60.81, 56.37, 59.85, 56.45, 55.2, 53.7, 51.74, 50.29, 38.24293181071687, 57.01944658014313, 54.90105264535825, 48.74797611661241, 79.53599867752456, 55.7167051124772, 86.7144055994225, 70.65596231807852, 38.12052565957937, 47.53781984103849, 49.37118783094826, 71.60460159468767, 66.3369417244066, 49.61953278678156, 64.8569106583678, 55.303344950130224, 49.26834314370538, 43.60608463557416, 46.61400140616871, 54.673771426023976, 59.07, 55.01, 52.8, 49.52, 51.1, 51.83, 50.68, 49.27, 51.48, 51.04, 53.96, 57.2, 56.15, 50.5, 57.59, 58.76], "labels": [0, 0, 0, 0, 0, 0, 0, 0, 0, 0, 0, 0, 0, 0, 0, 0, 0, 0, 0, 0, 0, 0, 0, 0, 0, 0, 0, 0, 0, 0, 0, 0, 0, 0, 0, 0, 0, 0, 0, 0, 0, 0, 0, 0, 0, 0, 0, 0, 0, 0, 0, 0, 0, 0, 0, 0, 0, 0, 0, 0, 0, 0, 0, 0, 1, 1, 1, 1, 1, 1, 1, 1, 1, 1, 1, 1, 1, 1, 1, 1, 1, 1, 1, 1, 0, 0, 0, 0, 0, 0, 0, 0, 0, 0, 0, 0, 0, 0, 0, 0], "is_anomalous": true, "anomaly_type": "variance_change", "anomaly_positions": [64, 65, 66, 67, 68, 69, 70, 71, 72, 73, 74, 75, 76, 77, 78, 79, 80, 81, 82, 83], "length": 100}