{"id": "anomalous_000656", "series": [50.99, 51.28, 49.61, 48.19, 53.41, 52.34, 49.25, 54.7, 52.56, 49.61, 52.7, 47.11, 49.18, 45.28, 40.63, 39.95, 45.27, 46.2, 40.55, 40.34, 49.41, 38.57, 40.83, 45.87, 48.39, 47.34, 47.02, 53.14, 51.36, 53.46, 51.7, 55.18, 54.4, 53.37, 47.68, 54.61, 51.01, 50.3, 47.35, 40.94, 40.82, 43.86, 45.46, 39.65, 44.49, 42.13, 54.89, 49.61, 42.95, 48.93, 56.45, 50.9, 51.7, 51.39, 56.08, 75.23524052569994, 66.95065771449202, 63.795615726867496, 45.76843454955748, 76.12793762095689, 45.86132147221849, 73.81071349781806, 55.21008429453912, 46.60998350386458, 60.15603246610378, 22.7821465145387, 66.44271287709998, 25.615936421177214, 37.55879614466514, 56.95504715863454, 40.26664324867896, 63.24663769524559, 45.94940576891369, 77.31795162683358, 57.94609246774703, 58.11, 53.11, 52.47, 56.01, 51.57, 55.24, 57.28, 50.41, 56.08, 51.39, 50.81, 44.93, 45.61, 48.79, 43.39, 41.65, 47.67, 45.01, 51.8, 45.67, 46.4, 46.58, 49.82, 52.76, 57.66], "labels": [0, 0, 0, 0, 0, 0, 0, 0, 0, 0, 0, 0, 0, 0, 0, 0, 0, 0, 0, 0, 0, 0, 0, 0, 0, 0, 0, 0, 0, 0, 0, 0, 0, 0, 0, 0, 0, 0, 0, 0, 0, 0, 0, 0, 0, 0, 0, 0, 0, 0, 0, 0, 0, 0, 0, 1, 1, 1, 1, 1, 1, 1, 1, 1, 1, 1, 1, 1, 1, 1, 1, 1, 1, 1, 1, 0, 0, 0, 0, 0, 0, 0, 0, 0, 0, 0, 0, 0, 0, 0, 0, 0, 0, 0, 0, 0, 0, 0, 0, 0], "is_anomalous": true, "anomaly_type": "variance_change", "anomaly_positions": [55, 56, 57, 58, 59, 60, 61, 62, 63, 64, 65, 66, 67, 68, 69, 70, 71, 72, 73, 74], "length": 100}