{"id": "anomalous_000670", "series": [45.99, 47.47, 46.66, 52.7, 51.6, 53.06, 52.49, 50.43, 51.25, 50.78, 49.81, 47.0, 43.64, 42.04, 46.44, 41.77, 43.93, 42.28, 41.89, 42.02, 41.83, 42.49, 44.56, 45.71, 46.87, 49.26, 46.95, 51.52, 51.89, 52.95, 51.23, 51.92, 51.18, 51.87, 50.16, 48.85, 67.5573846318426, 69.57738463184259, 66.0673846318426, 64.71738463184259, 65.39738463184258, 64.51738463184259, 60.63738463184259, 63.39738463184259, 64.0373846318426, 66.7273846318426, 43.25, 48.76, 47.83, 50.01, 52.07, 50.13, 51.37, 53.35, 55.24, 51.89, 53.41, 50.91, 50.94, 52.32, 47.47, 43.79, 43.68, 46.6, 42.28, 42.93, 44.66, 43.02, 42.87, 43.84, 44.1, 48.75, 46.68, 49.69, 49.72, 53.93, 50.65, 50.85, 51.97, 53.62, 53.16, 51.35, 50.39, 49.31, 51.25, 46.55, 46.58, 47.71, 45.74, 43.54, 43.99, 45.76, 44.89, 45.87, 46.32, 50.34, 48.93, 47.59, 50.62, 53.67], "labels": [0, 0, 0, 0, 0, 0, 0, 0, 0, 0, 0, 0, 0, 0, 0, 0, 0, 0, 0, 0, 0, 0, 0, 0, 0, 0, 0, 0, 0, 0, 0, 0, 0, 0, 0, 0, 1, 1, 1, 1, 1, 1, 1, 1, 1, 1, 0, 0, 0, 0, 0, 0, 0, 0, 0, 0, 0, 0, 0, 0, 0, 0, 0, 0, 0, 0, 0, 0, 0, 0, 0, 0, 0, 0, 0, 0, 0, 0, 0, 0, 0, 0, 0, 0, 0, 0, 0, 0, 0, 0, 0, 0, 0, 0, 0, 0, 0, 0, 0, 0], "is_anomalous": true, "anomaly_type": "shift", "anomaly_positions": [36, 37, 38, 39, 40, 41, 42, 43, 44, 45], "length": 100}