{"id": "anomalous_000431", "series": [53.38, 52.96, 53.74, 55.59, 56.67, 55.46, 56.59, 56.73, 56.57, 55.09, 54.64, 50.75, 52.74, 47.38, 46.27, 46.0, 48.12, 43.42, 48.95, 44.16, 45.71, 46.88, 51.38, 48.34, 54.46, 52.29, 55.91, 56.06, 53.97, 57.4, 56.19, 57.35, 54.07, 55.2, 54.29, 55.4, 52.46, 47.89, 48.21, 45.85, 47.43, 73.10134522930937, 73.18134522930937, 76.30134522930938, 78.97134522930938, 75.10134522930937, 76.43134522930937, 81.94134522930938, 80.33134522930936, 82.97134522930938, 82.59134522930938, 56.05, 56.61, 55.06, 56.35, 53.64, 56.61, 55.45, 52.13, 54.96, 51.44, 49.24, 49.64, 48.68, 49.43, 47.86, 45.86, 45.55, 49.06, 49.48, 50.45, 51.37, 48.18, 53.11, 53.01, 51.22, 55.18, 55.47, 56.31, 56.33, 56.42, 54.29, 52.31, 52.79, 51.67, 49.42, 47.65, 49.56, 45.37, 44.49, 46.1, 47.71, 44.7, 45.3, 51.05, 52.76, 50.54, 51.62, 55.18, 54.57], "labels": [0, 0, 0, 0, 0, 0, 0, 0, 0, 0, 0, 0, 0, 0, 0, 0, 0, 0, 0, 0, 0, 0, 0, 0, 0, 0, 0, 0, 0, 0, 0, 0, 0, 0, 0, 0, 0, 0, 0, 0, 0, 1, 1, 1, 1, 1, 1, 1, 1, 1, 1, 0, 0, 0, 0, 0, 0, 0, 0, 0, 0, 0, 0, 0, 0, 0, 0, 0, 0, 0, 0, 0, 0, 0, 0, 0, 0, 0, 0, 0, 0, 0, 0, 0, 0, 0, 0, 0, 0, 0, 0, 0, 0, 0, 0, 0, 0, 0, 0, 0], "is_anomalous": true, "anomaly_type": "shift", "anomaly_positions": [41, 42, 43, 44, 45, 46, 47, 48, 49, 50], "length": 100}