{"id": "anomalous_000690", "series": [49.6, 52.59, 52.97, 53.81, 53.12, 52.43, 54.38, 55.75, 54.2, 54.34, 51.85, 48.59, 48.56, 45.73, 45.01, 45.31, 44.82, 41.62, 44.29, 44.27, 43.77, 48.49, 46.5, 46.75, 49.73, 48.59, 49.07, 51.82, 52.97, 57.06, 52.37, 53.78, 53.32, 50.08, 51.15, 49.56, 49.0, 44.2, 46.36, 45.45, 45.58, 40.94, 43.76, 42.79, 44.99, 40.95, 47.11, 44.82, 48.86, 49.34, 46.99, 55.15, 50.98, 53.13, 53.26, 55.89, 52.02, 48.85, 50.83, 46.76, 51.5, 47.45, 50.37, 43.55, 40.68011652885398, 44.18968879791021, 45.04826589710696, 47.15412403155698, 51.4209180429085, 51.93101438994549, 50.792110076057796, 56.516440276509556, 59.90390695590502, 59.896082286125335, 59.231461900201836, 55.24832287748484, 60.790806010315436, 70.1159648684179, 61.7557563681912, 65.22056206121631, 65.81520182019915, 76.22883340248444, 77.08918834996331, 66.4526104654193, 59.19910921238632, 76.49611599356406, 69.5771681840611, 70.569382808693, 57.5450016926626, 60.04299394109812, 65.7163381040053, 61.78054736519363, 55.770527231437995, 70.91881070995274, 79.32539780052113, 79.69933906537466, 85.19487702108445, 76.68127470235045, 84.84332982129484, 78.74249296013244], "labels": [0, 0, 0, 0, 0, 0, 0, 0, 0, 0, 0, 0, 0, 0, 0, 0, 0, 0, 0, 0, 0, 0, 0, 0, 0, 0, 0, 0, 0, 0, 0, 0, 0, 0, 0, 0, 0, 0, 0, 0, 0, 0, 0, 0, 0, 0, 0, 0, 0, 0, 0, 0, 0, 0, 0, 0, 0, 0, 0, 0, 0, 0, 0, 1, 1, 1, 1, 1, 1, 1, 1, 1, 1, 1, 1, 1, 1, 1, 1, 1, 1, 1, 1, 1, 1, 1, 1, 1, 1, 1, 1, 1, 1, 1, 1, 1, 1, 1, 1, 1], "is_anomalous": true, "anomaly_type": "trend_change", "anomaly_positions": [63, 64, 65, 66, 67, 68, 69, 70, 71, 72, 73, 74, 75, 76, 77, 78, 79, 80, 81, 82, 83, 84, 85, 86, 87, 88, 89, 90, 91, 92, 93, 94, 95, 96, 97, 98, 99], "length": 100}