{"id": "anomalous_000271", "series": [53.44, 54.54, 55.27, 55.61, 56.94, 59.78, 57.24, 58.85, 56.66, 56.23, 55.95, 53.73, 53.02, 51.26, 51.35, 49.27, 48.76, 46.75, 47.78, 48.98, 49.91, 49.81, 52.78, 53.32, 54.42, 55.64, 56.97, 57.37, 58.12, 58.11, 57.64, 58.35, 57.68, 59.09, 57.29, 57.14, 53.65, 55.23, 50.16, 49.5, 49.73, 50.87, 47.92, 48.54, 49.72, 50.13, 54.63, 52.41, 56.97, 57.2, 56.37, 55.83, 59.14, 59.8, 59.28, 58.37, 59.45, 58.25, 57.68, 57.92, 55.86, 73.3015123752329, 73.0615123752329, 71.1215123752329, 70.4015123752329, 70.85151237523291, 69.8815123752329, 71.60151237523291, 71.48151237523291, 73.6615123752329, 73.6115123752329, 53.42, 55.89, 56.61, 57.94, 60.32, 59.38, 60.75, 61.36, 61.39, 61.64, 59.73, 56.86, 60.02, 56.28, 55.56, 53.59, 52.23, 52.93, 51.22, 51.63, 51.66, 53.21, 52.31, 53.21, 55.8, 57.05, 57.66, 57.51, 62.04], "labels": [0, 0, 0, 0, 0, 0, 0, 0, 0, 0, 0, 0, 0, 0, 0, 0, 0, 0, 0, 0, 0, 0, 0, 0, 0, 0, 0, 0, 0, 0, 0, 0, 0, 0, 0, 0, 0, 0, 0, 0, 0, 0, 0, 0, 0, 0, 0, 0, 0, 0, 0, 0, 0, 0, 0, 0, 0, 0, 0, 0, 0, 1, 1, 1, 1, 1, 1, 1, 1, 1, 1, 0, 0, 0, 0, 0, 0, 0, 0, 0, 0, 0, 0, 0, 0, 0, 0, 0, 0, 0, 0, 0, 0, 0, 0, 0, 0, 0, 0, 0], "is_anomalous": true, "anomaly_type": "shift", "anomaly_positions": [61, 62, 63, 64, 65, 66, 67, 68, 69, 70], "length": 100}