{"id": "anomalous_000405", "series": [47.79, 49.84, 55.92, 56.48, 51.59, 54.7, 57.8, 57.88, 58.74, 55.87, 51.99, 49.56, 52.98, 49.18, 45.01, 45.23, 43.55, 48.13, 46.95, 44.3, 45.78, 43.86, 48.71, 51.43, 54.25, 48.4, 48.49, 53.36, 53.24, 56.47, 53.42, 55.34, 57.97, 56.34, 54.8, 50.22, 47.82, 46.68, 47.98, 44.47, 45.97, 48.91, 44.92, 47.46, 44.66, 51.08, 48.86, 52.58, 53.16, 50.14, 52.9, 55.08, 48.98, 58.36, 57.39, 53.39, 55.09, 50.11, 56.5, 47.22, 48.04, 48.0, 46.45, 73.31265442268301, 44.70954816411884, 57.66952653681203, 46.975066383260355, 55.51584623594928, 55.72468189642789, 53.25674386585357, 55.112568111757014, 51.31676419552842, 71.19088972651514, 56.881878891388645, 38.229661264304895, 63.65633528324267, 54.186743485499925, 72.91094452308084, 77.94428832833962, 53.44181511563536, 58.950329423010615, 63.575970044628946, 46.43794911900956, 47.16, 53.0, 55.58, 47.58, 44.83, 48.55, 51.24, 43.93, 42.95, 43.0, 44.57, 52.44, 53.65, 48.28, 49.01, 53.55, 54.17], "labels": [0, 0, 0, 0, 0, 0, 0, 0, 0, 0, 0, 0, 0, 0, 0, 0, 0, 0, 0, 0, 0, 0, 0, 0, 0, 0, 0, 0, 0, 0, 0, 0, 0, 0, 0, 0, 0, 0, 0, 0, 0, 0, 0, 0, 0, 0, 0, 0, 0, 0, 0, 0, 0, 0, 0, 0, 0, 0, 0, 0, 0, 0, 0, 1, 1, 1, 1, 1, 1, 1, 1, 1, 1, 1, 1, 1, 1, 1, 1, 1, 1, 1, 1, 0, 0, 0, 0, 0, 0, 0, 0, 0, 0, 0, 0, 0, 0, 0, 0, 0], "is_anomalous": true, "anomaly_type": "variance_change", "anomaly_positions": [63, 64, 65, 66, 67, 68, 69, 70, 71, 72, 73, 74, 75, 76, 77, 78, 79, 80, 81, 82], "length": 100}