{"id": "anomalous_000520", "series": [46.2, 46.0, 48.22, 49.74, 48.32, 47.33, 51.51, 50.65, 49.75, 51.69, 51.29, 50.04, 44.89, 46.9, 41.28, 45.45, 41.61, 41.52, 38.61, 41.5, 40.59, 43.72, 45.44, 47.09, 45.95, 49.85, 50.51, 47.89, 50.84, 53.2, 48.81, 53.16, 51.82, 49.5, 47.69, 46.87, 47.98, 47.43, 45.18, 44.34, 41.97, 41.95, 41.17, 40.15, 40.22, 43.7, 44.63, 43.1, 47.71, 51.11, 52.24, 46.33, 53.42, 53.46, 50.04, 51.7, 50.2, 47.51, 47.08, 47.04, 45.68, 46.63, 43.19, 42.36, 43.83, 43.46, 42.31, 42.41605979712976, 47.35132218711762, 44.49845508719306, 48.298509056666646, 49.34696477894671, 53.594974432817764, 51.28186024171839, 55.496215706640555, 58.793301726006966, 57.896913800300894, 58.018939015480484, 64.23169826804076, 65.7631367509809, 59.44347912197479, 61.460059995258206, 68.655379062268, 62.20899029141129, 72.21955632980726, 66.60392595365109, 63.490703626544985, 55.877155014970526, 66.96362696965909, 64.39431723567483, 66.90772515309916, 59.42740313136677, 56.94698451987469, 60.750284284446835, 74.67443017379424, 70.92724833693723, 84.54681653481086, 68.31407090937853, 96.65536470460754, 79.5330352934821], "labels": [0, 0, 0, 0, 0, 0, 0, 0, 0, 0, 0, 0, 0, 0, 0, 0, 0, 0, 0, 0, 0, 0, 0, 0, 0, 0, 0, 0, 0, 0, 0, 0, 0, 0, 0, 0, 0, 0, 0, 0, 0, 0, 0, 0, 0, 0, 0, 0, 0, 0, 0, 0, 0, 0, 0, 0, 0, 0, 0, 0, 0, 0, 0, 0, 0, 0, 1, 1, 1, 1, 1, 1, 1, 1, 1, 1, 1, 1, 1, 1, 1, 1, 1, 1, 1, 1, 1, 1, 1, 1, 1, 1, 1, 1, 1, 1, 1, 1, 1, 1], "is_anomalous": true, "anomaly_type": "trend_change", "anomaly_positions": [66, 67, 68, 69, 70, 71, 72, 73, 74, 75, 76, 77, 78, 79, 80, 81, 82, 83, 84, 85, 86, 87, 88, 89, 90, 91, 92, 93, 94, 95, 96, 97, 98, 99], "length": 100}