{"id": "anomalous_000137", "series": [54.85, 56.72, 56.22, 56.88, 59.47, 60.74, 59.51, 60.65, 59.39, 59.74, 58.09, 56.15, 55.85, 52.6, 49.23, 48.48, 49.66, 52.03, 50.67, 49.08, 52.08, 50.37, 55.11, 52.34, 54.89, 54.78, 57.01, 58.67, 63.77, 60.5, 60.87, 60.91, 60.54, 61.39, 58.96, 58.84, 56.87, 53.4, 47.6, 51.12, 51.11, 49.45, 51.55, 49.47, 50.49, 51.61, 52.83, 55.28, 53.09, 56.08, 56.25, 80.69319052440821, 83.82319052440822, 81.92319052440821, 80.41319052440821, 84.75319052440821, 79.44319052440821, 82.67319052440821, 80.06319052440821, 77.60319052440822, 77.93319052440822, 53.27, 55.0, 54.84, 50.82, 52.38, 51.82, 47.99, 52.56, 50.55, 55.05, 53.41, 54.32, 55.82, 57.5, 59.42, 60.63, 60.45, 60.65, 65.17, 58.08, 56.94, 57.96, 57.62, 57.45, 54.45, 53.63, 50.81, 53.16, 51.41, 50.72, 52.28, 50.75, 53.05, 56.42, 54.22, 57.26, 55.83, 58.6, 60.77], "labels": [0, 0, 0, 0, 0, 0, 0, 0, 0, 0, 0, 0, 0, 0, 0, 0, 0, 0, 0, 0, 0, 0, 0, 0, 0, 0, 0, 0, 0, 0, 0, 0, 0, 0, 0, 0, 0, 0, 0, 0, 0, 0, 0, 0, 0, 0, 0, 0, 0, 0, 0, 1, 1, 1, 1, 1, 1, 1, 1, 1, 1, 0, 0, 0, 0, 0, 0, 0, 0, 0, 0, 0, 0, 0, 0, 0, 0, 0, 0, 0, 0, 0, 0, 0, 0, 0, 0, 0, 0, 0, 0, 0, 0, 0, 0, 0, 0, 0, 0, 0], "is_anomalous": true, "anomaly_type": "shift", "anomaly_positions": [51, 52, 53, 54, 55, 56, 57, 58, 59, 60], "length": 100}