{"id": "anomalous_000782", "series": [54.77, 55.63, 57.02, 56.48, 59.38, 58.24, 61.45, 58.92, 58.36, 56.94, 56.86, 56.11, 55.77, 51.96, 50.29, 50.61, 51.83, 47.9, 50.21, 49.92, 48.9, 50.13, 51.56, 52.47, 53.69, 56.01, 56.09, 58.69, 59.38, 59.28, 60.02, 60.58, 57.56, 56.87, 56.78, 54.82, 55.43, 54.06, 53.93, 50.51, 49.81, 48.96, 50.61, 50.1, 50.25, 51.76, 50.24, 53.01, 54.27, 58.8, 57.14, 58.51, 60.36, 60.11, 61.79, 60.69, 57.38, 59.23, 58.95, 56.59, 94.96078060397213, 90.77078060397213, 91.26078060397214, 90.13078060397213, 88.35078060397213, 86.25078060397212, 89.31078060397212, 88.83078060397213, 91.14078060397213, 90.57078060397212, 54.48, 55.18, 55.95, 60.3, 57.05, 58.31, 59.97, 60.76, 62.54, 61.94, 60.02, 60.5, 58.11, 56.78, 55.45, 54.47, 55.34, 52.39, 52.09, 52.35, 51.55, 51.23, 53.11, 54.13, 53.43, 56.05, 57.19, 59.06, 58.83, 59.84], "labels": [0, 0, 0, 0, 0, 0, 0, 0, 0, 0, 0, 0, 0, 0, 0, 0, 0, 0, 0, 0, 0, 0, 0, 0, 0, 0, 0, 0, 0, 0, 0, 0, 0, 0, 0, 0, 0, 0, 0, 0, 0, 0, 0, 0, 0, 0, 0, 0, 0, 0, 0, 0, 0, 0, 0, 0, 0, 0, 0, 0, 1, 1, 1, 1, 1, 1, 1, 1, 1, 1, 0, 0, 0, 0, 0, 0, 0, 0, 0, 0, 0, 0, 0, 0, 0, 0, 0, 0, 0, 0, 0, 0, 0, 0, 0, 0, 0, 0, 0, 0], "is_anomalous": true, "anomaly_type": "shift", "anomaly_positions": [60, 61, 62, 63, 64, 65, 66, 67, 68, 69], "length": 100}