{"id": "anomalous_000595", "series": [51.87, 54.53, 59.15, 57.06, 60.36, 57.76, 54.65, 58.47, 58.88, 58.15, 55.67, 57.71, 51.04, 52.55, 55.22, 43.33, 51.22, 40.66, 50.07, 47.72, 51.39, 50.55, 48.3, 52.41, 54.39, 51.87, 56.06, 56.87, 61.69, 61.9, 58.29, 57.39, 59.53, 58.25, 58.75, 52.99, 55.01, 56.33, 49.46, 45.95, 52.76, 47.13, 47.13, 48.73, 49.14, 15.452179246817174, 17.342179246817174, 12.522179246817174, 13.08217924681717, 16.11217924681717, 22.632179246817174, 24.802179246817175, 17.162179246817175, 23.86217924681717, 27.372179246817176, 56.04, 51.65, 53.33, 53.9, 52.65, 46.96, 50.7, 45.96, 43.72, 45.58, 43.57, 41.13, 51.02, 45.36, 42.48, 49.38, 44.55, 52.25, 44.71, 54.4, 55.68, 52.68, 48.1, 57.22, 54.08, 59.01, 54.51, 51.96, 55.23, 52.16, 51.2, 46.86, 44.36, 43.81, 43.91, 45.38, 47.18, 42.71, 47.42, 51.5, 47.9, 47.35, 44.81, 57.17, 56.4], "labels": [0, 0, 0, 0, 0, 0, 0, 0, 0, 0, 0, 0, 0, 0, 0, 0, 0, 0, 0, 0, 0, 0, 0, 0, 0, 0, 0, 0, 0, 0, 0, 0, 0, 0, 0, 0, 0, 0, 0, 0, 0, 0, 0, 0, 0, 1, 1, 1, 1, 1, 1, 1, 1, 1, 1, 0, 0, 0, 0, 0, 0, 0, 0, 0, 0, 0, 0, 0, 0, 0, 0, 0, 0, 0, 0, 0, 0, 0, 0, 0, 0, 0, 0, 0, 0, 0, 0, 0, 0, 0, 0, 0, 0, 0, 0, 0, 0, 0, 0, 0], "is_anomalous": true, "anomaly_type": "shift", "anomaly_positions": [45, 46, 47, 48, 49, 50, 51, 52, 53, 54], "length": 100}