{"id": "anomalous_000178", "series": [49.88, 43.05, 48.78, 51.9, 51.71, 52.5, 51.81, 51.9, 49.58, 50.95, 49.48, 47.22, 45.25, 44.29, 44.56, 42.44, 43.52, 40.87, 38.85, 36.35, 38.14, 43.43, 44.38, 46.64, 43.26, 46.52, 45.45, 50.47, 49.81, 47.95, 49.76, 50.1, 50.5, 51.0, 51.69, 47.29, 47.39, 44.02, 42.21, 42.11, 43.09, 37.96, 37.45, 39.21, 45.26, 38.66, 43.65, 43.64, 47.24, 45.43, 46.99, 46.91, 51.0, 54.21, 53.94, 54.22, 49.63, 51.55, 50.75, 47.78, 41.93, 42.59, 44.15, 45.74, 42.03, 40.82, 40.35, 73.36919651283068, 71.18919651283068, 74.41919651283067, 75.92919651283067, 74.65919651283068, 76.16919651283067, 81.55919651283068, 79.42919651283067, 80.45919651283067, 78.90919651283068, 49.41, 48.53, 50.56, 47.56, 49.93, 49.35, 45.45, 44.44, 46.66, 46.09, 41.71, 40.61, 40.39, 37.56, 42.02, 42.33, 39.1, 43.61, 43.77, 46.56, 47.1, 49.15, 50.05], "labels": [0, 0, 0, 0, 0, 0, 0, 0, 0, 0, 0, 0, 0, 0, 0, 0, 0, 0, 0, 0, 0, 0, 0, 0, 0, 0, 0, 0, 0, 0, 0, 0, 0, 0, 0, 0, 0, 0, 0, 0, 0, 0, 0, 0, 0, 0, 0, 0, 0, 0, 0, 0, 0, 0, 0, 0, 0, 0, 0, 0, 0, 0, 0, 0, 0, 0, 0, 1, 1, 1, 1, 1, 1, 1, 1, 1, 1, 0, 0, 0, 0, 0, 0, 0, 0, 0, 0, 0, 0, 0, 0, 0, 0, 0, 0, 0, 0, 0, 0, 0], "is_anomalous": true, "anomaly_type": "shift", "anomaly_positions": [67, 68, 69, 70, 71, 72, 73, 74, 75, 76], "length": 100}