{"id": "anomalous_000156", "series": [56.6, 56.34, 59.88, 57.18, 60.8, 62.52, 64.03, 65.09, 60.59, 64.73, 53.69, 50.53, 55.06, 51.72, 57.05, 50.31, 48.28, 48.45, 48.54, 49.85, 45.54, 51.86, 58.86, 52.84, 55.71, 55.75, 60.13, 55.48, 59.75, 60.11, 62.34, 61.77, 58.7, 61.42, 60.37, 58.67, 55.11, 52.72, 56.0, 50.62, 51.62, 49.78, 52.5, 55.35, 50.62, 51.55, 57.22, 63.66, 53.91, 57.69, 54.51, 59.83, 64.49, 63.11, 64.77, 60.83, 62.09, 65.28, 62.09, 56.53, 54.21, 48.48, 54.79, 23.97737703941349, 23.007377039413484, 18.147377039413485, 20.167377039413488, 24.437377039413484, 23.37737703941349, 20.367377039413483, 25.577377039413484, 21.33737703941349, 26.287377039413485, 58.64, 59.92, 63.26, 60.61, 58.98, 59.55, 60.53, 61.44, 68.65, 58.78, 53.78, 60.05, 54.84, 52.53, 53.53, 51.61, 51.84, 50.71, 49.82, 50.95, 53.67, 56.18, 60.76, 60.15, 65.71, 62.15, 56.02], "labels": [0, 0, 0, 0, 0, 0, 0, 0, 0, 0, 0, 0, 0, 0, 0, 0, 0, 0, 0, 0, 0, 0, 0, 0, 0, 0, 0, 0, 0, 0, 0, 0, 0, 0, 0, 0, 0, 0, 0, 0, 0, 0, 0, 0, 0, 0, 0, 0, 0, 0, 0, 0, 0, 0, 0, 0, 0, 0, 0, 0, 0, 0, 0, 1, 1, 1, 1, 1, 1, 1, 1, 1, 1, 0, 0, 0, 0, 0, 0, 0, 0, 0, 0, 0, 0, 0, 0, 0, 0, 0, 0, 0, 0, 0, 0, 0, 0, 0, 0, 0], "is_anomalous": true, "anomaly_type": "shift", "anomaly_positions": [63, 64, 65, 66, 67, 68, 69, 70, 71, 72], "length": 100}