{"id": "anomalous_000417", "series": [51.83, 54.74, 55.1, 57.2, 56.53, 58.2, 58.66, 56.33, 52.28, 54.15, 55.85, 54.1, 53.28, 52.66, 50.73, 48.83, 49.96, 45.9, 46.11, 44.86, 47.99, 51.68, 46.17, 51.54, 50.94, 56.61, 56.34, 53.07, 56.17, 56.6, 55.3, 54.59, 54.86, 33.06832124730437, 36.72360981721849, 44.906893963118755, 44.49900030299113, 53.2677417890618, 67.91632419038172, 47.71717285818756, 38.308359187415306, 26.875636022468335, 53.65265889574127, 30.806769703797492, 21.982633356289508, 37.01557228007358, 50.88860869909418, 28.791468490029896, 44.183268113364804, 76.583320237528, 37.31591143898254, 53.58634931539551, 47.814203362249536, 58.2, 56.1, 57.87, 51.82, 53.79, 50.37, 51.44, 52.8, 48.43, 45.95, 43.02, 45.28, 44.53, 43.31, 44.44, 45.2, 46.37, 49.13, 51.82, 47.14, 50.78, 49.1, 54.23, 54.49, 55.85, 57.67, 51.17, 56.46, 49.84, 54.23, 52.96, 48.92, 49.77, 44.98, 47.57, 46.56, 44.18, 43.72, 44.17, 42.32, 46.15, 46.96, 47.95, 51.6, 50.3, 53.71, 49.84], "labels": [0, 0, 0, 0, 0, 0, 0, 0, 0, 0, 0, 0, 0, 0, 0, 0, 0, 0, 0, 0, 0, 0, 0, 0, 0, 0, 0, 0, 0, 0, 0, 0, 0, 1, 1, 1, 1, 1, 1, 1, 1, 1, 1, 1, 1, 1, 1, 1, 1, 1, 1, 1, 1, 0, 0, 0, 0, 0, 0, 0, 0, 0, 0, 0, 0, 0, 0, 0, 0, 0, 0, 0, 0, 0, 0, 0, 0, 0, 0, 0, 0, 0, 0, 0, 0, 0, 0, 0, 0, 0, 0, 0, 0, 0, 0, 0, 0, 0, 0, 0], "is_anomalous": true, "anomaly_type": "variance_change", "anomaly_positions": [33, 34, 35, 36, 37, 38, 39, 40, 41, 42, 43, 44, 45, 46, 47, 48, 49, 50, 51, 52], "length": 100}