{"id": "anomalous_000716", "series": [53.59, 47.99, 47.73, 51.52, 57.39, 52.16, 52.51, 51.01, 47.85, 51.32, 45.54, 43.97, 49.31, 47.52, 42.74, 52.02, 41.47, 42.81, 46.27, 39.1, 49.93, 46.46, 42.92, 44.84, 43.53, 52.08, 50.39, 54.64, 53.49, 52.22, 52.79, 55.88, 50.32, 51.68, 60.28, 55.75, 44.81, 48.35, 44.13, 46.59, 41.12, 42.44, 41.49, 47.31, 43.25, 45.49, 49.0, 47.05, 49.88, 48.77, 77.0671741355059, 74.00717413550589, 79.9971741355059, 81.69717413550589, 73.44717413550589, 78.6871741355059, 80.5871741355059, 82.3771741355059, 82.7471741355059, 85.6171741355059, 43.34, 46.4, 47.63, 52.1, 42.78, 44.13, 42.38, 40.84, 44.1, 45.28, 46.19, 47.3, 51.72, 47.78, 51.5, 58.38, 54.19, 51.47, 50.18, 57.29, 55.12, 50.51, 51.27, 47.69, 45.75, 50.24, 45.29, 48.12, 48.5, 43.72, 43.73, 46.5, 51.36, 48.19, 45.34, 51.82, 56.1, 52.33, 53.64, 53.34], "labels": [0, 0, 0, 0, 0, 0, 0, 0, 0, 0, 0, 0, 0, 0, 0, 0, 0, 0, 0, 0, 0, 0, 0, 0, 0, 0, 0, 0, 0, 0, 0, 0, 0, 0, 0, 0, 0, 0, 0, 0, 0, 0, 0, 0, 0, 0, 0, 0, 0, 0, 1, 1, 1, 1, 1, 1, 1, 1, 1, 1, 0, 0, 0, 0, 0, 0, 0, 0, 0, 0, 0, 0, 0, 0, 0, 0, 0, 0, 0, 0, 0, 0, 0, 0, 0, 0, 0, 0, 0, 0, 0, 0, 0, 0, 0, 0, 0, 0, 0, 0], "is_anomalous": true, "anomaly_type": "shift", "anomaly_positions": [50, 51, 52, 53, 54, 55, 56, 57, 58, 59], "length": 100}