{"id": "anomalous_000452", "series": [50.81, 54.67, 52.61, 50.58, 51.01, 53.25, 54.74, 55.33, 52.59, 54.25, 53.41, 54.4, 48.39, 46.89, 45.79, 52.75, 47.85, 45.03, 48.06, 38.33, 46.29, 45.33, 46.05, 50.66, 52.56, 54.46, 52.73, 55.55, 53.61, 54.41, 52.91, 55.11, 58.20962581941195, 55.39985343067703, 57.44418918885184, 54.31768167330925, 57.017156824497036, 56.009234543351695, 54.828613741358, 59.98216729820559, 59.61253117774222, 58.4025891685238, 52.78656426594508, 49.50997502976708, 59.19184070120055, 67.74296061190019, 63.373275644924746, 70.0232731037242, 60.05275315103063, 71.13368477918446, 79.85247645383787, 74.58149204640746, 83.93573724646387, 74.31051026053932, 69.01818053554209, 75.6032576176982, 88.96302507441398, 85.2951678681618, 75.18395765836237, 70.87224971139383, 91.53036688652398, 79.78795960206762, 68.09478903988655, 95.19681318348337, 81.63451309740398, 85.39565042877675, 84.67328352841807, 78.58346666254745, 90.3697387663066, 71.70230716160003, 86.95042700893507, 85.46375636429535, 99.28300031848838, 103.2479675291533, 115.88051359504485, 113.39818260064752, 115.6801600576492, 87.83936980464011, 118.22189093260644, 122.90638094612135, 90.27143802733858, 125.78072094064905, 92.38458294150945, 123.15809324019753, 108.48165025081857, 108.88865902955011, 108.09070449813888, 91.13029562796702, 93.56789504591642, 134.81944263079333, 119.54969258621571, 81.51112761744304, 81.76974361263865, 105.09181323379559, 112.15535262708451, 114.40661425411881, 142.09861573204614, 94.1494634208901, 137.82253245117744, 144.1226659160656], "labels": [0, 0, 0, 0, 0, 0, 0, 0, 0, 0, 0, 0, 0, 0, 0, 0, 0, 0, 0, 0, 0, 0, 0, 0, 0, 0, 0, 0, 0, 0, 0, 1, 1, 1, 1, 1, 1, 1, 1, 1, 1, 1, 1, 1, 1, 1, 1, 1, 1, 1, 1, 1, 1, 1, 1, 1, 1, 1, 1, 1, 1, 1, 1, 1, 1, 1, 1, 1, 1, 1, 1, 1, 1, 1, 1, 1, 1, 1, 1, 1, 1, 1, 1, 1, 1, 1, 1, 1, 1, 1, 1, 1, 1, 1, 1, 1, 1, 1, 1, 1], "is_anomalous": true, "anomaly_type": "trend_change", "anomaly_positions": [31, 32, 33, 34, 35, 36, 37, 38, 39, 40, 41, 42, 43, 44, 45, 46, 47, 48, 49, 50, 51, 52, 53, 54, 55, 56, 57, 58, 59, 60, 61, 62, 63, 64, 65, 66, 67, 68, 69, 70, 71, 72, 73, 74, 75, 76, 77, 78, 79, 80, 81, 82, 83, 84, 85, 86, 87, 88, 89, 90, 91, 92, 93, 94, 95, 96, 97, 98, 99], "length": 100}