{"id": "anomalous_000745", "series": [49.78, 53.67, 55.55, 57.35, 56.14, 57.31, 56.76, 57.45, 57.76, 55.2, 53.94, 54.11, 52.02, 51.0, 50.83, 49.36, 49.98, 46.04, 47.18, 46.72, 48.25, 49.6, 50.97, 51.39, 50.75, 53.21, 55.14, 54.94, 57.28, 55.32, 58.69, 56.49, 56.83, 57.39, 56.94, 53.16, 53.9, 51.81, 48.64, 49.25, 47.41, 48.15, 48.2, 49.12, 49.46, 49.4, 52.0, 52.46, 53.6, 89.13279491531614, 88.31279491531613, 91.13279491531614, 90.42279491531613, 90.67279491531613, 91.22279491531614, 90.81279491531613, 90.52279491531613, 90.73279491531613, 88.87279491531613, 55.32, 54.52, 52.85, 52.77, 48.65, 50.26, 46.94, 46.57, 48.12, 49.31, 48.15, 50.64, 52.0, 55.5, 56.38, 57.69, 57.67, 60.18, 58.75, 59.17, 60.84, 59.38, 57.03, 58.29, 56.88, 53.13, 53.13, 52.37, 52.55, 50.02, 49.43, 48.57, 49.93, 50.53, 51.2, 51.5, 54.4, 59.18, 54.49, 56.07, 56.25], "labels": [0, 0, 0, 0, 0, 0, 0, 0, 0, 0, 0, 0, 0, 0, 0, 0, 0, 0, 0, 0, 0, 0, 0, 0, 0, 0, 0, 0, 0, 0, 0, 0, 0, 0, 0, 0, 0, 0, 0, 0, 0, 0, 0, 0, 0, 0, 0, 0, 0, 1, 1, 1, 1, 1, 1, 1, 1, 1, 1, 0, 0, 0, 0, 0, 0, 0, 0, 0, 0, 0, 0, 0, 0, 0, 0, 0, 0, 0, 0, 0, 0, 0, 0, 0, 0, 0, 0, 0, 0, 0, 0, 0, 0, 0, 0, 0, 0, 0, 0, 0], "is_anomalous": true, "anomaly_type": "shift", "anomaly_positions": [49, 50, 51, 52, 53, 54, 55, 56, 57, 58], "length": 100}