{"id": "anomalous_000527", "series": [45.16, 45.71, 50.88, 48.4, 50.64, 51.19, 55.06, 54.58, 51.24, 46.39, 49.97, 46.28, 51.11, 44.64, 41.55, 39.11, 43.73, 40.49, 40.22, 39.53, 43.29, 44.82, 45.39, 43.04, 44.35, 42.46, 52.96, 49.58, 50.66, 50.24, 51.89, 45.41, 54.17, 6.009081233576296, 7.909081233576295, 8.0990812335763, 6.709081233576299, 5.629081233576294, 1.7890812335762973, 3.929081233576298, 6.3190812335762985, -0.010918766423706927, 4.799081233576295, 43.68, 37.42, 43.45, 41.25, 44.9, 46.31, 51.72, 48.19, 53.64, 54.94, 55.57, 48.82, 50.47, 51.54, 45.12, 49.62, 47.91, 43.84, 43.61, 39.55, 43.34, 39.17, 42.75, 41.24, 44.92, 45.23, 42.11, 45.64, 43.78, 48.18, 51.41, 45.65, 46.8, 48.93, 50.92, 46.89, 52.4, 51.67, 49.81, 49.87, 47.06, 44.26, 44.95, 41.13, 40.36, 39.96, 38.29, 41.95, 41.63, 43.5, 41.57, 42.11, 38.8, 40.29, 45.44, 47.86, 48.04], "labels": [0, 0, 0, 0, 0, 0, 0, 0, 0, 0, 0, 0, 0, 0, 0, 0, 0, 0, 0, 0, 0, 0, 0, 0, 0, 0, 0, 0, 0, 0, 0, 0, 0, 1, 1, 1, 1, 1, 1, 1, 1, 1, 1, 0, 0, 0, 0, 0, 0, 0, 0, 0, 0, 0, 0, 0, 0, 0, 0, 0, 0, 0, 0, 0, 0, 0, 0, 0, 0, 0, 0, 0, 0, 0, 0, 0, 0, 0, 0, 0, 0, 0, 0, 0, 0, 0, 0, 0, 0, 0, 0, 0, 0, 0, 0, 0, 0, 0, 0, 0], "is_anomalous": true, "anomaly_type": "shift", "anomaly_positions": [33, 34, 35, 36, 37, 38, 39, 40, 41, 42], "length": 100}