{"id": "anomalous_000246", "series": [48.53, 51.67, 52.03, 53.85, 52.76, 54.17, 51.79, 52.5, 53.06, 51.57, 51.38, 51.72, 47.26, 51.05, 47.63, 48.52, 42.23, 46.4, 42.92, 44.78, 43.5, 45.35, 49.2, 44.92, 47.12, 51.42, 52.04, 50.16, 55.34, 55.69, 53.86, 51.74, 52.27, 50.19, 51.49, 49.52, 51.81, 49.547742360577594, 44.161963377123904, 48.09323503994251, 47.40760027526716, 47.02839520422396, 45.685283759665055, 49.11638574198655, 49.58219569114367, 48.9718160225004, 58.77213231284261, 56.88383433432274, 58.958104308718774, 58.16273381372701, 70.59774786762532, 66.84519041895817, 65.59747579692848, 76.4008338121336, 64.88862096520424, 63.42957214068539, 72.00158231274622, 68.91832288476297, 68.83251085650963, 72.38282615921352, 80.21265259052804, 64.36133670288804, 77.31863243377632, 59.553956238170116, 77.91039452747097, 59.421181280847875, 79.35188010088585, 78.2520578927685, 61.11936048859726, 70.16480056416499, 77.29178003489812, 68.14335441195354, 82.15265113536893, 100.82573952014555, 99.79310861251214, 98.41134072645887, 103.80780949080096, 103.30415494901288, 73.05564941000723, 96.92102065145741, 80.83282064289962, 79.38396958266128, 80.67447279664528, 83.76620315913421, 79.08054311818503, 86.03995683640376, 98.63806008278249, 115.3042577652366, 89.49031824449337, 102.82976445059137, 115.69600628885158, 84.71352481774575, 114.42276279357733, 92.02499909098964, 78.29900676203232, 110.44989427488818, 95.33526018910709, 130.36555307702972, 112.40367658698334, 98.5612072530171], "labels": [0, 0, 0, 0, 0, 0, 0, 0, 0, 0, 0, 0, 0, 0, 0, 0, 0, 0, 0, 0, 0, 0, 0, 0, 0, 0, 0, 0, 0, 0, 0, 0, 0, 0, 0, 0, 1, 1, 1, 1, 1, 1, 1, 1, 1, 1, 1, 1, 1, 1, 1, 1, 1, 1, 1, 1, 1, 1, 1, 1, 1, 1, 1, 1, 1, 1, 1, 1, 1, 1, 1, 1, 1, 1, 1, 1, 1, 1, 1, 1, 1, 1, 1, 1, 1, 1, 1, 1, 1, 1, 1, 1, 1, 1, 1, 1, 1, 1, 1, 1], "is_anomalous": true, "anomaly_type": "trend_change", "anomaly_positions": [36, 37, 38, 39, 40, 41, 42, 43, 44, 45, 46, 47, 48, 49, 50, 51, 52, 53, 54, 55, 56, 57, 58, 59, 60, 61, 62, 63, 64, 65, 66, 67, 68, 69, 70, 71, 72, 73, 74, 75, 76, 77, 78, 79, 80, 81, 82, 83, 84, 85, 86, 87, 88, 89, 90, 91, 92, 93, 94, 95, 96, 97, 98, 99], "length": 100}