{"id": "anomalous_000253", "series": [47.85, 49.52, 51.92, 53.17, 52.06, 53.96, 57.26, 54.03, 54.8, 53.54, 47.46, 51.96, 45.54, 52.17, 48.09, 45.54, 43.21, 47.35, 46.86, 44.78, 42.99, 45.29, 40.69, 49.78, 45.56, 50.48, 55.37, 54.22, 51.26, 54.65, 57.1, 53.05, 52.31, 52.05, 47.24, 52.19, 51.94, 44.75, 47.8, 44.1, 40.1, 48.11, 42.08, 42.1, 45.39, 41.68, 46.38, 50.15, 45.97, 49.86, 51.25, 50.46, 54.53, 56.51, 54.19, 59.52, 53.2, 56.64, 52.62, 50.74, 50.0, 44.35, 46.87, 47.66, 42.61, 46.9604764102957, 38.86443743902391, 45.243830218093684, 34.38594090140673, 52.876379955204726, 48.86562631597145, 53.099113490183996, 54.549619036010974, 63.09143266885291, 35.452567601582764, 51.751659135736574, 43.27323118538328, 38.18128768328117, 66.03495801538695, 56.70985297936558, 34.69239788952406, 76.77641670947727, 58.86814896566097, 59.224074264631696, 68.24280227901274, 50.15, 49.34, 44.67, 38.88, 40.83, 43.21, 44.61, 46.93, 45.33, 44.05, 50.33, 51.63, 48.4, 51.34, 54.49], "labels": [0, 0, 0, 0, 0, 0, 0, 0, 0, 0, 0, 0, 0, 0, 0, 0, 0, 0, 0, 0, 0, 0, 0, 0, 0, 0, 0, 0, 0, 0, 0, 0, 0, 0, 0, 0, 0, 0, 0, 0, 0, 0, 0, 0, 0, 0, 0, 0, 0, 0, 0, 0, 0, 0, 0, 0, 0, 0, 0, 0, 0, 0, 0, 0, 0, 1, 1, 1, 1, 1, 1, 1, 1, 1, 1, 1, 1, 1, 1, 1, 1, 1, 1, 1, 1, 0, 0, 0, 0, 0, 0, 0, 0, 0, 0, 0, 0, 0, 0, 0], "is_anomalous": true, "anomaly_type": "variance_change", "anomaly_positions": [65, 66, 67, 68, 69, 70, 71, 72, 73, 74, 75, 76, 77, 78, 79, 80, 81, 82, 83, 84], "length": 100}