{"id": "anomalous_000504", "series": [45.7, 47.8, 47.67, 52.21, 51.65, 53.43, 51.86, 51.34, 53.82, 49.7, 50.12, 47.81, 49.1, 47.17, 47.73, 44.69, 42.73, 41.95, 41.42, 41.46, 42.28, 45.05, 47.09, 46.68, 49.05, 47.74, 51.26, 52.18, 52.31, 55.61, 52.21, 53.47, 54.33, 51.75, 52.07, 49.95, 47.22, 47.02, 47.79, 43.12, 44.75, 41.18, 45.74, 44.1, 45.14, 45.18, 44.66, 47.25, 49.71, 48.07, 51.63, 53.94, 53.58, 54.43, 53.66, 55.44, 55.19, 53.560265097319856, 53.732978397431886, 51.97178106336302, 52.16490776876251, 52.91245664071239, 54.08848619785684, 55.19759524453889, 51.41706218323239, 52.55883371482087, 50.837609897662524, 56.50711465488834, 59.04554258905445, 58.21561928832851, 56.63132099292844, 64.04954073694248, 64.69186674673723, 70.1682420573961, 70.7762060373224, 70.59614237268427, 66.35628167578298, 83.75601870337222, 68.09784321190291, 80.85846288426235, 84.32805894099897, 81.03890827404717, 80.56025536001977, 85.03034285320348, 75.77793114829763, 90.99224762377014, 66.2414971464325, 63.31070502646356, 81.55358853491367, 82.00368252886709, 84.86214376218763, 82.20027478308023, 68.36970127934084, 68.15486417844137, 68.69247001835775, 77.87894809620784, 95.89321125921381, 83.64401753000627, 116.7528172376123, 80.47683535666653], "labels": [0, 0, 0, 0, 0, 0, 0, 0, 0, 0, 0, 0, 0, 0, 0, 0, 0, 0, 0, 0, 0, 0, 0, 0, 0, 0, 0, 0, 0, 0, 0, 0, 0, 0, 0, 0, 0, 0, 0, 0, 0, 0, 0, 0, 0, 0, 0, 0, 0, 0, 0, 0, 0, 0, 0, 0, 1, 1, 1, 1, 1, 1, 1, 1, 1, 1, 1, 1, 1, 1, 1, 1, 1, 1, 1, 1, 1, 1, 1, 1, 1, 1, 1, 1, 1, 1, 1, 1, 1, 1, 1, 1, 1, 1, 1, 1, 1, 1, 1, 1], "is_anomalous": true, "anomaly_type": "trend_change", "anomaly_positions": [56, 57, 58, 59, 60, 61, 62, 63, 64, 65, 66, 67, 68, 69, 70, 71, 72, 73, 74, 75, 76, 77, 78, 79, 80, 81, 82, 83, 84, 85, 86, 87, 88, 89, 90, 91, 92, 93, 94, 95, 96, 97, 98, 99], "length": 100}