{"id": "anomalous_000752", "series": [51.22, 54.97, 55.1, 53.44, 56.72, 55.23, 58.05, 53.56, 57.21, 54.61, 57.12, 54.32, 53.08, 50.1, 49.95, 49.9, 45.91, 47.08, 47.34, 49.55, 49.33, 48.11, 49.09, 48.72, 55.16, 51.78, 52.73, 54.85, 55.83, 58.69, 59.43, 56.93, 51.87, 55.42, 54.17, 51.98, 51.36, 50.97, 51.88, 50.48, 48.69, 51.29, 44.59, 48.67, 49.26, 51.21, 50.26, 52.53, 57.01, 55.09, 55.52, 54.79, 56.6, 58.77, 52.49291115177423, 54.5132838180189, 66.44610255121916, 67.29630518826355, 45.81412370748553, 68.28766172493121, 54.01602976935307, 38.67022315947502, 43.52683088364641, 57.24270554876413, 26.98393643741188, 63.93609639596917, 48.31602039863198, 54.866047285838455, 60.19856309351853, 49.842320191074556, 34.10488786245979, 67.32911568266319, 61.33256758264426, 39.72503001286819, 55.63, 59.81, 62.82, 61.53, 59.59, 59.92, 61.16, 57.36, 55.09, 56.98, 55.27, 54.97, 54.0, 51.02, 48.86, 50.05, 49.05, 50.61, 50.22, 47.95, 50.37, 53.84, 55.75, 55.97, 59.05, 56.79], "labels": [0, 0, 0, 0, 0, 0, 0, 0, 0, 0, 0, 0, 0, 0, 0, 0, 0, 0, 0, 0, 0, 0, 0, 0, 0, 0, 0, 0, 0, 0, 0, 0, 0, 0, 0, 0, 0, 0, 0, 0, 0, 0, 0, 0, 0, 0, 0, 0, 0, 0, 0, 0, 0, 0, 1, 1, 1, 1, 1, 1, 1, 1, 1, 1, 1, 1, 1, 1, 1, 1, 1, 1, 1, 1, 0, 0, 0, 0, 0, 0, 0, 0, 0, 0, 0, 0, 0, 0, 0, 0, 0, 0, 0, 0, 0, 0, 0, 0, 0, 0], "is_anomalous": true, "anomaly_type": "variance_change", "anomaly_positions": [54, 55, 56, 57, 58, 59, 60, 61, 62, 63, 64, 65, 66, 67, 68, 69, 70, 71, 72, 73], "length": 100}