{"id": "anomalous_000702", "series": [47.25, 50.93, 45.9, 52.07, 53.99, 50.97, 51.77, 53.17, 48.4, 52.04, 48.68, 45.28, 48.31, 46.94, 42.96, 44.46, 43.46, 42.41, 43.31, 37.31, 44.01, 42.8, 44.86, 45.32, 47.06, 44.97, 48.54, 51.37, 49.24, 54.04, 49.51, 49.69, 51.89, 49.93, 47.31, 43.96, 48.29, 42.77, 39.47, 43.71, 40.39, 37.72, 41.53, 41.17, 45.28, 41.04, 44.42, 44.64, 42.89, 51.63, 50.63, 47.03, 82.27012054393768, 83.90012054393767, 84.20012054393769, 84.12012054393767, 83.23012054393769, 84.13012054393768, 85.98012054393769, 82.98012054393769, 78.12012054393767, 80.78012054393767, 39.06, 42.94, 38.87, 39.27, 41.38, 35.14, 45.09, 43.67, 42.32, 41.22, 45.07, 43.16, 44.4, 50.38, 50.86, 50.3, 50.89, 54.34, 46.93, 51.78, 46.39, 40.02, 43.78, 41.62, 41.51, 40.53, 40.83, 40.92, 39.41, 38.19, 41.33, 41.33, 43.45, 39.12, 41.62, 47.48, 46.06, 45.38], "labels": [0, 0, 0, 0, 0, 0, 0, 0, 0, 0, 0, 0, 0, 0, 0, 0, 0, 0, 0, 0, 0, 0, 0, 0, 0, 0, 0, 0, 0, 0, 0, 0, 0, 0, 0, 0, 0, 0, 0, 0, 0, 0, 0, 0, 0, 0, 0, 0, 0, 0, 0, 0, 1, 1, 1, 1, 1, 1, 1, 1, 1, 1, 0, 0, 0, 0, 0, 0, 0, 0, 0, 0, 0, 0, 0, 0, 0, 0, 0, 0, 0, 0, 0, 0, 0, 0, 0, 0, 0, 0, 0, 0, 0, 0, 0, 0, 0, 0, 0, 0], "is_anomalous": true, "anomaly_type": "shift", "anomaly_positions": [52, 53, 54, 55, 56, 57, 58, 59, 60, 61], "length": 100}