{"id": "anomalous_000587", "series": [45.31, 46.6, 49.86, 44.2, 52.55, 55.96, 51.32, 51.26, 48.85, 52.41, 46.58, 45.17, 44.25, 39.94, 44.93, 43.29, 37.31, 39.55, 36.5, 41.44, 43.45, 46.12, 42.99, 47.03, 47.22, 49.99, 43.86, 49.83, 49.3, 51.3, 55.8, 49.04, 54.65, 50.07, 43.93, 44.67, 48.32, 44.34, 42.65, 38.1, 42.99, 41.6, 37.74, 46.03, 41.95, 44.94, 45.3, 47.12598698204398, 50.07531175626863, 39.02096266982476, 50.35219497882071, 47.93934733264047, 29.109593784761316, 63.45845442826339, 43.20809846644529, 81.15874490748138, 58.790570036176234, 44.17411363467187, 44.2925387849765, 69.645846975385, 51.84933463261337, 46.30330733232709, 58.66204889237579, 71.3882122306656, 50.81284870867684, 45.130303944663645, 35.515785569862445, 42.66, 42.04, 47.96, 44.15, 46.63, 46.63, 50.89, 49.73, 51.74, 51.22, 51.0, 51.87, 55.51, 51.84, 55.12, 50.2, 53.7, 45.02, 43.87, 43.29, 48.74, 46.15, 43.26, 40.02, 40.75, 45.51, 40.71, 47.01, 49.92, 51.69, 49.07, 52.01, 51.01], "labels": [0, 0, 0, 0, 0, 0, 0, 0, 0, 0, 0, 0, 0, 0, 0, 0, 0, 0, 0, 0, 0, 0, 0, 0, 0, 0, 0, 0, 0, 0, 0, 0, 0, 0, 0, 0, 0, 0, 0, 0, 0, 0, 0, 0, 0, 0, 0, 1, 1, 1, 1, 1, 1, 1, 1, 1, 1, 1, 1, 1, 1, 1, 1, 1, 1, 1, 1, 0, 0, 0, 0, 0, 0, 0, 0, 0, 0, 0, 0, 0, 0, 0, 0, 0, 0, 0, 0, 0, 0, 0, 0, 0, 0, 0, 0, 0, 0, 0, 0, 0], "is_anomalous": true, "anomaly_type": "variance_change", "anomaly_positions": [47, 48, 49, 50, 51, 52, 53, 54, 55, 56, 57, 58, 59, 60, 61, 62, 63, 64, 65, 66], "length": 100}