{"id": "anomalous_000399", "series": [48.26, 49.04, 49.5, 53.18, 50.9, 51.14, 50.84, 49.47, 54.24, 55.97, 46.44, 46.55, 47.2, 47.31, 45.15, 43.37, 43.04, 43.92, 43.72, 47.25, 40.58, 45.4, 42.72, 48.79, 48.61, 47.71, 47.89, 47.47, 50.66, 56.15, 49.44, 54.42, 54.42, 48.24, 49.55, 51.74, 31.926194697881623, 50.80439085413728, 72.22828959238164, 24.56096437265476, 44.45312647596479, 47.228831424935585, 39.86710322148744, 61.733067536394856, 42.35083728637536, 59.56693856998446, 49.6477766694883, 18.723618359888142, 55.34415891352439, 48.93610131210941, 76.97394877128316, 73.30924449206296, 51.97527852347232, 67.02904437356307, 97.07247595095964, 82.53793468463448, 50.87, 51.2, 48.66, 49.26, 47.01, 48.44, 46.54, 48.49, 46.77, 45.25, 45.74, 45.57, 45.48, 49.79, 48.34, 50.88, 52.1, 50.43, 54.33, 57.54, 61.2, 54.44, 48.02, 55.82, 53.91, 53.26, 54.24, 49.23, 56.11, 53.63, 48.12, 45.27, 44.52, 45.67, 48.11, 43.43, 46.43, 45.53, 45.28, 48.68, 53.63, 54.01, 53.83, 53.03], "labels": [0, 0, 0, 0, 0, 0, 0, 0, 0, 0, 0, 0, 0, 0, 0, 0, 0, 0, 0, 0, 0, 0, 0, 0, 0, 0, 0, 0, 0, 0, 0, 0, 0, 0, 0, 0, 1, 1, 1, 1, 1, 1, 1, 1, 1, 1, 1, 1, 1, 1, 1, 1, 1, 1, 1, 1, 0, 0, 0, 0, 0, 0, 0, 0, 0, 0, 0, 0, 0, 0, 0, 0, 0, 0, 0, 0, 0, 0, 0, 0, 0, 0, 0, 0, 0, 0, 0, 0, 0, 0, 0, 0, 0, 0, 0, 0, 0, 0, 0, 0], "is_anomalous": true, "anomaly_type": "variance_change", "anomaly_positions": [36, 37, 38, 39, 40, 41, 42, 43, 44, 45, 46, 47, 48, 49, 50, 51, 52, 53, 54, 55], "length": 100}