{"id": "anomalous_000717", "series": [48.94, 48.42, 49.29, 56.09, 49.16, 52.43, 57.16, 51.64, 48.23, 56.85, 47.36, 49.69, 44.62, 48.6, 44.67, 44.01, 40.03, 39.72, 44.0, 39.88, 41.36, 45.17, 45.87, 43.39, 44.57, 54.72, 52.5, 52.21, 49.57, 51.84, 47.92, 51.43, 47.77, 48.53, 52.91, 50.23, 44.76, 46.84, 46.7, 53.09, 42.42, 36.06, 35.24, 43.73, 43.89, 41.27, 41.88, 43.15, 46.77, 47.43, 43.41, 47.43, 51.72, 53.28, 50.03, 44.24, 52.8, 48.31, 54.98, 53.25, 45.44, 40.96, 44.75, 43.16, 78.68484327249973, 84.44484327249974, 76.71484327249973, 74.81484327249974, 77.20484327249974, 78.77484327249974, 77.13484327249974, 81.19484327249974, 83.02484327249974, 78.45484327249974, 47.93, 43.56, 48.06, 46.24, 51.12, 48.05, 50.93, 47.93, 48.18, 46.1, 50.06, 44.91, 44.97, 41.27, 38.66, 36.8, 41.12, 38.73, 40.72, 44.14, 44.47, 48.52, 49.04, 50.71, 47.93, 50.42], "labels": [0, 0, 0, 0, 0, 0, 0, 0, 0, 0, 0, 0, 0, 0, 0, 0, 0, 0, 0, 0, 0, 0, 0, 0, 0, 0, 0, 0, 0, 0, 0, 0, 0, 0, 0, 0, 0, 0, 0, 0, 0, 0, 0, 0, 0, 0, 0, 0, 0, 0, 0, 0, 0, 0, 0, 0, 0, 0, 0, 0, 0, 0, 0, 0, 1, 1, 1, 1, 1, 1, 1, 1, 1, 1, 0, 0, 0, 0, 0, 0, 0, 0, 0, 0, 0, 0, 0, 0, 0, 0, 0, 0, 0, 0, 0, 0, 0, 0, 0, 0], "is_anomalous": true, "anomaly_type": "shift", "anomaly_positions": [64, 65, 66, 67, 68, 69, 70, 71, 72, 73], "length": 100}