{"id": "anomalous_000697", "series": [48.82, 51.37, 50.4, 52.09, 53.36, 55.43, 56.71, 52.42, 55.42, 51.65, 50.47, 50.27, 49.19, 50.61, 46.04, 44.44, 44.09, 43.15, 44.14, 44.9, 46.65, 45.61, 47.0, 47.31, 50.21, 50.31, 49.65, 49.47, 52.44, 53.7, 52.71, 55.43, 54.93, 52.45, 49.63, 47.35, 49.82, 45.11, 47.72, 45.64, 44.11, 43.694651690766264, 54.42530279814132, 53.349255898170185, 32.15000262577788, 46.965107926861975, 47.67992718673522, 19.121702062912117, 57.78500181699954, 61.2257820403315, 59.12114965159317, 30.099147146616048, 90.56861063100794, 26.268702303951294, 61.12254062215756, 47.62437675748712, 76.37972574153603, 56.94228738688315, 48.767952428830036, 65.50968969806729, 64.35394966156935, 47.31, 47.95, 45.58, 41.77, 42.07, 42.41, 43.92, 44.27, 43.03, 43.92, 46.75, 47.16, 47.35, 51.59, 48.72, 49.19, 52.84, 51.92, 51.69, 51.23, 51.55, 49.59, 49.34, 48.55, 45.46, 43.65, 41.17, 43.15, 41.66, 40.13, 42.91, 42.94, 44.57, 46.15, 43.25, 48.36, 47.72, 50.09, 48.9], "labels": [0, 0, 0, 0, 0, 0, 0, 0, 0, 0, 0, 0, 0, 0, 0, 0, 0, 0, 0, 0, 0, 0, 0, 0, 0, 0, 0, 0, 0, 0, 0, 0, 0, 0, 0, 0, 0, 0, 0, 0, 0, 1, 1, 1, 1, 1, 1, 1, 1, 1, 1, 1, 1, 1, 1, 1, 1, 1, 1, 1, 1, 0, 0, 0, 0, 0, 0, 0, 0, 0, 0, 0, 0, 0, 0, 0, 0, 0, 0, 0, 0, 0, 0, 0, 0, 0, 0, 0, 0, 0, 0, 0, 0, 0, 0, 0, 0, 0, 0, 0], "is_anomalous": true, "anomaly_type": "variance_change", "anomaly_positions": [41, 42, 43, 44, 45, 46, 47, 48, 49, 50, 51, 52, 53, 54, 55, 56, 57, 58, 59, 60], "length": 100}