{"id": "anomalous_000171", "series": [53.19, 56.81, 59.06, 55.43, 60.2, 59.37, 62.48, 57.9, 59.71, 58.19, 57.42, 55.06, 52.36, 48.12, 51.78, 49.41, 50.0, 51.74, 47.58, 49.88, 50.23, 55.36, 51.39, 49.91, 53.61, 54.75, 57.14, 58.63, 60.14, 60.56, 57.95, 60.65, 58.91, 57.36, 57.6, 56.51, 52.51, 50.25, 55.06, 48.59, 47.68, 49.6, 53.35, 53.31, 47.16, 49.33, 51.54, 53.18, 54.91, 55.33, 59.34, 54.55, 58.87, 60.73, 55.84, 58.384591796455624, 48.291980396017735, 96.7713462013447, 67.15860452763796, 62.3098219589329, 52.52516655563716, 46.860570124136295, 56.43640975968337, 69.20584742219496, 47.528648451292476, 39.10629268617633, 78.68128125435298, 52.53903496037931, 36.39121732076623, 57.86780378544936, 74.20141369462308, 46.238426951014226, 37.555158345637665, 48.6129056967383, 35.613921166011195, 60.09, 60.39, 62.09, 61.66, 62.56, 63.65, 60.61, 59.73, 55.64, 56.56, 54.57, 59.33, 54.63, 54.06, 50.69, 51.49, 52.17, 55.33, 52.8, 53.49, 56.63, 57.5, 59.61, 60.2, 65.38], "labels": [0, 0, 0, 0, 0, 0, 0, 0, 0, 0, 0, 0, 0, 0, 0, 0, 0, 0, 0, 0, 0, 0, 0, 0, 0, 0, 0, 0, 0, 0, 0, 0, 0, 0, 0, 0, 0, 0, 0, 0, 0, 0, 0, 0, 0, 0, 0, 0, 0, 0, 0, 0, 0, 0, 0, 1, 1, 1, 1, 1, 1, 1, 1, 1, 1, 1, 1, 1, 1, 1, 1, 1, 1, 1, 1, 0, 0, 0, 0, 0, 0, 0, 0, 0, 0, 0, 0, 0, 0, 0, 0, 0, 0, 0, 0, 0, 0, 0, 0, 0], "is_anomalous": true, "anomaly_type": "variance_change", "anomaly_positions": [55, 56, 57, 58, 59, 60, 61, 62, 63, 64, 65, 66, 67, 68, 69, 70, 71, 72, 73, 74], "length": 100}