{"id": "anomalous_000508", "series": [54.71, 46.49, 52.39, 56.23, 52.52, 54.14, 53.67, 55.9, 55.8, 50.68, 55.08, 51.52, 50.04, 46.29, 47.07, 43.76, 48.94, 49.59, 53.07, 46.1, 46.22, 43.05, 50.12, 46.91, 47.95, 52.36, 54.65, 57.51, 48.6, 52.06, 54.26, 54.0, 53.87, 51.21, 50.73, 53.8, 47.86, 48.0, 45.71, 46.9, 45.43, 44.3, 46.5, 46.63, 43.38, 46.72, 49.24, 47.39, 51.8, 54.94, 58.05, 53.36, 54.75, 81.06543019620241, 19.86097076415824, 61.513322835880324, 54.52844766402538, 41.46193798921482, 42.506943744241454, 59.70862130247446, 88.43173072799593, 30.29446667593839, 33.19939091755192, 40.789038635299256, 15.947419829407071, 45.505415969580696, 55.97306177910172, 35.017604730240926, 40.753556013741104, 52.79475433317761, 25.878088250885323, 36.81509225072834, 45.8779906817243, 47.5, 51.82, 56.33, 52.94, 53.36, 55.11, 54.71, 48.29, 53.65, 49.34, 51.34, 50.23, 47.24, 48.27, 46.67, 45.49, 42.57, 42.95, 46.65, 46.91, 45.42, 46.79, 50.68, 47.83, 50.55, 52.55, 53.51], "labels": [0, 0, 0, 0, 0, 0, 0, 0, 0, 0, 0, 0, 0, 0, 0, 0, 0, 0, 0, 0, 0, 0, 0, 0, 0, 0, 0, 0, 0, 0, 0, 0, 0, 0, 0, 0, 0, 0, 0, 0, 0, 0, 0, 0, 0, 0, 0, 0, 0, 0, 0, 0, 0, 1, 1, 1, 1, 1, 1, 1, 1, 1, 1, 1, 1, 1, 1, 1, 1, 1, 1, 1, 1, 0, 0, 0, 0, 0, 0, 0, 0, 0, 0, 0, 0, 0, 0, 0, 0, 0, 0, 0, 0, 0, 0, 0, 0, 0, 0, 0], "is_anomalous": true, "anomaly_type": "variance_change", "anomaly_positions": [53, 54, 55, 56, 57, 58, 59, 60, 61, 62, 63, 64, 65, 66, 67, 68, 69, 70, 71, 72], "length": 100}