{"id": "anomalous_000340", "series": [52.94, 54.77, 54.62, 57.9, 57.55, 59.34, 58.05, 57.97, 54.8, 61.51, 53.08, 53.34, 53.78, 50.17, 47.45, 48.07, 44.7, 47.49, 45.42, 47.29, 45.75, 45.48, 49.48, 50.72, 51.39, 53.53, 54.18, 54.8, 56.13, 55.49, 57.11, 56.59, 57.17, 55.91, 53.65, 52.59, 51.56, 48.63, 50.5, 50.58, 48.24, 47.43, 44.57, 47.24, 48.37, 49.55, 49.25, 48.26, 53.15, 49.58, 55.94, 58.03, 54.15, 56.31, 56.62, 55.55, 57.4, 53.96, 65.11093536997383, 63.925067294646496, 59.192588209673524, 52.238149551944204, 55.85589194181732, 41.90075141520231, 61.23035067466215, 29.85757397876353, 60.36299801190219, 44.70556654729908, 73.24597491377163, 53.030731567784436, 38.47652940431787, 53.22908150742405, 57.26097791219104, 53.48564909918813, 56.8350852339809, 67.8927851786843, 42.97108691928296, 17.950143198788844, 54.75, 56.33, 54.77, 54.37, 52.66, 54.44, 53.19, 49.72, 47.42, 47.78, 47.1, 45.36, 48.69, 46.06, 44.04, 47.07, 51.42, 49.11, 50.63, 49.68, 52.65, 53.18], "labels": [0, 0, 0, 0, 0, 0, 0, 0, 0, 0, 0, 0, 0, 0, 0, 0, 0, 0, 0, 0, 0, 0, 0, 0, 0, 0, 0, 0, 0, 0, 0, 0, 0, 0, 0, 0, 0, 0, 0, 0, 0, 0, 0, 0, 0, 0, 0, 0, 0, 0, 0, 0, 0, 0, 0, 0, 0, 0, 1, 1, 1, 1, 1, 1, 1, 1, 1, 1, 1, 1, 1, 1, 1, 1, 1, 1, 1, 1, 0, 0, 0, 0, 0, 0, 0, 0, 0, 0, 0, 0, 0, 0, 0, 0, 0, 0, 0, 0, 0, 0], "is_anomalous": true, "anomaly_type": "variance_change", "anomaly_positions": [58, 59, 60, 61, 62, 63, 64, 65, 66, 67, 68, 69, 70, 71, 72, 73, 74, 75, 76, 77], "length": 100}