{"id": "anomalous_000611", "series": [45.33, 47.75, 51.25, 49.88, 50.48, 49.9, 47.77, 52.54, 49.04, 49.59, 48.06, 46.37, 46.68, 43.41, 41.56, 43.8, 42.15, 38.81, 41.79, 40.15, 42.72, 45.29, 43.08, 46.93, 46.43, 44.13, 46.24, 47.15, 49.37, 52.18, 50.19, 55.79, 53.18, 50.54, 48.35, 49.12, 47.9, 47.32, 45.08, 41.09, 45.37, 43.54, 41.69, 43.68, 40.71, 43.26, 43.8, 47.19, 44.73, 47.0, 51.42, 53.32, 51.15, 52.35, 48.82, 51.57, 49.72, 48.94, 49.3, 48.68, 47.57, 43.95, 46.35, 7.336910062348899, 7.0469100623489, 3.816910062348896, 6.096910062348897, 4.846910062348897, 3.7069100623488964, 3.9269100623488953, 5.856910062348895, 9.576910062348894, 8.326910062348894, 51.4, 51.09, 53.19, 52.35, 51.52, 57.08, 53.53, 52.96, 53.73, 48.94, 50.39, 47.13, 48.78, 46.44, 44.34, 45.62, 44.29, 45.73, 44.53, 43.47, 45.29, 46.31, 48.36, 49.35, 53.32, 52.17, 52.14], "labels": [0, 0, 0, 0, 0, 0, 0, 0, 0, 0, 0, 0, 0, 0, 0, 0, 0, 0, 0, 0, 0, 0, 0, 0, 0, 0, 0, 0, 0, 0, 0, 0, 0, 0, 0, 0, 0, 0, 0, 0, 0, 0, 0, 0, 0, 0, 0, 0, 0, 0, 0, 0, 0, 0, 0, 0, 0, 0, 0, 0, 0, 0, 0, 1, 1, 1, 1, 1, 1, 1, 1, 1, 1, 0, 0, 0, 0, 0, 0, 0, 0, 0, 0, 0, 0, 0, 0, 0, 0, 0, 0, 0, 0, 0, 0, 0, 0, 0, 0, 0], "is_anomalous": true, "anomaly_type": "shift", "anomaly_positions": [63, 64, 65, 66, 67, 68, 69, 70, 71, 72], "length": 100}