{"id": "anomalous_000478", "series": [50.32, 50.63, 50.12, 53.95, 49.17, 54.41, 54.6, 53.19, 51.16, 50.16, 49.31, 52.68, 48.23, 43.44, 45.68, 43.91, 47.56, 44.7, 41.35, 43.87, 42.01, 45.8, 46.62, 48.85, 49.55, 52.67, 48.64, 55.92, 51.9, 57.47, 46.53, 50.61, 56.22, 50.82, 50.85, 54.48, 50.06, 43.25, 49.22, 46.46, 43.22, 42.94, 43.24, 48.21, 45.06, 44.52, 51.0, 45.29, 50.87, 47.94, 49.81312188476642, 59.40748627196513, 60.65919827966121, 55.42350693580019, 66.73887218724902, 60.52846464257632, 58.82707410666683, 62.07227936551087, 58.481803977614504, 64.85523331433916, 66.98239192768551, 55.03556621436119, 57.62641691117862, 54.80742223114564, 63.123184083229575, 54.291070309293964, 68.6331675706899, 55.37620996880605, 67.35425537519711, 59.75339706256635, 81.0071680013751, 72.77263642413557, 69.46277388139049, 80.32997115484092, 69.41237831548088, 78.6189273032447, 74.33885410250767, 85.79928884890134, 84.45262080192254, 101.84692856823887, 84.71174181456493, 86.7747268516219, 82.03360486614466, 73.27040912462404, 85.2479132621941, 63.80274240493479, 85.31799428505548, 70.06122677114186, 94.77316493291154, 83.82373559142351, 93.01103641329993, 100.49274919494084, 105.29000798233031, 90.07364238801196, 89.87718171673656, 106.05740892465374, 77.21315733089493, 75.58960894618053, 110.02900046001577, 103.30028269429127], "labels": [0, 0, 0, 0, 0, 0, 0, 0, 0, 0, 0, 0, 0, 0, 0, 0, 0, 0, 0, 0, 0, 0, 0, 0, 0, 0, 0, 0, 0, 0, 0, 0, 0, 0, 0, 0, 0, 0, 0, 0, 0, 0, 0, 0, 0, 0, 0, 0, 0, 1, 1, 1, 1, 1, 1, 1, 1, 1, 1, 1, 1, 1, 1, 1, 1, 1, 1, 1, 1, 1, 1, 1, 1, 1, 1, 1, 1, 1, 1, 1, 1, 1, 1, 1, 1, 1, 1, 1, 1, 1, 1, 1, 1, 1, 1, 1, 1, 1, 1, 1], "is_anomalous": true, "anomaly_type": "trend_change", "anomaly_positions": [49, 50, 51, 52, 53, 54, 55, 56, 57, 58, 59, 60, 61, 62, 63, 64, 65, 66, 67, 68, 69, 70, 71, 72, 73, 74, 75, 76, 77, 78, 79, 80, 81, 82, 83, 84, 85, 86, 87, 88, 89, 90, 91, 92, 93, 94, 95, 96, 97, 98, 99], "length": 100}