{"id": "anomalous_000342", "series": [42.05, 45.33, 47.31, 52.87, 49.33, 51.06, 50.2, 48.27, 48.09, 49.25, 50.79, 45.37, 45.88, 48.37, 43.83, 41.96, 40.17, 41.38, 43.14, 38.39, 42.33, 41.11, 47.46, 46.21, 47.85, 46.86, 48.49, 46.97, 45.72, 50.07, 50.79, 53.59, 50.59, 50.54, 46.83, 50.68, 46.03, 44.53, 42.5, 40.32, 40.95, 39.53, 44.13, 46.68, 40.12, 40.81, 44.96, 42.63, 46.45, 45.96, 47.35, 51.02, 49.43, 51.51, 52.1, 52.26, 54.94, 50.63, 46.95, 45.44, 80.30977482052147, 76.04977482052146, 76.16977482052147, 73.56977482052146, 74.52977482052147, 71.63977482052147, 70.85977482052147, 73.42977482052147, 71.70977482052146, 73.82977482052146, 44.92, 50.54, 47.75, 48.35, 50.48, 53.29, 50.62, 52.53, 51.5, 53.02, 50.42, 50.0, 51.12, 47.75, 48.55, 46.04, 47.82, 45.02, 40.72, 40.02, 39.53, 42.34, 46.86, 44.2, 46.36, 49.23, 48.46, 50.13, 51.63, 52.05], "labels": [0, 0, 0, 0, 0, 0, 0, 0, 0, 0, 0, 0, 0, 0, 0, 0, 0, 0, 0, 0, 0, 0, 0, 0, 0, 0, 0, 0, 0, 0, 0, 0, 0, 0, 0, 0, 0, 0, 0, 0, 0, 0, 0, 0, 0, 0, 0, 0, 0, 0, 0, 0, 0, 0, 0, 0, 0, 0, 0, 0, 1, 1, 1, 1, 1, 1, 1, 1, 1, 1, 0, 0, 0, 0, 0, 0, 0, 0, 0, 0, 0, 0, 0, 0, 0, 0, 0, 0, 0, 0, 0, 0, 0, 0, 0, 0, 0, 0, 0, 0], "is_anomalous": true, "anomaly_type": "shift", "anomaly_positions": [60, 61, 62, 63, 64, 65, 66, 67, 68, 69], "length": 100}