{"id": "anomalous_000358", "series": [58.01, 56.15, 54.5, 58.09, 56.89, 58.75, 59.48, 56.29, 56.43, 56.67, 56.14, 57.18, 56.96, 47.54, 51.61, 51.88, 48.99, 47.35, 48.71, 47.52, 48.03, 54.83, 54.57, 58.2, 54.42, 56.66, 55.39, 56.72, 60.24, 65.73, 58.1, 59.99, 59.53, 57.68, 57.1, 60.17, 55.2, 52.36, 51.98, 49.62, 51.55, 46.98, 48.38, 47.05, 47.79, 50.37, 51.0, 52.95, 58.44, 58.01, 56.82, 59.65, 56.82, 60.37, 60.09, 64.71, 61.23, 61.34, 61.58, 57.61, 53.1, 56.5, 52.83, 53.21, 65.79666976434783, 65.09966581758327, 42.476659237381035, 59.5625941601286, 57.15672392220884, 69.70735150440515, 39.09244216189498, 49.221631848022845, 69.41752856563662, 54.767936677474, 56.7889559592935, 80.4090778050365, 77.28875407677536, 66.40279149410874, 51.742626096371865, 56.37553027958962, 51.595105159113494, 76.3987999653459, 72.54045599162538, 56.20494035790923, 54.42, 58.33, 54.34, 52.56, 54.22, 52.27, 55.53, 53.25, 55.68, 54.54, 55.1, 56.85, 56.9, 61.03, 60.91, 65.13], "labels": [0, 0, 0, 0, 0, 0, 0, 0, 0, 0, 0, 0, 0, 0, 0, 0, 0, 0, 0, 0, 0, 0, 0, 0, 0, 0, 0, 0, 0, 0, 0, 0, 0, 0, 0, 0, 0, 0, 0, 0, 0, 0, 0, 0, 0, 0, 0, 0, 0, 0, 0, 0, 0, 0, 0, 0, 0, 0, 0, 0, 0, 0, 0, 0, 1, 1, 1, 1, 1, 1, 1, 1, 1, 1, 1, 1, 1, 1, 1, 1, 1, 1, 1, 1, 0, 0, 0, 0, 0, 0, 0, 0, 0, 0, 0, 0, 0, 0, 0, 0], "is_anomalous": true, "anomaly_type": "variance_change", "anomaly_positions": [64, 65, 66, 67, 68, 69, 70, 71, 72, 73, 74, 75, 76, 77, 78, 79, 80, 81, 82, 83], "length": 100}