{"id": "anomalous_000104", "series": [47.49, 48.28, 49.55, 51.95, 51.88, 48.8, 53.49, 52.73, 52.41, 47.84, 49.85, 50.35, 49.85, 46.03, 44.76, 43.46, 43.87, 41.25, 42.02, 44.36, 45.03, 44.26, 44.62, 45.29, 49.13, 49.39, 44.0, 54.34, 52.37, 52.83, 52.17, 51.48, 48.75, 50.88, 48.96, 48.28, 74.91262442406199, 76.76262442406198, 75.05262442406199, 73.672624424062, 75.28262442406199, 74.82262442406198, 74.182624424062, 73.07262442406198, 73.902624424062, 74.01262442406198, 46.9, 45.63, 48.97, 48.53, 48.51, 52.52, 52.44, 55.88, 53.92, 49.32, 53.77, 53.67, 53.1, 48.05, 48.95, 46.57, 45.58, 41.55, 40.01, 41.18, 45.91, 45.07, 39.52, 44.59, 50.15, 44.31, 50.79, 47.36, 51.7, 50.41, 50.19, 52.46, 51.88, 48.91, 53.3, 52.34, 51.46, 46.45, 45.33, 46.34, 43.56, 41.93, 45.27, 41.11, 42.65, 45.11, 42.16, 45.58, 46.28, 43.57, 47.42, 49.65, 50.93, 53.06], "labels": [0, 0, 0, 0, 0, 0, 0, 0, 0, 0, 0, 0, 0, 0, 0, 0, 0, 0, 0, 0, 0, 0, 0, 0, 0, 0, 0, 0, 0, 0, 0, 0, 0, 0, 0, 0, 1, 1, 1, 1, 1, 1, 1, 1, 1, 1, 0, 0, 0, 0, 0, 0, 0, 0, 0, 0, 0, 0, 0, 0, 0, 0, 0, 0, 0, 0, 0, 0, 0, 0, 0, 0, 0, 0, 0, 0, 0, 0, 0, 0, 0, 0, 0, 0, 0, 0, 0, 0, 0, 0, 0, 0, 0, 0, 0, 0, 0, 0, 0, 0], "is_anomalous": true, "anomaly_type": "shift", "anomaly_positions": [36, 37, 38, 39, 40, 41, 42, 43, 44, 45], "length": 100}