{"id": "anomalous_000070", "series": [49.4, 50.1, 50.53, 50.17, 52.11, 51.54, 50.95, 52.56, 52.22, 51.83, 51.01, 48.46, 47.34, 45.01, 46.2, 43.63, 44.34, 43.46, 41.79, 42.72, 42.03, 42.13, 42.98, 45.09, 45.13, 45.95, 48.55, 50.76, 51.62, 50.81, 52.09, 51.9, 51.54, 49.27, 50.68, 48.69, 46.28, 44.19, 43.33, 42.35, 41.4, 42.52, 42.35, 41.42, 41.05, 42.41, 45.7, 43.53, 44.1, 46.57, 48.71, 49.43, 52.33, 49.35, 51.19, 50.72, 50.84, 51.12, 49.38, 45.37, 45.01, 45.17, 42.73, 41.7149093320073, 42.052215241185, 41.71180874541404, 44.25331162196361, 46.11891244594405, 46.40323637800063, 47.92460305355174, 48.34366683238809, 49.68944353474043, 52.87310594595746, 59.56497050079369, 62.94224195915791, 61.080048462685745, 63.908922280062065, 72.76006137947248, 62.297490987124064, 66.609744251868, 61.59961342486499, 70.33865469659719, 59.433939578576, 67.01937260801515, 57.4247256847621, 73.00047460903659, 57.40987372091325, 59.82511897233448, 58.510635873196435, 77.5122874754824, 54.067054790650744, 73.91170212079639, 73.05718108937428, 74.88310488808436, 67.60521818886055, 73.60066527542683, 82.70188660424286, 72.00054485354278, 73.141625417448, 66.07955102638792], "labels": [0, 0, 0, 0, 0, 0, 0, 0, 0, 0, 0, 0, 0, 0, 0, 0, 0, 0, 0, 0, 0, 0, 0, 0, 0, 0, 0, 0, 0, 0, 0, 0, 0, 0, 0, 0, 0, 0, 0, 0, 0, 0, 0, 0, 0, 0, 0, 0, 0, 0, 0, 0, 0, 0, 0, 0, 0, 0, 0, 0, 0, 0, 1, 1, 1, 1, 1, 1, 1, 1, 1, 1, 1, 1, 1, 1, 1, 1, 1, 1, 1, 1, 1, 1, 1, 1, 1, 1, 1, 1, 1, 1, 1, 1, 1, 1, 1, 1, 1, 1], "is_anomalous": true, "anomaly_type": "trend_change", "anomaly_positions": [62, 63, 64, 65, 66, 67, 68, 69, 70, 71, 72, 73, 74, 75, 76, 77, 78, 79, 80, 81, 82, 83, 84, 85, 86, 87, 88, 89, 90, 91, 92, 93, 94, 95, 96, 97, 98, 99], "length": 100}