{"id": "anomalous_000279", "series": [51.48, 54.0, 57.34, 58.21, 55.7, 55.33, 56.55, 57.55, 57.18, 55.74, 53.92, 52.0, 53.27, 50.59, 48.53, 51.87, 47.8, 46.54, 47.39, 48.99, 47.85, 48.18, 49.48, 54.55, 49.41, 55.13, 56.34, 56.51, 60.38, 55.73, 57.2, 59.65, 58.83, 59.35, 54.8, 53.79, 56.29, 51.86, 47.59, 50.13, 48.62, 48.8, 48.83, 49.08, 48.65, 45.09, 49.23, 52.27, 56.05, 52.16, 55.33, 57.99, 57.86, 55.24, 55.63, 58.43, 54.13, 59.53, 54.0, 55.49, 52.49, 51.76, 53.69, 49.51, 51.85, 47.53, 50.64, 49.77, 50.34, 83.17484632737988, 84.34484632737988, 85.68484632737989, 87.86484632737988, 90.15484632737989, 88.29484632737987, 94.87484632737988, 91.53484632737988, 92.57484632737987, 90.11484632737988, 57.83, 59.0, 55.08, 58.77, 56.88, 55.79, 55.5, 52.56, 51.22, 48.5, 50.09, 50.77, 51.0, 49.18, 53.68, 51.05, 53.85, 55.16, 57.24, 55.89, 57.01], "labels": [0, 0, 0, 0, 0, 0, 0, 0, 0, 0, 0, 0, 0, 0, 0, 0, 0, 0, 0, 0, 0, 0, 0, 0, 0, 0, 0, 0, 0, 0, 0, 0, 0, 0, 0, 0, 0, 0, 0, 0, 0, 0, 0, 0, 0, 0, 0, 0, 0, 0, 0, 0, 0, 0, 0, 0, 0, 0, 0, 0, 0, 0, 0, 0, 0, 0, 0, 0, 0, 1, 1, 1, 1, 1, 1, 1, 1, 1, 1, 0, 0, 0, 0, 0, 0, 0, 0, 0, 0, 0, 0, 0, 0, 0, 0, 0, 0, 0, 0, 0], "is_anomalous": true, "anomaly_type": "shift", "anomaly_positions": [69, 70, 71, 72, 73, 74, 75, 76, 77, 78], "length": 100}