{"id": "anomalous_000556", "series": [48.68, 45.01, 44.15, 43.39, 51.49, 48.27, 50.45, 52.87, 52.47, 48.19, 49.03, 47.99, 45.31, 44.1, 39.31, 41.15, 42.8, 41.21, 42.27, 43.49, 39.81, 41.71, 41.8, 45.02, 42.02, 45.18, 49.26, 49.47, 48.51, 49.7, 52.52, 46.27, 52.04, 46.26, 48.28, 41.95, 46.65, 43.92, 38.88, 40.32, 42.26, 42.04, 40.33, 38.91, 41.46, 42.36, 42.21, 44.38, 45.34, 48.13, 46.45, 48.9, 51.45, 49.43, 51.18, 54.32, 51.33, 46.92, 47.37, 46.88, 44.98, 45.32, 44.28269759276288, 44.28374964910236, 44.039315416584344, 43.54769070520263, 40.132114875340086, 46.60972722521941, 48.16510367064751, 48.60928375967382, 50.78072386897992, 53.01703326127756, 52.179395054768335, 52.99695609217488, 59.099146852801965, 64.03266557605625, 61.961039870646935, 65.81685665339626, 75.89887109514584, 63.689751014302004, 69.36152647805642, 75.17628040716727, 68.26463263044359, 69.74088444643344, 56.31739163221557, 60.91085835560236, 67.13547506840132, 57.81715507112507, 66.31905172407089, 75.58944951410727, 79.69888288337671, 83.53480480324573, 59.090531802240726, 64.12662748863266, 61.12254380663012, 92.47785663119618, 64.05852055999283, 84.60529162768086, 92.453123706672, 100.57635156874107], "labels": [0, 0, 0, 0, 0, 0, 0, 0, 0, 0, 0, 0, 0, 0, 0, 0, 0, 0, 0, 0, 0, 0, 0, 0, 0, 0, 0, 0, 0, 0, 0, 0, 0, 0, 0, 0, 0, 0, 0, 0, 0, 0, 0, 0, 0, 0, 0, 0, 0, 0, 0, 0, 0, 0, 0, 0, 0, 0, 0, 0, 0, 1, 1, 1, 1, 1, 1, 1, 1, 1, 1, 1, 1, 1, 1, 1, 1, 1, 1, 1, 1, 1, 1, 1, 1, 1, 1, 1, 1, 1, 1, 1, 1, 1, 1, 1, 1, 1, 1, 1], "is_anomalous": true, "anomaly_type": "trend_change", "anomaly_positions": [61, 62, 63, 64, 65, 66, 67, 68, 69, 70, 71, 72, 73, 74, 75, 76, 77, 78, 79, 80, 81, 82, 83, 84, 85, 86, 87, 88, 89, 90, 91, 92, 93, 94, 95, 96, 97, 98, 99], "length": 100}