{"id": "anomalous_000654", "series": [51.44, 52.54, 52.28, 56.4, 55.45, 54.66, 55.22, 55.35, 56.46, 55.85, 53.08, 53.23, 49.9, 49.44, 49.13, 46.12, 45.82, 45.36, 45.04, 46.6, 43.3, 48.44, 49.18, 51.81, 51.6, 54.76, 52.98, 54.69, 55.74, 55.86, 55.66, 55.15, 54.02, 53.55, 54.52, 53.89817410082037, 52.151837309334965, 51.711150890386016, 51.62759907277238, 50.44459613793103, 49.849887715275464, 57.27385387335262, 51.617744384142824, 50.798537498541776, 58.924418381449826, 59.01026503916895, 63.16803064598962, 56.47475579727529, 69.93932411781259, 62.65137297841745, 63.444016086527725, 70.48075796144467, 77.69047593464111, 68.02242141585016, 67.8792049428432, 73.13417447925401, 78.1941077814863, 86.29053765528542, 80.75130323096664, 88.90735879165332, 88.44939730513019, 64.57147770570259, 87.35504013510632, 75.39619331098, 79.86897153752588, 74.52170339851936, 79.32147824144036, 78.25332791147616, 70.57529993834171, 92.3653542059184, 80.97828708152929, 69.25121481824596, 98.00373431573412, 90.19682183011756, 106.75049757858258, 104.62552400134891, 105.83563872743721, 100.55798197340373, 86.66344878680526, 91.65236566039165, 121.24379746464828, 86.54465367172992, 83.7478239479208, 109.45599653029649, 97.16085781191342, 116.53087120173231, 103.51639981152898, 118.27328655027549, 123.9412828372066, 101.08497049627834, 84.69603982865526, 106.66153729346891, 110.44840988220757, 106.55545133615465, 100.90128439242511, 125.64293463743189, 121.70495421612215, 119.0177726147381, 96.61934325500971, 103.74514054562559], "labels": [0, 0, 0, 0, 0, 0, 0, 0, 0, 0, 0, 0, 0, 0, 0, 0, 0, 0, 0, 0, 0, 0, 0, 0, 0, 0, 0, 0, 0, 0, 0, 0, 0, 0, 1, 1, 1, 1, 1, 1, 1, 1, 1, 1, 1, 1, 1, 1, 1, 1, 1, 1, 1, 1, 1, 1, 1, 1, 1, 1, 1, 1, 1, 1, 1, 1, 1, 1, 1, 1, 1, 1, 1, 1, 1, 1, 1, 1, 1, 1, 1, 1, 1, 1, 1, 1, 1, 1, 1, 1, 1, 1, 1, 1, 1, 1, 1, 1, 1, 1], "is_anomalous": true, "anomaly_type": "trend_change", "anomaly_positions": [34, 35, 36, 37, 38, 39, 40, 41, 42, 43, 44, 45, 46, 47, 48, 49, 50, 51, 52, 53, 54, 55, 56, 57, 58, 59, 60, 61, 62, 63, 64, 65, 66, 67, 68, 69, 70, 71, 72, 73, 74, 75, 76, 77, 78, 79, 80, 81, 82, 83, 84, 85, 86, 87, 88, 89, 90, 91, 92, 93, 94, 95, 96, 97, 98, 99], "length": 100}