{"id": "anomalous_000397", "series": [51.31, 50.94, 51.84, 53.29, 54.77, 54.59, 54.26, 52.86, 55.56, 53.71, 52.39, 52.62, 50.16, 49.97, 48.77, 46.69, 47.62, 45.09, 45.05, 46.48, 44.71, 48.35, 48.89, 47.61, 48.99, 51.95, 50.48, 51.2, 51.5, 52.96, 54.82, 54.92, 50.03855449631038, 50.483012746511356, 87.64414019744133, 39.32877238862241, 49.242264793871634, 64.04970555337553, 58.60235788311037, 56.91493033963127, 52.982517063521655, 54.74624922026309, 51.758797085446325, 39.36706614811909, 45.49703462868358, 46.05172545861245, 69.96087013863674, 45.210207851255035, 58.247450500664876, 70.57663418517711, 69.80537509737958, 50.887433079584284, 51.06, 52.24, 53.8, 52.52, 53.02, 50.4, 51.55, 48.77, 49.09, 46.37, 44.9, 44.42, 43.22, 42.44, 44.36, 45.04, 44.9, 46.17, 45.32, 45.3, 50.38, 49.32, 48.82, 50.45, 52.29, 50.93, 50.04, 52.72, 52.72, 51.78, 50.15, 48.85, 46.35, 46.4, 43.16, 43.62, 42.34, 43.65, 40.45, 41.86, 44.24, 43.89, 45.44, 46.84, 47.8, 48.52, 50.41, 50.59], "labels": [0, 0, 0, 0, 0, 0, 0, 0, 0, 0, 0, 0, 0, 0, 0, 0, 0, 0, 0, 0, 0, 0, 0, 0, 0, 0, 0, 0, 0, 0, 0, 0, 1, 1, 1, 1, 1, 1, 1, 1, 1, 1, 1, 1, 1, 1, 1, 1, 1, 1, 1, 1, 0, 0, 0, 0, 0, 0, 0, 0, 0, 0, 0, 0, 0, 0, 0, 0, 0, 0, 0, 0, 0, 0, 0, 0, 0, 0, 0, 0, 0, 0, 0, 0, 0, 0, 0, 0, 0, 0, 0, 0, 0, 0, 0, 0, 0, 0, 0, 0], "is_anomalous": true, "anomaly_type": "variance_change", "anomaly_positions": [32, 33, 34, 35, 36, 37, 38, 39, 40, 41, 42, 43, 44, 45, 46, 47, 48, 49, 50, 51], "length": 100}