{"id": "anomalous_000661", "series": [51.96, 47.75, 51.55, 55.91, 51.05, 54.89, 49.83, 52.18, 53.11, 54.25, 51.46, 50.92, 53.27, 51.42, 45.63, 47.88, 51.7, 50.06, 44.24, 45.22, 46.5, 48.64, 47.88, 44.93, 52.14, 54.38, 50.97, 53.23, 59.34, 59.69, 56.59, 53.52, 56.65, 51.94, 51.23, 52.73, 50.05, 51.74, 49.37, 49.07, 50.71, 39.6, 49.06, 50.57, 43.98, 47.6, 48.91, 52.45, 55.07, 47.56, 51.23, 51.16, 53.4, 55.12, 57.91, 57.76, 55.33, 52.6, 51.97, 51.22, 53.95, 47.02, 7.308106528267523, 12.78810652826752, 8.588106528267524, 7.0381065282675195, 8.738106528267522, 10.74810652826752, 5.188106528267525, 10.638106528267521, 9.118106528267525, 11.658106528267524, 47.98, 55.21, 54.38, 55.61, 60.76, 54.89, 53.05, 55.19, 53.12, 55.73, 53.61, 55.63, 51.54, 49.35, 47.09, 51.91, 49.83, 50.38, 49.78, 48.3, 50.09, 49.25, 48.57, 50.09, 55.05, 52.56, 52.98, 60.07], "labels": [0, 0, 0, 0, 0, 0, 0, 0, 0, 0, 0, 0, 0, 0, 0, 0, 0, 0, 0, 0, 0, 0, 0, 0, 0, 0, 0, 0, 0, 0, 0, 0, 0, 0, 0, 0, 0, 0, 0, 0, 0, 0, 0, 0, 0, 0, 0, 0, 0, 0, 0, 0, 0, 0, 0, 0, 0, 0, 0, 0, 0, 0, 1, 1, 1, 1, 1, 1, 1, 1, 1, 1, 0, 0, 0, 0, 0, 0, 0, 0, 0, 0, 0, 0, 0, 0, 0, 0, 0, 0, 0, 0, 0, 0, 0, 0, 0, 0, 0, 0], "is_anomalous": true, "anomaly_type": "shift", "anomaly_positions": [62, 63, 64, 65, 66, 67, 68, 69, 70, 71], "length": 100}