{"id": "anomalous_000105", "series": [53.43, 52.23, 55.15, 52.99, 54.98, 54.99, 55.25, 53.25, 54.75, 55.69, 54.6, 53.29, 50.79, 48.67, 46.01, 47.32, 48.63, 49.28, 46.2, 46.67, 47.52, 44.25, 47.66, 50.81, 54.82, 52.38, 53.99, 51.52, 56.38, 55.23, 55.66, 55.97, 57.85, 56.08, 73.43299236180503, 53.42678829644146, 26.064321121946552, 36.542349013435626, 18.055508554917473, 56.35153821161019, 27.343206620967308, 36.94963419265267, 42.04333651633924, 25.944205609016727, 58.514420022522586, 42.92715067963066, 44.09065318375377, 52.47122101599934, 44.54170964381657, 46.20471746432342, 68.60338328513006, 60.46173211243718, 67.83384290881204, 56.89941508053832, 57.36, 56.58, 55.65, 55.96, 53.23, 56.09, 54.36, 54.47, 51.48, 51.74, 49.25, 50.29, 44.8, 51.6, 51.07, 52.64, 50.12, 52.38, 50.42, 53.38, 54.99, 55.68, 58.24, 57.9, 58.75, 57.05, 60.77, 59.57, 56.85, 54.5, 53.66, 50.58, 51.28, 52.75, 47.65, 46.58, 50.3, 50.05, 49.22, 49.47, 49.16, 52.87, 51.38, 59.16, 57.72, 58.99], "labels": [0, 0, 0, 0, 0, 0, 0, 0, 0, 0, 0, 0, 0, 0, 0, 0, 0, 0, 0, 0, 0, 0, 0, 0, 0, 0, 0, 0, 0, 0, 0, 0, 0, 0, 1, 1, 1, 1, 1, 1, 1, 1, 1, 1, 1, 1, 1, 1, 1, 1, 1, 1, 1, 1, 0, 0, 0, 0, 0, 0, 0, 0, 0, 0, 0, 0, 0, 0, 0, 0, 0, 0, 0, 0, 0, 0, 0, 0, 0, 0, 0, 0, 0, 0, 0, 0, 0, 0, 0, 0, 0, 0, 0, 0, 0, 0, 0, 0, 0, 0], "is_anomalous": true, "anomaly_type": "variance_change", "anomaly_positions": [34, 35, 36, 37, 38, 39, 40, 41, 42, 43, 44, 45, 46, 47, 48, 49, 50, 51, 52, 53], "length": 100}