{"id": "anomalous_000422", "series": [56.3, 53.19, 53.37, 56.78, 58.21, 61.66, 58.86, 57.77, 60.73, 56.02, 59.87, 55.51, 52.86, 51.91, 51.52, 54.19, 51.32, 50.88, 49.41, 48.03, 49.29, 50.48, 52.17, 55.12, 51.25, 58.48, 57.82, 56.22, 59.17, 64.64, 58.05, 59.31, 59.46, 56.08, 58.26, 52.84, 56.56, 53.34, 56.03, 51.85, 50.87, 55.18, 51.19, 50.17, 49.2, 53.91, 49.36769289565994, 52.81324216241435, 60.40264525664534, 61.44041867359257, 60.632500004711744, 66.15438313822837, 65.45080851614964, 65.91978399500772, 67.99504785187898, 68.29880457538403, 71.37150263314652, 72.10828274500508, 70.65555690321764, 74.34489800313673, 66.38018712452109, 64.31437954504325, 71.61173893923588, 63.39694660078749, 66.27922723718336, 75.24660230884128, 70.19571970035676, 84.61477300431295, 79.64633949613938, 67.80925797013916, 71.70765582367817, 73.24583707613401, 91.40668206601693, 70.21391694926464, 92.77034974274306, 82.8933978390149, 78.05115960589457, 89.49813700228404, 84.3940899202303, 80.86098309428468, 117.46094359364685, 101.987145008754, 91.84677599188893, 106.10532210570389, 105.65701170061071, 107.92304197553291, 105.8443920213004, 117.7699431308689, 93.28819137881159, 84.61983707984464, 96.43199003188701, 83.06126870754417, 94.2949966279111, 93.34363791222452, 111.6243077802304, 129.36773941991012, 122.33025139132235, 89.90709390571153, 112.50564706841746, 100.99065217839451], "labels": [0, 0, 0, 0, 0, 0, 0, 0, 0, 0, 0, 0, 0, 0, 0, 0, 0, 0, 0, 0, 0, 0, 0, 0, 0, 0, 0, 0, 0, 0, 0, 0, 0, 0, 0, 0, 0, 0, 0, 0, 0, 0, 0, 0, 0, 1, 1, 1, 1, 1, 1, 1, 1, 1, 1, 1, 1, 1, 1, 1, 1, 1, 1, 1, 1, 1, 1, 1, 1, 1, 1, 1, 1, 1, 1, 1, 1, 1, 1, 1, 1, 1, 1, 1, 1, 1, 1, 1, 1, 1, 1, 1, 1, 1, 1, 1, 1, 1, 1, 1], "is_anomalous": true, "anomaly_type": "trend_change", "anomaly_positions": [45, 46, 47, 48, 49, 50, 51, 52, 53, 54, 55, 56, 57, 58, 59, 60, 61, 62, 63, 64, 65, 66, 67, 68, 69, 70, 71, 72, 73, 74, 75, 76, 77, 78, 79, 80, 81, 82, 83, 84, 85, 86, 87, 88, 89, 90, 91, 92, 93, 94, 95, 96, 97, 98, 99], "length": 100}