{"id": "anomalous_000464", "series": [49.23, 51.85, 54.24, 52.79, 53.0, 53.25, 55.19, 53.54, 53.94, 54.69, 52.18, 50.76, 48.67, 49.09, 46.33, 44.06, 46.98, 44.53, 44.11, 43.69, 45.66, 46.79, 46.14, 48.67, 49.36, 51.32, 52.39, 51.99, 53.29, 54.23, 56.12, 54.43, 53.0, 53.1, 52.26, 50.74, 46.52, 49.97, 47.61, 45.96, 44.5, 42.74, 44.16, 44.87, 44.9, 45.2, 46.62, 46.1, 48.69, 49.82, 50.18, 52.34, 53.42, 53.71, 53.56, 53.09, 51.49, 51.99, 51.65, 50.69, 48.37, 48.19, 46.99, 43.43, 45.6, 44.57, 44.02, 44.16, 44.61, 43.2, 16.2480447118705, 75.90678172541861, 64.95187850899305, 22.682261359990765, 60.360170133309275, 43.34640557625862, 70.81659214860248, 37.13291735528564, 51.429610114510616, 59.61461284533967, 69.95660383380404, 38.584247683086176, 39.73605792101738, 29.570524811382576, 52.165867304465344, 73.62461070402246, 57.2189127943534, 47.78099348912736, 31.112289384185047, 56.572330467335384, 42.61, 43.62, 43.74, 44.65, 45.95, 44.79, 47.19, 49.02, 51.41, 50.34], "labels": [0, 0, 0, 0, 0, 0, 0, 0, 0, 0, 0, 0, 0, 0, 0, 0, 0, 0, 0, 0, 0, 0, 0, 0, 0, 0, 0, 0, 0, 0, 0, 0, 0, 0, 0, 0, 0, 0, 0, 0, 0, 0, 0, 0, 0, 0, 0, 0, 0, 0, 0, 0, 0, 0, 0, 0, 0, 0, 0, 0, 0, 0, 0, 0, 0, 0, 0, 0, 0, 0, 1, 1, 1, 1, 1, 1, 1, 1, 1, 1, 1, 1, 1, 1, 1, 1, 1, 1, 1, 1, 0, 0, 0, 0, 0, 0, 0, 0, 0, 0], "is_anomalous": true, "anomaly_type": "variance_change", "anomaly_positions": [70, 71, 72, 73, 74, 75, 76, 77, 78, 79, 80, 81, 82, 83, 84, 85, 86, 87, 88, 89], "length": 100}