{"id": "anomalous_000295", "series": [48.89, 43.81, 51.88, 48.18, 51.58, 49.36, 50.66, 50.7, 46.53, 51.42, 42.13, 47.35, 45.51, 47.05, 42.44, 42.19, 44.77, 39.24, 41.41, 41.71, 40.55, 40.78, 44.68, 45.73, 47.68, 51.23, 49.44, 51.89, 47.16, 55.11, 53.98, 50.18, 56.79, 46.89, 52.82, 52.49, 47.824960577858185, 45.94223445880711, 45.93634855026862, 50.557486584210366, 49.99333610411245, 49.064816440769214, 49.51247354339333, 48.54233169411532, 54.75940601897332, 54.856253039392506, 56.053135308456824, 54.44638027395746, 53.858843890896274, 59.308332193147805, 58.95560392585114, 64.43645818927023, 65.59813411085148, 62.84012356320668, 73.27110073930221, 64.13873393298587, 74.81010593505128, 84.46520379906814, 82.56920661153548, 73.09115149306393, 75.96842329283425, 72.26622038710667, 58.02376446535663, 76.01700024035316, 80.31544044542193, 73.27060113980313, 75.66733104294869, 67.38186354079474, 73.39482960699414, 92.65641688178184, 82.2573104397654, 76.61262038473134, 87.30869959341798, 108.18221603395514, 76.56312938771903, 101.88705575188534, 77.69638880773387, 75.87734395709698, 98.92151265027177, 88.92212573727085, 109.2991972758601, 115.63151581274326, 105.10134038881078, 103.32911663232585, 100.73688995784539, 119.02787687503954, 116.84479417125148, 83.54320395379924, 125.90127735057118, 124.65110697527176, 76.69506676227593, 97.55250951876678, 89.6718462190486, 125.95188553647777, 122.14823437321817, 92.79508394839849, 132.32035281377676, 85.83170579957121, 89.12764890016732, 139.95273590570537], "labels": [0, 0, 0, 0, 0, 0, 0, 0, 0, 0, 0, 0, 0, 0, 0, 0, 0, 0, 0, 0, 0, 0, 0, 0, 0, 0, 0, 0, 0, 0, 0, 0, 0, 0, 0, 1, 1, 1, 1, 1, 1, 1, 1, 1, 1, 1, 1, 1, 1, 1, 1, 1, 1, 1, 1, 1, 1, 1, 1, 1, 1, 1, 1, 1, 1, 1, 1, 1, 1, 1, 1, 1, 1, 1, 1, 1, 1, 1, 1, 1, 1, 1, 1, 1, 1, 1, 1, 1, 1, 1, 1, 1, 1, 1, 1, 1, 1, 1, 1, 1], "is_anomalous": true, "anomaly_type": "trend_change", "anomaly_positions": [35, 36, 37, 38, 39, 40, 41, 42, 43, 44, 45, 46, 47, 48, 49, 50, 51, 52, 53, 54, 55, 56, 57, 58, 59, 60, 61, 62, 63, 64, 65, 66, 67, 68, 69, 70, 71, 72, 73, 74, 75, 76, 77, 78, 79, 80, 81, 82, 83, 84, 85, 86, 87, 88, 89, 90, 91, 92, 93, 94, 95, 96, 97, 98, 99], "length": 100}