{"id": "anomalous_000748", "series": [54.39, 52.41, 54.39, 55.39, 55.24, 57.99, 55.35, 55.52, 55.84, 54.63, 54.49, 50.84, 51.37, 48.05, 45.81, 46.57, 45.57, 48.69, 46.47, 43.31, 47.87, 48.45, 47.65, 48.82, 49.14, 54.25, 53.79, 55.06, 57.13, 56.31, 55.13, 55.73, 56.29, 54.65, 52.04, 49.7, 49.18, 49.47, 46.95, 42.15, 48.32, 44.83, 41.42, 44.29, 46.65, 43.19, 44.8, 50.39, 51.55, 51.75, 51.72, 50.56, 52.61, 54.18, 55.13, 68.94740602340838, 84.38726123199122, 41.42550618635187, 71.06990300169478, 40.15955262636533, 50.0257478094565, 47.942375752627854, 21.657729177824493, 41.7265996383079, 18.88635864812073, 55.34441112115137, 35.267477101971316, 27.250881108223773, 46.651185147755875, 47.366189369351, 39.86243159304677, 45.65840767232029, 44.96684141810588, 57.350360534062105, 68.72035967476332, 51.63, 50.79, 53.19, 54.87, 53.53, 54.43, 48.61, 51.99, 52.1, 47.16, 48.54, 43.76, 41.98, 44.29, 42.57, 43.5, 41.12, 42.27, 46.97, 45.01, 47.5, 46.19, 45.81, 52.38, 49.0], "labels": [0, 0, 0, 0, 0, 0, 0, 0, 0, 0, 0, 0, 0, 0, 0, 0, 0, 0, 0, 0, 0, 0, 0, 0, 0, 0, 0, 0, 0, 0, 0, 0, 0, 0, 0, 0, 0, 0, 0, 0, 0, 0, 0, 0, 0, 0, 0, 0, 0, 0, 0, 0, 0, 0, 0, 1, 1, 1, 1, 1, 1, 1, 1, 1, 1, 1, 1, 1, 1, 1, 1, 1, 1, 1, 1, 0, 0, 0, 0, 0, 0, 0, 0, 0, 0, 0, 0, 0, 0, 0, 0, 0, 0, 0, 0, 0, 0, 0, 0, 0], "is_anomalous": true, "anomaly_type": "variance_change", "anomaly_positions": [55, 56, 57, 58, 59, 60, 61, 62, 63, 64, 65, 66, 67, 68, 69, 70, 71, 72, 73, 74], "length": 100}