{"id": "anomalous_000691", "series": [51.01, 51.73, 53.74, 53.95, 54.62, 56.49, 57.06, 54.98, 54.79, 54.07, 51.43, 50.54, 49.49, 50.68, 49.63, 47.54, 44.1, 44.85, 47.48, 45.14, 46.55, 47.12, 46.82, 49.56, 49.5, 52.9, 51.88, 53.91, 53.02, 57.18, 54.6, 53.58, 55.22, 54.75, 53.5, 51.3, 49.61, 49.4, 47.66, 47.87, 47.74, 45.93, 46.23, 45.68, 47.63, 46.84, 47.84, 49.96, 50.93, 52.76, 53.21, 55.77, 56.99, 55.66, 57.09, 56.38, 55.33, 55.54, 53.85, 51.99, 50.26, 48.59, 50.11, 47.25, 45.84, 46.37, 47.85, 47.27, 49.24048562436831, 52.14696761810815, 45.29354452369393, 44.518382456913194, 64.33618456333528, 43.18089765587529, 54.21559166105101, 58.22012279008826, 50.316509632415986, 56.51378980295398, 73.08134787358425, 44.32195619561412, 31.928005889849654, 47.041221604910945, 42.2259413356328, 62.72226805382735, 55.76181304059598, 37.20075590206278, 38.918471227328965, 33.963152433785574, 48.48, 47.2, 47.28, 47.07, 47.75, 50.23, 49.22, 51.76, 52.11, 52.59, 53.8, 54.04], "labels": [0, 0, 0, 0, 0, 0, 0, 0, 0, 0, 0, 0, 0, 0, 0, 0, 0, 0, 0, 0, 0, 0, 0, 0, 0, 0, 0, 0, 0, 0, 0, 0, 0, 0, 0, 0, 0, 0, 0, 0, 0, 0, 0, 0, 0, 0, 0, 0, 0, 0, 0, 0, 0, 0, 0, 0, 0, 0, 0, 0, 0, 0, 0, 0, 0, 0, 0, 0, 1, 1, 1, 1, 1, 1, 1, 1, 1, 1, 1, 1, 1, 1, 1, 1, 1, 1, 1, 1, 0, 0, 0, 0, 0, 0, 0, 0, 0, 0, 0, 0], "is_anomalous": true, "anomaly_type": "variance_change", "anomaly_positions": [68, 69, 70, 71, 72, 73, 74, 75, 76, 77, 78, 79, 80, 81, 82, 83, 84, 85, 86, 87], "length": 100}